System,Run,Experiment_Name,Method,Score_Type,B_add,gamma,tau_dom,Time_sec,Iter_1_Energy,Iter_1_Error,Iter_2_Energy,Iter_2_Error,Iter_3_Energy,Iter_3_Error,Iter_4_Energy,Iter_4_Error,Iter_5_Energy,Iter_5_Error,Iter_6_Energy,Iter_6_Error,Iter_7_Energy,Iter_7_Error,Iter_8_Energy,Iter_8_Error,Iter_9_Energy,Iter_9_Error,Iter_10_Energy,Iter_10_Error,Iter_11_Energy,Iter_11_Error,Iter_12_Energy,Iter_12_Error,Iter_13_Energy,Iter_13_Error,Iter_14_Energy,Iter_14_Error,Iter_15_Energy,Iter_15_Error,Iter_16_Energy,Iter_16_Error,Iter_17_Energy,Iter_17_Error,Iter_18_Energy,Iter_18_Error,Iter_19_Energy,Iter_19_Error,Iter_20_Energy,Iter_20_Error
pb3,run01.json,B_add_1200,AS-SQD,ABC,1200,1.0,0.001,3.2540879249572754,-6279.005675441241,0.8733092047077662,-6279.878113170466,0.0008714754821994575,-6279.878984144676,5.012725523556583e-07,-6279.878984144676,5.012725523556583e-07,-6279.878984144676,5.012725523556583e-07,-6279.878984144676,5.012725523556583e-07,-6279.878984144676,5.012725523556583e-07,-6279.878984144676,5.012725523556583e-07,-6279.878984144676,5.012725523556583e-07,-6279.878984144676,5.012725523556583e-07,-6279.878984144676,5.012725523556583e-07,-6279.878984144676,5.012725523556583e-07,-6279.878984144676,5.012725523556583e-07,-6279.878984144676,5.012725523556583e-07,-6279.878984144676,5.012725523556583e-07,-6279.878984144676,5.012725523556583e-07,-6279.878984144676,5.012725523556583e-07,-6279.878984144676,5.012725523556583e-07,-6279.878984144676,5.012725523556583e-07,-6279.878984144676,5.012725523556583e-07
pb3,run01.json,B_add_200,AS-SQD,ABC,200,1.0,0.001,2.981516122817993,-6279.005675441241,0.8733092047077662,-6279.87473317757,0.004251468378242862,-6279.878430549115,0.0005540968331843033,-6279.878945982484,3.8663464692945126e-05,-6279.878953855467,3.0790481105213985e-05,-6279.878971841153,1.2804795915144496e-05,-6279.878983919041,7.269072739291005e-07,-6279.878983919041,7.269072739291005e-07,-6279.878983919041,7.269072739291005e-07,-6279.878983919041,7.269072739291005e-07,-6279.878983919041,7.269072739291005e-07,-6279.878983919041,7.269072739291005e-07,-6279.878983919041,7.269072739291005e-07,-6279.878983919041,7.269072739291005e-07,-6279.878983919041,7.269072739291005e-07,-6279.878983919041,7.269072739291005e-07,-6279.878983919041,7.269072739291005e-07,-6279.878983919041,7.269072739291005e-07,-6279.878983919041,7.269072739291005e-07,-6279.878983919041,7.269072739291005e-07
pb3,run01.json,Proposed_Baseline(ABC),AS-SQD,ABC,600,1.0,0.001,3.120727062225342,-6279.005675441241,0.8733092047077662,-6279.875527228574,0.003457417374193028,-6279.878960441637,2.42043115576962e-05,-6279.878984120884,5.250649337540381e-07,-6279.878984120884,5.250649337540381e-07,-6279.878984120884,5.250649337540381e-07,-6279.878984120884,5.250649337540381e-07,-6279.878984120884,5.250649337540381e-07,-6279.878984120884,5.250649337540381e-07,-6279.878984120884,5.250649337540381e-07,-6279.878984120884,5.250649337540381e-07,-6279.878984120884,5.250649337540381e-07,-6279.878984120884,5.250649337540381e-07,-6279.878984120884,5.250649337540381e-07,-6279.878984120884,5.250649337540381e-07,-6279.878984120884,5.250649337540381e-07,-6279.878984120884,5.250649337540381e-07,-6279.878984120884,5.250649337540381e-07,-6279.878984120884,5.250649337540381e-07,-6279.878984120884,5.250649337540381e-07
pb3,run01.json,Score_A,AS-SQD,A,600,1.0,0.001,3.1505870819091797,-6279.005675441241,0.8733092047077662,-6279.876194776947,0.0027898690013898886,-6279.8789615169,2.312904871359933e-05,-6279.878984120884,5.250649337540381e-07,-6279.878984120884,5.250649337540381e-07,-6279.878984120884,5.250649337540381e-07,-6279.878984120884,5.250649337540381e-07,-6279.878984120884,5.250649337540381e-07,-6279.878984120884,5.250649337540381e-07,-6279.878984120884,5.250649337540381e-07,-6279.878984120884,5.250649337540381e-07,-6279.878984120884,5.250649337540381e-07,-6279.878984120884,5.250649337540381e-07,-6279.878984120884,5.250649337540381e-07,-6279.878984120884,5.250649337540381e-07,-6279.878984120884,5.250649337540381e-07,-6279.878984120884,5.250649337540381e-07,-6279.878984120884,5.250649337540381e-07,-6279.878984120884,5.250649337540381e-07,-6279.878984120884,5.250649337540381e-07
pb3,run01.json,Score_AB,AS-SQD,AB,600,1.0,0.001,3.203658103942871,-6279.005675441241,0.8733092047077662,-6279.875864693506,0.003119952442830254,-6279.878961517255,2.312869310117094e-05,-6279.878984121235,5.247138687991537e-07,-6279.878984121235,5.247138687991537e-07,-6279.878984121235,5.247138687991537e-07,-6279.878984121235,5.247138687991537e-07,-6279.878984121235,5.247138687991537e-07,-6279.878984121235,5.247138687991537e-07,-6279.878984121235,5.247138687991537e-07,-6279.878984121235,5.247138687991537e-07,-6279.878984121235,5.247138687991537e-07,-6279.878984121235,5.247138687991537e-07,-6279.878984121235,5.247138687991537e-07,-6279.878984121235,5.247138687991537e-07,-6279.878984121235,5.247138687991537e-07,-6279.878984121235,5.247138687991537e-07,-6279.878984121235,5.247138687991537e-07,-6279.878984121235,5.247138687991537e-07,-6279.878984121235,5.247138687991537e-07
pb3,run01.json,Score_AC,AS-SQD,AC,600,1.0,0.001,3.1838018894195557,-6279.005675441241,0.8733092047077662,-6279.876194739511,0.0027899064371013083,-6279.878961421593,2.322435557289282e-05,-6279.878983997124,6.488244252977893e-07,-6279.878983997124,6.488244252977893e-07,-6279.878983997124,6.488244252977893e-07,-6279.878983997124,6.488244252977893e-07,-6279.878983997124,6.488244252977893e-07,-6279.878983997124,6.488244252977893e-07,-6279.878983997124,6.488244252977893e-07,-6279.878983997124,6.488244252977893e-07,-6279.878983997124,6.488244252977893e-07,-6279.878983997124,6.488244252977893e-07,-6279.878983997124,6.488244252977893e-07,-6279.878983997124,6.488244252977893e-07,-6279.878983997124,6.488244252977893e-07,-6279.878983997124,6.488244252977893e-07,-6279.878983997124,6.488244252977893e-07,-6279.878983997124,6.488244252977893e-07,-6279.878983997124,6.488244252977893e-07
pb3,run01.json,Score_B,AS-SQD,B,600,1.0,0.001,3.1092939376831055,-6279.005675441241,0.8733092047077662,-6279.874007999024,0.004976646924660599,-6279.878944991292,3.965465657529421e-05,-6279.8789841251355,5.208130460232496e-07,-6279.8789841251355,5.208130460232496e-07,-6279.8789841251355,5.208130460232496e-07,-6279.8789841251355,5.208130460232496e-07,-6279.8789841251355,5.208130460232496e-07,-6279.8789841251355,5.208130460232496e-07,-6279.8789841251355,5.208130460232496e-07,-6279.8789841251355,5.208130460232496e-07,-6279.8789841251355,5.208130460232496e-07,-6279.8789841251355,5.208130460232496e-07,-6279.8789841251355,5.208130460232496e-07,-6279.8789841251355,5.208130460232496e-07,-6279.8789841251355,5.208130460232496e-07,-6279.8789841251355,5.208130460232496e-07,-6279.8789841251355,5.208130460232496e-07,-6279.8789841251355,5.208130460232496e-07,-6279.8789841251355,5.208130460232496e-07
pb3,run01.json,Score_BC,AS-SQD,BC,600,1.0,0.001,3.0729401111602783,-6279.005675441241,0.8733092047077662,-6279.874022848974,0.004961796974384924,-6279.878944987394,3.965855466958601e-05,-6279.8789841221715,5.237770892563276e-07,-6279.8789841221715,5.237770892563276e-07,-6279.8789841221715,5.237770892563276e-07,-6279.8789841221715,5.237770892563276e-07,-6279.8789841221715,5.237770892563276e-07,-6279.8789841221715,5.237770892563276e-07,-6279.8789841221715,5.237770892563276e-07,-6279.8789841221715,5.237770892563276e-07,-6279.8789841221715,5.237770892563276e-07,-6279.8789841221715,5.237770892563276e-07,-6279.8789841221715,5.237770892563276e-07,-6279.8789841221715,5.237770892563276e-07,-6279.8789841221715,5.237770892563276e-07,-6279.8789841221715,5.237770892563276e-07,-6279.8789841221715,5.237770892563276e-07,-6279.8789841221715,5.237770892563276e-07,-6279.8789841221715,5.237770892563276e-07
pb3,run01.json,Score_C,AS-SQD,C,600,1.0,0.001,3.0677201747894287,-6279.005675441241,0.8733092047077662,-6279.878958644141,2.600180778244976e-05,-6279.878979616401,5.029547537560575e-06,-6279.8789838867415,7.592070687678643e-07,-6279.8789838867415,7.592070687678643e-07,-6279.8789838867415,7.592070687678643e-07,-6279.8789838867415,7.592070687678643e-07,-6279.8789838867415,7.592070687678643e-07,-6279.8789838867415,7.592070687678643e-07,-6279.8789838867415,7.592070687678643e-07,-6279.8789838867415,7.592070687678643e-07,-6279.8789838867415,7.592070687678643e-07,-6279.8789838867415,7.592070687678643e-07,-6279.8789838867415,7.592070687678643e-07,-6279.8789838867415,7.592070687678643e-07,-6279.8789838867415,7.592070687678643e-07,-6279.8789838867415,7.592070687678643e-07,-6279.8789838867415,7.592070687678643e-07,-6279.8789838867415,7.592070687678643e-07,-6279.8789838867415,7.592070687678643e-07
pb3,run01.json,Standard_SQD,Standard_SQD,N/A,N/A,N/A,N/A,3.5196008682250977,-6279.877069720036,0.0019149259123878437,-6279.878679835942,0.0003048100061278092,-6279.878837471882,0.00014717406611453043,-6279.878873383992,0.00011126195659016958,-6279.8789165336875,6.811226103309309e-05,-6279.878931510926,5.313502242643153e-05,-6279.878947218928,3.742702028830536e-05,-6279.878951629805,3.301614378869999e-05,-6279.878951629805,3.301614378869999e-05,-6279.878951629805,3.301614378869999e-05,-6279.878951629805,3.301614378869999e-05,-6279.878951629805,3.301614378869999e-05,-6279.878951629805,3.301614378869999e-05,-6279.878951629805,3.301614378869999e-05,-6279.878951629805,3.301614378869999e-05,-6279.878951629805,3.301614378869999e-05,-6279.878951629805,3.301614378869999e-05,-6279.878951629805,3.301614378869999e-05,-6279.878951629805,3.301614378869999e-05,-6279.878951629805,3.301614378869999e-05
pb3,run01.json,gamma_0.1,AS-SQD,ABC,600,0.1,0.001,3.1043879985809326,-6279.005675441241,0.8733092047077662,-6279.876194739511,0.0027899064371013083,-6279.878961421593,2.322435557289282e-05,-6279.878983997124,6.488244252977893e-07,-6279.878983997124,6.488244252977893e-07,-6279.878983997124,6.488244252977893e-07,-6279.878983997124,6.488244252977893e-07,-6279.878983997124,6.488244252977893e-07,-6279.878983997124,6.488244252977893e-07,-6279.878983997124,6.488244252977893e-07,-6279.878983997124,6.488244252977893e-07,-6279.878983997124,6.488244252977893e-07,-6279.878983997124,6.488244252977893e-07,-6279.878983997124,6.488244252977893e-07,-6279.878983997124,6.488244252977893e-07,-6279.878983997124,6.488244252977893e-07,-6279.878983997124,6.488244252977893e-07,-6279.878983997124,6.488244252977893e-07,-6279.878983997124,6.488244252977893e-07,-6279.878983997124,6.488244252977893e-07
pb3,run01.json,gamma_5.0,AS-SQD,ABC,600,5.0,0.001,3.116783857345581,-6279.005675441241,0.8733092047077662,-6279.874759170994,0.004225474954182573,-6279.878960767858,2.387809036008548e-05,-6279.878984121021,5.249276000540704e-07,-6279.878984121021,5.249276000540704e-07,-6279.878984121021,5.249276000540704e-07,-6279.878984121021,5.249276000540704e-07,-6279.878984121021,5.249276000540704e-07,-6279.878984121021,5.249276000540704e-07,-6279.878984121021,5.249276000540704e-07,-6279.878984121021,5.249276000540704e-07,-6279.878984121021,5.249276000540704e-07,-6279.878984121021,5.249276000540704e-07,-6279.878984121021,5.249276000540704e-07,-6279.878984121021,5.249276000540704e-07,-6279.878984121021,5.249276000540704e-07,-6279.878984121021,5.249276000540704e-07,-6279.878984121021,5.249276000540704e-07,-6279.878984121021,5.249276000540704e-07,-6279.878984121021,5.249276000540704e-07
pb3,run01.json,tau_dom_0.0001,AS-SQD,ABC,600,1.0,0.0001,4.907493829727173,-6279.005675441241,0.8733092047077662,-6279.875501205999,0.003483439949377498,-6279.878961162785,2.3483163204218727e-05,-6279.878982619841,2.0261077224859037e-06,-6279.878984142484,5.03464434586931e-07,-6279.878984244599,4.0134909795597196e-07,-6279.878984276197,3.697514330269769e-07,-6279.878984466277,1.7967158782994375e-07,-6279.878984486444,1.5950445231283084e-07,-6279.87898452875,1.171983967651613e-07,-6279.878984537501,1.0844723874470219e-07,-6279.8789846463915,4.4292391976341605e-10,-6279.8789846463915,4.4292391976341605e-10,-6279.8789846463915,4.4292391976341605e-10,-6279.8789846463915,4.4292391976341605e-10,-6279.8789846463915,4.4292391976341605e-10,-6279.8789846463915,4.4292391976341605e-10,-6279.8789846463915,4.4292391976341605e-10,-6279.8789846463915,4.4292391976341605e-10,-6279.8789846463915,4.4292391976341605e-10
pb3,run01.json,tau_dom_0.01,AS-SQD,ABC,600,1.0,0.01,3.127138137817383,-6279.005675441241,0.8733092047077662,-6279.8761949851905,0.0027896607580260024,-6279.878961524141,2.3121807316783816e-05,-6279.878984128403,5.175452315597795e-07,-6279.878984128403,5.175452315597795e-07,-6279.878984128403,5.175452315597795e-07,-6279.878984128403,5.175452315597795e-07,-6279.878984128403,5.175452315597795e-07,-6279.878984128403,5.175452315597795e-07,-6279.878984128403,5.175452315597795e-07,-6279.878984128403,5.175452315597795e-07,-6279.878984128403,5.175452315597795e-07,-6279.878984128403,5.175452315597795e-07,-6279.878984128403,5.175452315597795e-07,-6279.878984128403,5.175452315597795e-07,-6279.878984128403,5.175452315597795e-07,-6279.878984128403,5.175452315597795e-07,-6279.878984128403,5.175452315597795e-07,-6279.878984128403,5.175452315597795e-07,-6279.878984128403,5.175452315597795e-07
pb3,run02.json,B_add_1200,AS-SQD,ABC,1200,1.0,0.001,3.064879894256592,-6279.261813393194,0.6171712527548152,-6279.875885702337,0.0030989436118034064,-6279.878983987764,6.581849447684363e-07,-6279.878983987764,6.581849447684363e-07,-6279.878983987764,6.581849447684363e-07,-6279.878983987764,6.581849447684363e-07,-6279.878983987764,6.581849447684363e-07,-6279.878983987764,6.581849447684363e-07,-6279.878983987764,6.581849447684363e-07,-6279.878983987764,6.581849447684363e-07,-6279.878983987764,6.581849447684363e-07,-6279.878983987764,6.581849447684363e-07,-6279.878983987764,6.581849447684363e-07,-6279.878983987764,6.581849447684363e-07,-6279.878983987764,6.581849447684363e-07,-6279.878983987764,6.581849447684363e-07,-6279.878983987764,6.581849447684363e-07,-6279.878983987764,6.581849447684363e-07,-6279.878983987764,6.581849447684363e-07,-6279.878983987764,6.581849447684363e-07
pb3,run02.json,B_add_200,AS-SQD,ABC,200,1.0,0.001,2.7692055702209473,-6279.261813393194,0.6171712527548152,-6279.874137101701,0.004847544247240876,-6279.878340409073,0.0006442368758143857,-6279.8788919596755,9.268627309211297e-05,-6279.878957052295,2.7593653612711933e-05,-6279.878973594085,1.1051863111788407e-05,-6279.878983791486,8.544629963580519e-07,-6279.878983791486,8.544629963580519e-07,-6279.878983791486,8.544629963580519e-07,-6279.878983791486,8.544629963580519e-07,-6279.878983791486,8.544629963580519e-07,-6279.878983791486,8.544629963580519e-07,-6279.878983791486,8.544629963580519e-07,-6279.878983791486,8.544629963580519e-07,-6279.878983791486,8.544629963580519e-07,-6279.878983791486,8.544629963580519e-07,-6279.878983791486,8.544629963580519e-07,-6279.878983791486,8.544629963580519e-07,-6279.878983791486,8.544629963580519e-07,-6279.878983791486,8.544629963580519e-07
pb3,run02.json,Proposed_Baseline(ABC),AS-SQD,ABC,600,1.0,0.001,2.7938029766082764,-6279.261813393194,0.6171712527548152,-6279.875144699325,0.003839946623884316,-6279.878961189099,2.3456849703507032e-05,-6279.878983799393,8.465558494208381e-07,-6279.878983799393,8.465558494208381e-07,-6279.878983799393,8.465558494208381e-07,-6279.878983799393,8.465558494208381e-07,-6279.878983799393,8.465558494208381e-07,-6279.878983799393,8.465558494208381e-07,-6279.878983799393,8.465558494208381e-07,-6279.878983799393,8.465558494208381e-07,-6279.878983799393,8.465558494208381e-07,-6279.878983799393,8.465558494208381e-07,-6279.878983799393,8.465558494208381e-07,-6279.878983799393,8.465558494208381e-07,-6279.878983799393,8.465558494208381e-07,-6279.878983799393,8.465558494208381e-07,-6279.878983799393,8.465558494208381e-07,-6279.878983799393,8.465558494208381e-07,-6279.878983799393,8.465558494208381e-07
pb3,run02.json,Score_A,AS-SQD,A,600,1.0,0.001,2.8380229473114014,-6279.261813393194,0.6171712527548152,-6279.874658732459,0.004325913489992672,-6279.8789612659375,2.3380011043627746e-05,-6279.878983876449,7.694998203078285e-07,-6279.878983876449,7.694998203078285e-07,-6279.878983876449,7.694998203078285e-07,-6279.878983876449,7.694998203078285e-07,-6279.878983876449,7.694998203078285e-07,-6279.878983876449,7.694998203078285e-07,-6279.878983876449,7.694998203078285e-07,-6279.878983876449,7.694998203078285e-07,-6279.878983876449,7.694998203078285e-07,-6279.878983876449,7.694998203078285e-07,-6279.878983876449,7.694998203078285e-07,-6279.878983876449,7.694998203078285e-07,-6279.878983876449,7.694998203078285e-07,-6279.878983876449,7.694998203078285e-07,-6279.878983876449,7.694998203078285e-07,-6279.878983876449,7.694998203078285e-07,-6279.878983876449,7.694998203078285e-07
pb3,run02.json,Score_AB,AS-SQD,AB,600,1.0,0.001,2.801571846008301,-6279.261813393194,0.6171712527548152,-6279.874658718427,0.004325927521676931,-6279.878961189099,2.3456849703507032e-05,-6279.878983799393,8.465558494208381e-07,-6279.878983799393,8.465558494208381e-07,-6279.878983799393,8.465558494208381e-07,-6279.878983799393,8.465558494208381e-07,-6279.878983799393,8.465558494208381e-07,-6279.878983799393,8.465558494208381e-07,-6279.878983799393,8.465558494208381e-07,-6279.878983799393,8.465558494208381e-07,-6279.878983799393,8.465558494208381e-07,-6279.878983799393,8.465558494208381e-07,-6279.878983799393,8.465558494208381e-07,-6279.878983799393,8.465558494208381e-07,-6279.878983799393,8.465558494208381e-07,-6279.878983799393,8.465558494208381e-07,-6279.878983799393,8.465558494208381e-07,-6279.878983799393,8.465558494208381e-07,-6279.878983799393,8.465558494208381e-07
pb3,run02.json,Score_AC,AS-SQD,AC,600,1.0,0.001,2.8284878730773926,-6279.261813393194,0.6171712527548152,-6279.875144699325,0.003839946623884316,-6279.878961189099,2.3456849703507032e-05,-6279.878983799393,8.465558494208381e-07,-6279.878983799393,8.465558494208381e-07,-6279.878983799393,8.465558494208381e-07,-6279.878983799393,8.465558494208381e-07,-6279.878983799393,8.465558494208381e-07,-6279.878983799393,8.465558494208381e-07,-6279.878983799393,8.465558494208381e-07,-6279.878983799393,8.465558494208381e-07,-6279.878983799393,8.465558494208381e-07,-6279.878983799393,8.465558494208381e-07,-6279.878983799393,8.465558494208381e-07,-6279.878983799393,8.465558494208381e-07,-6279.878983799393,8.465558494208381e-07,-6279.878983799393,8.465558494208381e-07,-6279.878983799393,8.465558494208381e-07,-6279.878983799393,8.465558494208381e-07,-6279.878983799393,8.465558494208381e-07
pb3,run02.json,Score_B,AS-SQD,B,600,1.0,0.001,6.808700084686279,-6279.261813393194,0.6171712527548152,-6279.304510639335,0.5744740066138547,-6279.305162168678,0.5738224772703688,-6279.332687130983,0.5462975149657723,-6279.395942127507,0.48304251844183455,-6279.396573484429,0.482411161519849,-6279.422753388704,0.4562312572443261,-6279.878446549267,0.0005380966813390842,-6279.878975619299,9.026649422594346e-06,-6279.878984480941,1.6500780475325882e-07,-6279.878984480941,1.6500780475325882e-07,-6279.878984480941,1.6500780475325882e-07,-6279.878984480941,1.6500780475325882e-07,-6279.878984480941,1.6500780475325882e-07,-6279.878984480941,1.6500780475325882e-07,-6279.878984480941,1.6500780475325882e-07,-6279.878984480941,1.6500780475325882e-07,-6279.878984480941,1.6500780475325882e-07,-6279.878984480941,1.6500780475325882e-07,-6279.878984480941,1.6500780475325882e-07
pb3,run02.json,Score_BC,AS-SQD,BC,600,1.0,0.001,7.771171808242798,-6279.261813393194,0.6171712527548152,-6279.3053502153225,0.5736344306260435,-6279.306632614422,0.5723520315268615,-6279.348136447628,0.5308481983202,-6279.3913076893505,0.4876769565980794,-6279.421353023233,0.4576316227157804,-6279.422014115482,0.45697053046660585,-6279.422753388704,0.4562312572443261,-6279.878976125985,8.519963557773735e-06,-6279.878976125985,8.519963557773735e-06,-6279.878984486451,1.5949717635521665e-07,-6279.878984486451,1.5949717635521665e-07,-6279.878984486451,1.5949717635521665e-07,-6279.878984486451,1.5949717635521665e-07,-6279.878984486451,1.5949717635521665e-07,-6279.878984486451,1.5949717635521665e-07,-6279.878984486451,1.5949717635521665e-07,-6279.878984486451,1.5949717635521665e-07,-6279.878984486451,1.5949717635521665e-07,-6279.878984486451,1.5949717635521665e-07
pb3,run02.json,Score_C,AS-SQD,C,600,1.0,0.001,2.7624268531799316,-6279.261813393194,0.6171712527548152,-6279.877433113409,0.0015515325394517276,-6279.878977561422,7.084526259859558e-06,-6279.878983937898,7.080507202772424e-07,-6279.878983937898,7.080507202772424e-07,-6279.878983937898,7.080507202772424e-07,-6279.878983937898,7.080507202772424e-07,-6279.878983937898,7.080507202772424e-07,-6279.878983937898,7.080507202772424e-07,-6279.878983937898,7.080507202772424e-07,-6279.878983937898,7.080507202772424e-07,-6279.878983937898,7.080507202772424e-07,-6279.878983937898,7.080507202772424e-07,-6279.878983937898,7.080507202772424e-07,-6279.878983937898,7.080507202772424e-07,-6279.878983937898,7.080507202772424e-07,-6279.878983937898,7.080507202772424e-07,-6279.878983937898,7.080507202772424e-07,-6279.878983937898,7.080507202772424e-07,-6279.878983937898,7.080507202772424e-07
pb3,run02.json,Standard_SQD,Standard_SQD,N/A,N/A,N/A,N/A,2.9711220264434814,-6279.876227616038,0.002757029910753772,-6279.878577857684,0.0004067882646268117,-6279.8788741908575,0.00011045509108953411,-6279.878887560511,9.70854371189489e-05,-6279.8789197702,6.487574864877388e-05,-6279.878945124152,3.952179667976452e-05,-6279.878952505428,3.214052048861049e-05,-6279.878952505428,3.214052048861049e-05,-6279.878952505428,3.214052048861049e-05,-6279.878952505428,3.214052048861049e-05,-6279.878952505428,3.214052048861049e-05,-6279.878952505428,3.214052048861049e-05,-6279.878952505428,3.214052048861049e-05,-6279.878952505428,3.214052048861049e-05,-6279.878952505428,3.214052048861049e-05,-6279.878952505428,3.214052048861049e-05,-6279.878952505428,3.214052048861049e-05,-6279.878952505428,3.214052048861049e-05,-6279.878952505428,3.214052048861049e-05,-6279.878952505428,3.214052048861049e-05
pb3,run02.json,gamma_0.1,AS-SQD,ABC,600,0.1,0.001,2.806041955947876,-6279.261813393194,0.6171712527548152,-6279.875144699325,0.003839946623884316,-6279.878961189099,2.3456849703507032e-05,-6279.878983799393,8.465558494208381e-07,-6279.878983799393,8.465558494208381e-07,-6279.878983799393,8.465558494208381e-07,-6279.878983799393,8.465558494208381e-07,-6279.878983799393,8.465558494208381e-07,-6279.878983799393,8.465558494208381e-07,-6279.878983799393,8.465558494208381e-07,-6279.878983799393,8.465558494208381e-07,-6279.878983799393,8.465558494208381e-07,-6279.878983799393,8.465558494208381e-07,-6279.878983799393,8.465558494208381e-07,-6279.878983799393,8.465558494208381e-07,-6279.878983799393,8.465558494208381e-07,-6279.878983799393,8.465558494208381e-07,-6279.878983799393,8.465558494208381e-07,-6279.878983799393,8.465558494208381e-07,-6279.878983799393,8.465558494208381e-07
pb3,run02.json,gamma_5.0,AS-SQD,ABC,600,5.0,0.001,3.7815778255462646,-6279.261813393194,0.6171712527548152,-6279.333892764847,0.5450918811011434,-6279.8757883392445,0.003196306704012386,-6279.878966453745,1.8192203242506366e-05,-6279.878983827152,8.187962521333247e-07,-6279.878983827152,8.187962521333247e-07,-6279.878983827152,8.187962521333247e-07,-6279.878983827152,8.187962521333247e-07,-6279.878983827152,8.187962521333247e-07,-6279.878983827152,8.187962521333247e-07,-6279.878983827152,8.187962521333247e-07,-6279.878983827152,8.187962521333247e-07,-6279.878983827152,8.187962521333247e-07,-6279.878983827152,8.187962521333247e-07,-6279.878983827152,8.187962521333247e-07,-6279.878983827152,8.187962521333247e-07,-6279.878983827152,8.187962521333247e-07,-6279.878983827152,8.187962521333247e-07,-6279.878983827152,8.187962521333247e-07,-6279.878983827152,8.187962521333247e-07
pb3,run02.json,tau_dom_0.0001,AS-SQD,ABC,600,1.0,0.0001,4.591784954071045,-6279.261813393194,0.6171712527548152,-6279.8751453241175,0.0038393218310375232,-6279.878959556888,2.508906072762329e-05,-6279.878982351365,2.294583282491658e-06,-6279.878983870009,7.759399522910826e-07,-6279.8789839654555,6.804930308135226e-07,-6279.878984082705,5.63243702345062e-07,-6279.878984338172,3.07776645058766e-07,-6279.878984361519,2.8442991606425494e-07,-6279.8789843959785,2.4997007130878046e-07,-6279.878984537501,1.0844723874470219e-07,-6279.8789846463915,4.4292391976341605e-10,-6279.8789846463915,4.4292391976341605e-10,-6279.8789846463915,4.4292391976341605e-10,-6279.8789846463915,4.4292391976341605e-10,-6279.8789846463915,4.4292391976341605e-10,-6279.8789846463915,4.4292391976341605e-10,-6279.8789846463915,4.4292391976341605e-10,-6279.8789846463915,4.4292391976341605e-10,-6279.8789846463915,4.4292391976341605e-10
pb3,run02.json,tau_dom_0.01,AS-SQD,ABC,600,1.0,0.01,2.831648111343384,-6279.261813393194,0.6171712527548152,-6279.875139808487,0.003844837461656425,-6279.878961270478,2.3375470846076496e-05,-6279.878983883675,7.622738849022426e-07,-6279.878983883675,7.622738849022426e-07,-6279.878983883675,7.622738849022426e-07,-6279.878983883675,7.622738849022426e-07,-6279.878983883675,7.622738849022426e-07,-6279.878983883675,7.622738849022426e-07,-6279.878983883675,7.622738849022426e-07,-6279.878983883675,7.622738849022426e-07,-6279.878983883675,7.622738849022426e-07,-6279.878983883675,7.622738849022426e-07,-6279.878983883675,7.622738849022426e-07,-6279.878983883675,7.622738849022426e-07,-6279.878983883675,7.622738849022426e-07,-6279.878983883675,7.622738849022426e-07,-6279.878983883675,7.622738849022426e-07,-6279.878983883675,7.622738849022426e-07,-6279.878983883675,7.622738849022426e-07
pb3,run03.json,B_add_1200,AS-SQD,ABC,1200,1.0,0.001,3.1776070594787598,-6279.2123491194,0.6666355265488164,-6279.8754013872,0.0035832587482218514,-6279.878984108699,5.3724943427369e-07,-6279.878984108699,5.3724943427369e-07,-6279.878984108699,5.3724943427369e-07,-6279.878984108699,5.3724943427369e-07,-6279.878984108699,5.3724943427369e-07,-6279.878984108699,5.3724943427369e-07,-6279.878984108699,5.3724943427369e-07,-6279.878984108699,5.3724943427369e-07,-6279.878984108699,5.3724943427369e-07,-6279.878984108699,5.3724943427369e-07,-6279.878984108699,5.3724943427369e-07,-6279.878984108699,5.3724943427369e-07,-6279.878984108699,5.3724943427369e-07,-6279.878984108699,5.3724943427369e-07,-6279.878984108699,5.3724943427369e-07,-6279.878984108699,5.3724943427369e-07,-6279.878984108699,5.3724943427369e-07,-6279.878984108699,5.3724943427369e-07
pb3,run03.json,B_add_200,AS-SQD,ABC,200,1.0,0.001,2.8739800453186035,-6279.2123491194,0.6666355265488164,-6279.874202470691,0.004782175257787458,-6279.878343737332,0.0006409086163330358,-6279.878861793439,0.00012285250977583928,-6279.878923565458,6.108049092290457e-05,-6279.878974747677,9.898271855490748e-06,-6279.878983867386,7.785629350109957e-07,-6279.878983867386,7.785629350109957e-07,-6279.878983867386,7.785629350109957e-07,-6279.878983867386,7.785629350109957e-07,-6279.878983867386,7.785629350109957e-07,-6279.878983867386,7.785629350109957e-07,-6279.878983867386,7.785629350109957e-07,-6279.878983867386,7.785629350109957e-07,-6279.878983867386,7.785629350109957e-07,-6279.878983867386,7.785629350109957e-07,-6279.878983867386,7.785629350109957e-07,-6279.878983867386,7.785629350109957e-07,-6279.878983867386,7.785629350109957e-07,-6279.878983867386,7.785629350109957e-07
pb3,run03.json,Proposed_Baseline(ABC),AS-SQD,ABC,600,1.0,0.001,3.0435519218444824,-6279.2123491194,0.6666355265488164,-6279.8753647623835,0.0036198835650793626,-6279.878926253238,5.8392710343468934e-05,-6279.878984002951,6.429972927435301e-07,-6279.878984002951,6.429972927435301e-07,-6279.878984002951,6.429972927435301e-07,-6279.878984002951,6.429972927435301e-07,-6279.878984002951,6.429972927435301e-07,-6279.878984002951,6.429972927435301e-07,-6279.878984002951,6.429972927435301e-07,-6279.878984002951,6.429972927435301e-07,-6279.878984002951,6.429972927435301e-07,-6279.878984002951,6.429972927435301e-07,-6279.878984002951,6.429972927435301e-07,-6279.878984002951,6.429972927435301e-07,-6279.878984002951,6.429972927435301e-07,-6279.878984002951,6.429972927435301e-07,-6279.878984002951,6.429972927435301e-07,-6279.878984002951,6.429972927435301e-07,-6279.878984002951,6.429972927435301e-07
pb3,run03.json,Score_A,AS-SQD,A,600,1.0,0.001,3.0729198455810547,-6279.2123491194,0.6666355265488164,-6279.874704429057,0.0042802168918569805,-6279.878926253238,5.8392710343468934e-05,-6279.878984002951,6.429972927435301e-07,-6279.878984002951,6.429972927435301e-07,-6279.878984002951,6.429972927435301e-07,-6279.878984002951,6.429972927435301e-07,-6279.878984002951,6.429972927435301e-07,-6279.878984002951,6.429972927435301e-07,-6279.878984002951,6.429972927435301e-07,-6279.878984002951,6.429972927435301e-07,-6279.878984002951,6.429972927435301e-07,-6279.878984002951,6.429972927435301e-07,-6279.878984002951,6.429972927435301e-07,-6279.878984002951,6.429972927435301e-07,-6279.878984002951,6.429972927435301e-07,-6279.878984002951,6.429972927435301e-07,-6279.878984002951,6.429972927435301e-07,-6279.878984002951,6.429972927435301e-07,-6279.878984002951,6.429972927435301e-07
pb3,run03.json,Score_AB,AS-SQD,AB,600,1.0,0.001,3.0683629512786865,-6279.2123491194,0.6666355265488164,-6279.874704429085,0.004280216863662645,-6279.878926253474,5.8392474784341175e-05,-6279.878984003392,6.425561878131703e-07,-6279.878984003392,6.425561878131703e-07,-6279.878984003392,6.425561878131703e-07,-6279.878984003392,6.425561878131703e-07,-6279.878984003392,6.425561878131703e-07,-6279.878984003392,6.425561878131703e-07,-6279.878984003392,6.425561878131703e-07,-6279.878984003392,6.425561878131703e-07,-6279.878984003392,6.425561878131703e-07,-6279.878984003392,6.425561878131703e-07,-6279.878984003392,6.425561878131703e-07,-6279.878984003392,6.425561878131703e-07,-6279.878984003392,6.425561878131703e-07,-6279.878984003392,6.425561878131703e-07,-6279.878984003392,6.425561878131703e-07,-6279.878984003392,6.425561878131703e-07,-6279.878984003392,6.425561878131703e-07
pb3,run03.json,Score_AC,AS-SQD,AC,600,1.0,0.001,3.0530340671539307,-6279.2123491194,0.6666355265488164,-6279.8753647623835,0.0036198835650793626,-6279.878926253238,5.8392710343468934e-05,-6279.878984002951,6.429972927435301e-07,-6279.878984002951,6.429972927435301e-07,-6279.878984002951,6.429972927435301e-07,-6279.878984002951,6.429972927435301e-07,-6279.878984002951,6.429972927435301e-07,-6279.878984002951,6.429972927435301e-07,-6279.878984002951,6.429972927435301e-07,-6279.878984002951,6.429972927435301e-07,-6279.878984002951,6.429972927435301e-07,-6279.878984002951,6.429972927435301e-07,-6279.878984002951,6.429972927435301e-07,-6279.878984002951,6.429972927435301e-07,-6279.878984002951,6.429972927435301e-07,-6279.878984002951,6.429972927435301e-07,-6279.878984002951,6.429972927435301e-07,-6279.878984002951,6.429972927435301e-07,-6279.878984002951,6.429972927435301e-07
pb3,run03.json,Score_B,AS-SQD,B,600,1.0,0.001,6.927099227905273,-6279.2123491194,0.6666355265488164,-6279.280538277296,0.5984463686527306,-6279.3159938544195,0.562990791529046,-6279.317817802871,0.5611668430774444,-6279.376829080458,0.5021555654902841,-6279.421820942856,0.457163703092192,-6279.422242503525,0.4567421424235363,-6279.422786253665,0.4561983922831132,-6279.878980595213,4.050735697092023e-06,-6279.878980595213,4.050735697092023e-06,-6279.878984516852,1.2909640645375475e-07,-6279.878984516852,1.2909640645375475e-07,-6279.878984516852,1.2909640645375475e-07,-6279.878984516852,1.2909640645375475e-07,-6279.878984516852,1.2909640645375475e-07,-6279.878984516852,1.2909640645375475e-07,-6279.878984516852,1.2909640645375475e-07,-6279.878984516852,1.2909640645375475e-07,-6279.878984516852,1.2909640645375475e-07,-6279.878984516852,1.2909640645375475e-07
pb3,run03.json,Score_BC,AS-SQD,BC,600,1.0,0.001,2.844712972640991,-6279.2123491194,0.6666355265488164,-6279.873787509017,0.005197136931201385,-6279.878945487064,3.9158884646894876e-05,-6279.878983856809,7.891394488979131e-07,-6279.878983856809,7.891394488979131e-07,-6279.878983856809,7.891394488979131e-07,-6279.878983856809,7.891394488979131e-07,-6279.878983856809,7.891394488979131e-07,-6279.878983856809,7.891394488979131e-07,-6279.878983856809,7.891394488979131e-07,-6279.878983856809,7.891394488979131e-07,-6279.878983856809,7.891394488979131e-07,-6279.878983856809,7.891394488979131e-07,-6279.878983856809,7.891394488979131e-07,-6279.878983856809,7.891394488979131e-07,-6279.878983856809,7.891394488979131e-07,-6279.878983856809,7.891394488979131e-07,-6279.878983856809,7.891394488979131e-07,-6279.878983856809,7.891394488979131e-07,-6279.878983856809,7.891394488979131e-07
pb3,run03.json,Score_C,AS-SQD,C,600,1.0,0.001,2.9622018337249756,-6279.2123491194,0.6666355265488164,-6279.8765831906085,0.0024014553400775185,-6279.878962094086,2.255186245747609e-05,-6279.878983954641,6.913078323123045e-07,-6279.878983954641,6.913078323123045e-07,-6279.878983954641,6.913078323123045e-07,-6279.878983954641,6.913078323123045e-07,-6279.878983954641,6.913078323123045e-07,-6279.878983954641,6.913078323123045e-07,-6279.878983954641,6.913078323123045e-07,-6279.878983954641,6.913078323123045e-07,-6279.878983954641,6.913078323123045e-07,-6279.878983954641,6.913078323123045e-07,-6279.878983954641,6.913078323123045e-07,-6279.878983954641,6.913078323123045e-07,-6279.878983954641,6.913078323123045e-07,-6279.878983954641,6.913078323123045e-07,-6279.878983954641,6.913078323123045e-07,-6279.878983954641,6.913078323123045e-07,-6279.878983954641,6.913078323123045e-07
pb3,run03.json,Standard_SQD,Standard_SQD,N/A,N/A,N/A,N/A,4.158443927764893,-6279.876702622104,0.0022820238446001895,-6279.877465121781,0.00151952416763379,-6279.878464334437,0.0005203115115364199,-6279.878870366402,0.00011427954632381443,-6279.878882898341,0.00010174760791414883,-6279.878923328226,6.131772261142032e-05,-6279.878940857921,4.378802714199992e-05,-6279.878943462492,4.1183456232829485e-05,-6279.878955792847,2.8853101866843645e-05,-6279.878955792847,2.8853101866843645e-05,-6279.878955792847,2.8853101866843645e-05,-6279.878955792847,2.8853101866843645e-05,-6279.878955792847,2.8853101866843645e-05,-6279.878955792847,2.8853101866843645e-05,-6279.878955792847,2.8853101866843645e-05,-6279.878955792847,2.8853101866843645e-05,-6279.878955792847,2.8853101866843645e-05,-6279.878955792847,2.8853101866843645e-05,-6279.878955792847,2.8853101866843645e-05,-6279.878955792847,2.8853101866843645e-05
pb3,run03.json,gamma_0.1,AS-SQD,ABC,600,0.1,0.001,3.0633628368377686,-6279.2123491194,0.6666355265488164,-6279.8753647623835,0.0036198835650793626,-6279.878926253238,5.8392710343468934e-05,-6279.878984002951,6.429972927435301e-07,-6279.878984002951,6.429972927435301e-07,-6279.878984002951,6.429972927435301e-07,-6279.878984002951,6.429972927435301e-07,-6279.878984002951,6.429972927435301e-07,-6279.878984002951,6.429972927435301e-07,-6279.878984002951,6.429972927435301e-07,-6279.878984002951,6.429972927435301e-07,-6279.878984002951,6.429972927435301e-07,-6279.878984002951,6.429972927435301e-07,-6279.878984002951,6.429972927435301e-07,-6279.878984002951,6.429972927435301e-07,-6279.878984002951,6.429972927435301e-07,-6279.878984002951,6.429972927435301e-07,-6279.878984002951,6.429972927435301e-07,-6279.878984002951,6.429972927435301e-07,-6279.878984002951,6.429972927435301e-07
pb3,run03.json,gamma_5.0,AS-SQD,ABC,600,5.0,0.001,3.04101300239563,-6279.2123491194,0.6666355265488164,-6279.874826271891,0.0041583740576243144,-6279.878926555491,5.809045796922874e-05,-6279.878984026575,6.193731678649783e-07,-6279.878984026575,6.193731678649783e-07,-6279.878984026575,6.193731678649783e-07,-6279.878984026575,6.193731678649783e-07,-6279.878984026575,6.193731678649783e-07,-6279.878984026575,6.193731678649783e-07,-6279.878984026575,6.193731678649783e-07,-6279.878984026575,6.193731678649783e-07,-6279.878984026575,6.193731678649783e-07,-6279.878984026575,6.193731678649783e-07,-6279.878984026575,6.193731678649783e-07,-6279.878984026575,6.193731678649783e-07,-6279.878984026575,6.193731678649783e-07,-6279.878984026575,6.193731678649783e-07,-6279.878984026575,6.193731678649783e-07,-6279.878984026575,6.193731678649783e-07,-6279.878984026575,6.193731678649783e-07
pb3,run03.json,tau_dom_0.0001,AS-SQD,ABC,600,1.0,0.0001,4.796559810638428,-6279.2123491194,0.6666355265488164,-6279.875364154521,0.003620491427682282,-6279.878924470532,6.017541636538226e-05,-6279.878982532642,2.113306436513085e-06,-6279.878984075154,5.707943273591809e-07,-6279.8789841379585,5.079900802229531e-07,-6279.878984184489,4.6145942178554833e-07,-6279.878984448041,1.9790786609519273e-07,-6279.87898450065,1.452981450711377e-07,-6279.878984637593,8.355527825187892e-09,-6279.8789846463915,4.4292391976341605e-10,-6279.8789846463915,4.4292391976341605e-10,-6279.8789846463915,4.4292391976341605e-10,-6279.8789846463915,4.4292391976341605e-10,-6279.8789846463915,4.4292391976341605e-10,-6279.8789846463915,4.4292391976341605e-10,-6279.8789846463915,4.4292391976341605e-10,-6279.8789846463915,4.4292391976341605e-10,-6279.8789846463915,4.4292391976341605e-10,-6279.8789846463915,4.4292391976341605e-10
pb3,run03.json,tau_dom_0.01,AS-SQD,ABC,600,1.0,0.01,3.1014809608459473,-6279.2123491194,0.6666355265488164,-6279.874615253464,0.00436939248447743,-6279.8789275616455,5.7084303080046084e-05,-6279.8789840848485,5.611000233329833e-07,-6279.8789840848485,5.611000233329833e-07,-6279.8789840848485,5.611000233329833e-07,-6279.8789840848485,5.611000233329833e-07,-6279.8789840848485,5.611000233329833e-07,-6279.8789840848485,5.611000233329833e-07,-6279.8789840848485,5.611000233329833e-07,-6279.8789840848485,5.611000233329833e-07,-6279.8789840848485,5.611000233329833e-07,-6279.8789840848485,5.611000233329833e-07,-6279.8789840848485,5.611000233329833e-07,-6279.8789840848485,5.611000233329833e-07,-6279.8789840848485,5.611000233329833e-07,-6279.8789840848485,5.611000233329833e-07,-6279.8789840848485,5.611000233329833e-07,-6279.8789840848485,5.611000233329833e-07,-6279.8789840848485,5.611000233329833e-07
pb3,run04.json,B_add_1200,AS-SQD,ABC,1200,1.0,0.001,3.295888900756836,-6279.121538375008,0.7574462709408181,-6279.878363245022,0.0006214009263203479,-6279.878983855112,7.908365660114214e-07,-6279.878983855112,7.908365660114214e-07,-6279.878983855112,7.908365660114214e-07,-6279.878983855112,7.908365660114214e-07,-6279.878983855112,7.908365660114214e-07,-6279.878983855112,7.908365660114214e-07,-6279.878983855112,7.908365660114214e-07,-6279.878983855112,7.908365660114214e-07,-6279.878983855112,7.908365660114214e-07,-6279.878983855112,7.908365660114214e-07,-6279.878983855112,7.908365660114214e-07,-6279.878983855112,7.908365660114214e-07,-6279.878983855112,7.908365660114214e-07,-6279.878983855112,7.908365660114214e-07,-6279.878983855112,7.908365660114214e-07,-6279.878983855112,7.908365660114214e-07,-6279.878983855112,7.908365660114214e-07,-6279.878983855112,7.908365660114214e-07
pb3,run04.json,B_add_200,AS-SQD,ABC,200,1.0,0.001,3.1118130683898926,-6279.121538375008,0.7574462709408181,-6279.875078100573,0.0039065453756848,-6279.8783457332065,0.0006389127420334262,-6279.878862066294,0.0001225796549988445,-6279.878924059378,6.058657072571805e-05,-6279.878975182539,9.463409696763847e-06,-6279.878983799741,8.46207512950059e-07,-6279.878983799741,8.46207512950059e-07,-6279.878983799741,8.46207512950059e-07,-6279.878983799741,8.46207512950059e-07,-6279.878983799741,8.46207512950059e-07,-6279.878983799741,8.46207512950059e-07,-6279.878983799741,8.46207512950059e-07,-6279.878983799741,8.46207512950059e-07,-6279.878983799741,8.46207512950059e-07,-6279.878983799741,8.46207512950059e-07,-6279.878983799741,8.46207512950059e-07,-6279.878983799741,8.46207512950059e-07,-6279.878983799741,8.46207512950059e-07,-6279.878983799741,8.46207512950059e-07
pb3,run04.json,Proposed_Baseline(ABC),AS-SQD,ABC,600,1.0,0.001,3.1428239345550537,-6279.121538375008,0.7574462709408181,-6279.876200079359,0.002784566589980386,-6279.87892679033,5.785561825177865e-05,-6279.878983818369,8.275792424683459e-07,-6279.878983818369,8.275792424683459e-07,-6279.878983818369,8.275792424683459e-07,-6279.878983818369,8.275792424683459e-07,-6279.878983818369,8.275792424683459e-07,-6279.878983818369,8.275792424683459e-07,-6279.878983818369,8.275792424683459e-07,-6279.878983818369,8.275792424683459e-07,-6279.878983818369,8.275792424683459e-07,-6279.878983818369,8.275792424683459e-07,-6279.878983818369,8.275792424683459e-07,-6279.878983818369,8.275792424683459e-07,-6279.878983818369,8.275792424683459e-07,-6279.878983818369,8.275792424683459e-07,-6279.878983818369,8.275792424683459e-07,-6279.878983818369,8.275792424683459e-07,-6279.878983818369,8.275792424683459e-07
pb3,run04.json,Score_A,AS-SQD,A,600,1.0,0.001,3.1401729583740234,-6279.121538375008,0.7574462709408181,-6279.876200363017,0.002784282931315829,-6279.87892719082,5.7455128626315854e-05,-6279.878983814857,8.31091711006593e-07,-6279.878983814857,8.31091711006593e-07,-6279.878983814857,8.31091711006593e-07,-6279.878983814857,8.31091711006593e-07,-6279.878983814857,8.31091711006593e-07,-6279.878983814857,8.31091711006593e-07,-6279.878983814857,8.31091711006593e-07,-6279.878983814857,8.31091711006593e-07,-6279.878983814857,8.31091711006593e-07,-6279.878983814857,8.31091711006593e-07,-6279.878983814857,8.31091711006593e-07,-6279.878983814857,8.31091711006593e-07,-6279.878983814857,8.31091711006593e-07,-6279.878983814857,8.31091711006593e-07,-6279.878983814857,8.31091711006593e-07,-6279.878983814857,8.31091711006593e-07,-6279.878983814857,8.31091711006593e-07
pb3,run04.json,Score_AB,AS-SQD,AB,600,1.0,0.001,3.179407835006714,-6279.121538375008,0.7574462709408181,-6279.876200287418,0.00278435853033443,-6279.87892679033,5.785561825177865e-05,-6279.878983818369,8.275792424683459e-07,-6279.878983818369,8.275792424683459e-07,-6279.878983818369,8.275792424683459e-07,-6279.878983818369,8.275792424683459e-07,-6279.878983818369,8.275792424683459e-07,-6279.878983818369,8.275792424683459e-07,-6279.878983818369,8.275792424683459e-07,-6279.878983818369,8.275792424683459e-07,-6279.878983818369,8.275792424683459e-07,-6279.878983818369,8.275792424683459e-07,-6279.878983818369,8.275792424683459e-07,-6279.878983818369,8.275792424683459e-07,-6279.878983818369,8.275792424683459e-07,-6279.878983818369,8.275792424683459e-07,-6279.878983818369,8.275792424683459e-07,-6279.878983818369,8.275792424683459e-07,-6279.878983818369,8.275792424683459e-07
pb3,run04.json,Score_AC,AS-SQD,AC,600,1.0,0.001,3.155586004257202,-6279.121538375008,0.7574462709408181,-6279.876199467163,0.002785178785416065,-6279.878926202233,5.844371571583906e-05,-6279.878983814857,8.31091711006593e-07,-6279.878983814857,8.31091711006593e-07,-6279.878983814857,8.31091711006593e-07,-6279.878983814857,8.31091711006593e-07,-6279.878983814857,8.31091711006593e-07,-6279.878983814857,8.31091711006593e-07,-6279.878983814857,8.31091711006593e-07,-6279.878983814857,8.31091711006593e-07,-6279.878983814857,8.31091711006593e-07,-6279.878983814857,8.31091711006593e-07,-6279.878983814857,8.31091711006593e-07,-6279.878983814857,8.31091711006593e-07,-6279.878983814857,8.31091711006593e-07,-6279.878983814857,8.31091711006593e-07,-6279.878983814857,8.31091711006593e-07,-6279.878983814857,8.31091711006593e-07,-6279.878983814857,8.31091711006593e-07
pb3,run04.json,Score_B,AS-SQD,B,600,1.0,0.001,3.211466073989868,-6279.121538375008,0.7574462709408181,-6279.87599478202,0.0029898639286329853,-6279.878948126548,3.6519400964607485e-05,-6279.87898386176,7.841881597414613e-07,-6279.87898386176,7.841881597414613e-07,-6279.87898386176,7.841881597414613e-07,-6279.87898386176,7.841881597414613e-07,-6279.87898386176,7.841881597414613e-07,-6279.87898386176,7.841881597414613e-07,-6279.87898386176,7.841881597414613e-07,-6279.87898386176,7.841881597414613e-07,-6279.87898386176,7.841881597414613e-07,-6279.87898386176,7.841881597414613e-07,-6279.87898386176,7.841881597414613e-07,-6279.87898386176,7.841881597414613e-07,-6279.87898386176,7.841881597414613e-07,-6279.87898386176,7.841881597414613e-07,-6279.87898386176,7.841881597414613e-07,-6279.87898386176,7.841881597414613e-07,-6279.87898386176,7.841881597414613e-07
pb3,run04.json,Score_BC,AS-SQD,BC,600,1.0,0.001,3.2493021488189697,-6279.121538375008,0.7574462709408181,-6279.87599478202,0.0029898639286329853,-6279.878948126548,3.6519400964607485e-05,-6279.87898386176,7.841881597414613e-07,-6279.87898386176,7.841881597414613e-07,-6279.87898386176,7.841881597414613e-07,-6279.87898386176,7.841881597414613e-07,-6279.87898386176,7.841881597414613e-07,-6279.87898386176,7.841881597414613e-07,-6279.87898386176,7.841881597414613e-07,-6279.87898386176,7.841881597414613e-07,-6279.87898386176,7.841881597414613e-07,-6279.87898386176,7.841881597414613e-07,-6279.87898386176,7.841881597414613e-07,-6279.87898386176,7.841881597414613e-07,-6279.87898386176,7.841881597414613e-07,-6279.87898386176,7.841881597414613e-07,-6279.87898386176,7.841881597414613e-07,-6279.87898386176,7.841881597414613e-07,-6279.87898386176,7.841881597414613e-07
pb3,run04.json,Score_C,AS-SQD,C,600,1.0,0.001,3.143345832824707,-6279.121538375008,0.7574462709408181,-6279.877861345093,0.0011233008553972468,-6279.878960583828,2.406212024652632e-05,-6279.878983831106,8.148426786647178e-07,-6279.878983831106,8.148426786647178e-07,-6279.878983831106,8.148426786647178e-07,-6279.878983831106,8.148426786647178e-07,-6279.878983831106,8.148426786647178e-07,-6279.878983831106,8.148426786647178e-07,-6279.878983831106,8.148426786647178e-07,-6279.878983831106,8.148426786647178e-07,-6279.878983831106,8.148426786647178e-07,-6279.878983831106,8.148426786647178e-07,-6279.878983831106,8.148426786647178e-07,-6279.878983831106,8.148426786647178e-07,-6279.878983831106,8.148426786647178e-07,-6279.878983831106,8.148426786647178e-07,-6279.878983831106,8.148426786647178e-07,-6279.878983831106,8.148426786647178e-07,-6279.878983831106,8.148426786647178e-07
pb3,run04.json,Standard_SQD,Standard_SQD,N/A,N/A,N/A,N/A,3.4863979816436768,-6279.8762983962815,0.0026862496670219116,-6279.878837793804,0.000146852144098375,-6279.87888159388,0.00010305206888006069,-6279.878887380018,9.726593088998925e-05,-6279.878932709064,5.1936884119641036e-05,-6279.8789349955105,4.965043808624614e-05,-6279.8789457078465,3.893810207955539e-05,-6279.878952719095,3.192685380781768e-05,-6279.878952719095,3.192685380781768e-05,-6279.878952719095,3.192685380781768e-05,-6279.878952719095,3.192685380781768e-05,-6279.878952719095,3.192685380781768e-05,-6279.878952719095,3.192685380781768e-05,-6279.878952719095,3.192685380781768e-05,-6279.878952719095,3.192685380781768e-05,-6279.878952719095,3.192685380781768e-05,-6279.878952719095,3.192685380781768e-05,-6279.878952719095,3.192685380781768e-05,-6279.878952719095,3.192685380781768e-05,-6279.878952719095,3.192685380781768e-05
pb3,run04.json,gamma_0.1,AS-SQD,ABC,600,0.1,0.001,3.1508002281188965,-6279.121538375008,0.7574462709408181,-6279.876200363017,0.002784282931315829,-6279.87892719082,5.7455128626315854e-05,-6279.878983814857,8.31091711006593e-07,-6279.878983814857,8.31091711006593e-07,-6279.878983814857,8.31091711006593e-07,-6279.878983814857,8.31091711006593e-07,-6279.878983814857,8.31091711006593e-07,-6279.878983814857,8.31091711006593e-07,-6279.878983814857,8.31091711006593e-07,-6279.878983814857,8.31091711006593e-07,-6279.878983814857,8.31091711006593e-07,-6279.878983814857,8.31091711006593e-07,-6279.878983814857,8.31091711006593e-07,-6279.878983814857,8.31091711006593e-07,-6279.878983814857,8.31091711006593e-07,-6279.878983814857,8.31091711006593e-07,-6279.878983814857,8.31091711006593e-07,-6279.878983814857,8.31091711006593e-07,-6279.878983814857,8.31091711006593e-07
pb3,run04.json,gamma_5.0,AS-SQD,ABC,600,5.0,0.001,3.1707839965820312,-6279.121538375008,0.7574462709408181,-6279.876087869272,0.00289677667660726,-6279.878926745414,5.790053455712041e-05,-6279.878983813527,8.32421392260585e-07,-6279.878983813527,8.32421392260585e-07,-6279.878983813527,8.32421392260585e-07,-6279.878983813527,8.32421392260585e-07,-6279.878983813527,8.32421392260585e-07,-6279.878983813527,8.32421392260585e-07,-6279.878983813527,8.32421392260585e-07,-6279.878983813527,8.32421392260585e-07,-6279.878983813527,8.32421392260585e-07,-6279.878983813527,8.32421392260585e-07,-6279.878983813527,8.32421392260585e-07,-6279.878983813527,8.32421392260585e-07,-6279.878983813527,8.32421392260585e-07,-6279.878983813527,8.32421392260585e-07,-6279.878983813527,8.32421392260585e-07,-6279.878983813527,8.32421392260585e-07,-6279.878983813527,8.32421392260585e-07
pb3,run04.json,tau_dom_0.0001,AS-SQD,ABC,600,1.0,0.0001,4.888817071914673,-6279.121538375008,0.7574462709408181,-6279.876510050457,0.0024745954915488255,-6279.878926177772,5.8468176575843245e-05,-6279.878982364809,2.2811391318100505e-06,-6279.878983888865,7.570833986392245e-07,-6279.878983975015,6.709333320031874e-07,-6279.878984086899,5.590491127804853e-07,-6279.878984346246,2.9970215109642595e-07,-6279.878984364501,2.814476829371415e-07,-6279.87898452875,1.171983967651613e-07,-6279.878984537501,1.0844723874470219e-07,-6279.8789846463915,4.4292391976341605e-10,-6279.8789846463915,4.4292391976341605e-10,-6279.8789846463915,4.4292391976341605e-10,-6279.8789846463915,4.4292391976341605e-10,-6279.8789846463915,4.4292391976341605e-10,-6279.8789846463915,4.4292391976341605e-10,-6279.8789846463915,4.4292391976341605e-10,-6279.8789846463915,4.4292391976341605e-10,-6279.8789846463915,4.4292391976341605e-10
pb3,run04.json,tau_dom_0.01,AS-SQD,ABC,600,1.0,0.01,3.2440860271453857,-6279.121538375008,0.7574462709408181,-6279.876200079359,0.002784566589980386,-6279.87892679033,5.785561825177865e-05,-6279.878983818369,8.275792424683459e-07,-6279.878983818369,8.275792424683459e-07,-6279.878983818369,8.275792424683459e-07,-6279.878983818369,8.275792424683459e-07,-6279.878983818369,8.275792424683459e-07,-6279.878983818369,8.275792424683459e-07,-6279.878983818369,8.275792424683459e-07,-6279.878983818369,8.275792424683459e-07,-6279.878983818369,8.275792424683459e-07,-6279.878983818369,8.275792424683459e-07,-6279.878983818369,8.275792424683459e-07,-6279.878983818369,8.275792424683459e-07,-6279.878983818369,8.275792424683459e-07,-6279.878983818369,8.275792424683459e-07,-6279.878983818369,8.275792424683459e-07,-6279.878983818369,8.275792424683459e-07,-6279.878983818369,8.275792424683459e-07
pb3,run05.json,B_add_1200,AS-SQD,ABC,1200,1.0,0.001,3.145473003387451,-6279.226161448194,0.6528231977545147,-6279.878524855348,0.0004597906008712016,-6279.878983871175,7.747739800834097e-07,-6279.878983871175,7.747739800834097e-07,-6279.878983871175,7.747739800834097e-07,-6279.878983871175,7.747739800834097e-07,-6279.878983871175,7.747739800834097e-07,-6279.878983871175,7.747739800834097e-07,-6279.878983871175,7.747739800834097e-07,-6279.878983871175,7.747739800834097e-07,-6279.878983871175,7.747739800834097e-07,-6279.878983871175,7.747739800834097e-07,-6279.878983871175,7.747739800834097e-07,-6279.878983871175,7.747739800834097e-07,-6279.878983871175,7.747739800834097e-07,-6279.878983871175,7.747739800834097e-07,-6279.878983871175,7.747739800834097e-07,-6279.878983871175,7.747739800834097e-07,-6279.878983871175,7.747739800834097e-07,-6279.878983871175,7.747739800834097e-07
pb3,run05.json,B_add_200,AS-SQD,ABC,200,1.0,0.001,2.703782081604004,-6279.226161448194,0.6528231977545147,-6279.874916512309,0.0040681336395209655,-6279.878339037664,0.0006456082846852951,-6279.878853804604,0.00013084134479868226,-6279.878912823867,7.182208173617255e-05,-6279.8789723194795,1.2326469004619867e-05,-6279.878983804355,8.41593646327965e-07,-6279.878983804355,8.41593646327965e-07,-6279.878983804355,8.41593646327965e-07,-6279.878983804355,8.41593646327965e-07,-6279.878983804355,8.41593646327965e-07,-6279.878983804355,8.41593646327965e-07,-6279.878983804355,8.41593646327965e-07,-6279.878983804355,8.41593646327965e-07,-6279.878983804355,8.41593646327965e-07,-6279.878983804355,8.41593646327965e-07,-6279.878983804355,8.41593646327965e-07,-6279.878983804355,8.41593646327965e-07,-6279.878983804355,8.41593646327965e-07,-6279.878983804355,8.41593646327965e-07
pb3,run05.json,Proposed_Baseline(ABC),AS-SQD,ABC,600,1.0,0.001,2.986372947692871,-6279.226161448194,0.6528231977545147,-6279.876292081722,0.0026925642268906813,-6279.878967663314,1.6982634406303987e-05,-6279.878983830293,8.156557669281028e-07,-6279.878983830293,8.156557669281028e-07,-6279.878983830293,8.156557669281028e-07,-6279.878983830293,8.156557669281028e-07,-6279.878983830293,8.156557669281028e-07,-6279.878983830293,8.156557669281028e-07,-6279.878983830293,8.156557669281028e-07,-6279.878983830293,8.156557669281028e-07,-6279.878983830293,8.156557669281028e-07,-6279.878983830293,8.156557669281028e-07,-6279.878983830293,8.156557669281028e-07,-6279.878983830293,8.156557669281028e-07,-6279.878983830293,8.156557669281028e-07,-6279.878983830293,8.156557669281028e-07,-6279.878983830293,8.156557669281028e-07,-6279.878983830293,8.156557669281028e-07,-6279.878983830293,8.156557669281028e-07
pb3,run05.json,Score_A,AS-SQD,A,600,1.0,0.001,2.978661060333252,-6279.226161448194,0.6528231977545147,-6279.876292081722,0.0026925642268906813,-6279.878970553302,1.4092646779317874e-05,-6279.878983830293,8.156557669281028e-07,-6279.878983830293,8.156557669281028e-07,-6279.878983830293,8.156557669281028e-07,-6279.878983830293,8.156557669281028e-07,-6279.878983830293,8.156557669281028e-07,-6279.878983830293,8.156557669281028e-07,-6279.878983830293,8.156557669281028e-07,-6279.878983830293,8.156557669281028e-07,-6279.878983830293,8.156557669281028e-07,-6279.878983830293,8.156557669281028e-07,-6279.878983830293,8.156557669281028e-07,-6279.878983830293,8.156557669281028e-07,-6279.878983830293,8.156557669281028e-07,-6279.878983830293,8.156557669281028e-07,-6279.878983830293,8.156557669281028e-07,-6279.878983830293,8.156557669281028e-07,-6279.878983830293,8.156557669281028e-07
pb3,run05.json,Score_AB,AS-SQD,AB,600,1.0,0.001,2.962258815765381,-6279.226161448194,0.6528231977545147,-6279.876292081722,0.0026925642268906813,-6279.878967663314,1.6982634406303987e-05,-6279.878983830293,8.156557669281028e-07,-6279.878983830293,8.156557669281028e-07,-6279.878983830293,8.156557669281028e-07,-6279.878983830293,8.156557669281028e-07,-6279.878983830293,8.156557669281028e-07,-6279.878983830293,8.156557669281028e-07,-6279.878983830293,8.156557669281028e-07,-6279.878983830293,8.156557669281028e-07,-6279.878983830293,8.156557669281028e-07,-6279.878983830293,8.156557669281028e-07,-6279.878983830293,8.156557669281028e-07,-6279.878983830293,8.156557669281028e-07,-6279.878983830293,8.156557669281028e-07,-6279.878983830293,8.156557669281028e-07,-6279.878983830293,8.156557669281028e-07,-6279.878983830293,8.156557669281028e-07,-6279.878983830293,8.156557669281028e-07
pb3,run05.json,Score_AC,AS-SQD,AC,600,1.0,0.001,2.969243049621582,-6279.226161448194,0.6528231977545147,-6279.876292081722,0.0026925642268906813,-6279.878970553302,1.4092646779317874e-05,-6279.878983830293,8.156557669281028e-07,-6279.878983830293,8.156557669281028e-07,-6279.878983830293,8.156557669281028e-07,-6279.878983830293,8.156557669281028e-07,-6279.878983830293,8.156557669281028e-07,-6279.878983830293,8.156557669281028e-07,-6279.878983830293,8.156557669281028e-07,-6279.878983830293,8.156557669281028e-07,-6279.878983830293,8.156557669281028e-07,-6279.878983830293,8.156557669281028e-07,-6279.878983830293,8.156557669281028e-07,-6279.878983830293,8.156557669281028e-07,-6279.878983830293,8.156557669281028e-07,-6279.878983830293,8.156557669281028e-07,-6279.878983830293,8.156557669281028e-07,-6279.878983830293,8.156557669281028e-07,-6279.878983830293,8.156557669281028e-07
pb3,run05.json,Score_B,AS-SQD,B,600,1.0,0.001,2.99702525138855,-6279.226161448194,0.6528231977545147,-6279.875861619947,0.003123026001958351,-6279.878948212704,3.6433244531508535e-05,-6279.878983939957,7.059916242724285e-07,-6279.878983939957,7.059916242724285e-07,-6279.878983939957,7.059916242724285e-07,-6279.878983939957,7.059916242724285e-07,-6279.878983939957,7.059916242724285e-07,-6279.878983939957,7.059916242724285e-07,-6279.878983939957,7.059916242724285e-07,-6279.878983939957,7.059916242724285e-07,-6279.878983939957,7.059916242724285e-07,-6279.878983939957,7.059916242724285e-07,-6279.878983939957,7.059916242724285e-07,-6279.878983939957,7.059916242724285e-07,-6279.878983939957,7.059916242724285e-07,-6279.878983939957,7.059916242724285e-07,-6279.878983939957,7.059916242724285e-07,-6279.878983939957,7.059916242724285e-07,-6279.878983939957,7.059916242724285e-07
pb3,run05.json,Score_BC,AS-SQD,BC,600,1.0,0.001,2.9867258071899414,-6279.226161448194,0.6528231977545147,-6279.876464764454,0.002519881494663423,-6279.878948212704,3.6433244531508535e-05,-6279.878983939957,7.059916242724285e-07,-6279.878983939957,7.059916242724285e-07,-6279.878983939957,7.059916242724285e-07,-6279.878983939957,7.059916242724285e-07,-6279.878983939957,7.059916242724285e-07,-6279.878983939957,7.059916242724285e-07,-6279.878983939957,7.059916242724285e-07,-6279.878983939957,7.059916242724285e-07,-6279.878983939957,7.059916242724285e-07,-6279.878983939957,7.059916242724285e-07,-6279.878983939957,7.059916242724285e-07,-6279.878983939957,7.059916242724285e-07,-6279.878983939957,7.059916242724285e-07,-6279.878983939957,7.059916242724285e-07,-6279.878983939957,7.059916242724285e-07,-6279.878983939957,7.059916242724285e-07,-6279.878983939957,7.059916242724285e-07
pb3,run05.json,Score_C,AS-SQD,C,600,1.0,0.001,2.9568498134613037,-6279.226161448194,0.6528231977545147,-6279.87734844827,0.0016361976786356536,-6279.878977619781,7.0261676228255965e-06,-6279.878983868679,7.772696335450746e-07,-6279.878983868679,7.772696335450746e-07,-6279.878983868679,7.772696335450746e-07,-6279.878983868679,7.772696335450746e-07,-6279.878983868679,7.772696335450746e-07,-6279.878983868679,7.772696335450746e-07,-6279.878983868679,7.772696335450746e-07,-6279.878983868679,7.772696335450746e-07,-6279.878983868679,7.772696335450746e-07,-6279.878983868679,7.772696335450746e-07,-6279.878983868679,7.772696335450746e-07,-6279.878983868679,7.772696335450746e-07,-6279.878983868679,7.772696335450746e-07,-6279.878983868679,7.772696335450746e-07,-6279.878983868679,7.772696335450746e-07,-6279.878983868679,7.772696335450746e-07,-6279.878983868679,7.772696335450746e-07
pb3,run05.json,Standard_SQD,Standard_SQD,N/A,N/A,N/A,N/A,5.068846940994263,-6279.8762704477695,0.002714198179091909,-6279.877985564815,0.0009990811331590521,-6279.87884371214,0.00014093380832491675,-6279.878876370432,0.00010827551614056574,-6279.878897637039,8.700890975887887e-05,-6279.878907553976,7.709197234362364e-05,-6279.878921666737,6.297921117948135e-05,-6279.878934991055,4.9654893700790126e-05,-6279.878948984871,3.566107716324041e-05,-6279.878957918883,2.6727065232989844e-05,-6279.878957918883,2.6727065232989844e-05,-6279.878957918883,2.6727065232989844e-05,-6279.878957918883,2.6727065232989844e-05,-6279.878957918883,2.6727065232989844e-05,-6279.878957918883,2.6727065232989844e-05,-6279.878957918883,2.6727065232989844e-05,-6279.878957918883,2.6727065232989844e-05,-6279.878957918883,2.6727065232989844e-05,-6279.878957918883,2.6727065232989844e-05,-6279.878957918883,2.6727065232989844e-05
pb3,run05.json,gamma_0.1,AS-SQD,ABC,600,0.1,0.001,2.968061923980713,-6279.226161448194,0.6528231977545147,-6279.876292081722,0.0026925642268906813,-6279.878970553302,1.4092646779317874e-05,-6279.878983830293,8.156557669281028e-07,-6279.878983830293,8.156557669281028e-07,-6279.878983830293,8.156557669281028e-07,-6279.878983830293,8.156557669281028e-07,-6279.878983830293,8.156557669281028e-07,-6279.878983830293,8.156557669281028e-07,-6279.878983830293,8.156557669281028e-07,-6279.878983830293,8.156557669281028e-07,-6279.878983830293,8.156557669281028e-07,-6279.878983830293,8.156557669281028e-07,-6279.878983830293,8.156557669281028e-07,-6279.878983830293,8.156557669281028e-07,-6279.878983830293,8.156557669281028e-07,-6279.878983830293,8.156557669281028e-07,-6279.878983830293,8.156557669281028e-07,-6279.878983830293,8.156557669281028e-07,-6279.878983830293,8.156557669281028e-07
pb3,run05.json,gamma_5.0,AS-SQD,ABC,600,5.0,0.001,3.032198190689087,-6279.226161448194,0.6528231977545147,-6279.876143362402,0.002841283546331397,-6279.8789564375775,2.8208371077198535e-05,-6279.878983851691,7.942571755847894e-07,-6279.878983851691,7.942571755847894e-07,-6279.878983851691,7.942571755847894e-07,-6279.878983851691,7.942571755847894e-07,-6279.878983851691,7.942571755847894e-07,-6279.878983851691,7.942571755847894e-07,-6279.878983851691,7.942571755847894e-07,-6279.878983851691,7.942571755847894e-07,-6279.878983851691,7.942571755847894e-07,-6279.878983851691,7.942571755847894e-07,-6279.878983851691,7.942571755847894e-07,-6279.878983851691,7.942571755847894e-07,-6279.878983851691,7.942571755847894e-07,-6279.878983851691,7.942571755847894e-07,-6279.878983851691,7.942571755847894e-07,-6279.878983851691,7.942571755847894e-07,-6279.878983851691,7.942571755847894e-07
pb3,run05.json,tau_dom_0.0001,AS-SQD,ABC,600,1.0,0.0001,4.684571981430054,-6279.226161448194,0.6528231977545147,-6279.876292081722,0.0026925642268906813,-6279.878949312917,3.533303151925793e-05,-6279.8789823332245,2.3127240638132207e-06,-6279.878983862494,7.834541975171305e-07,-6279.878983940743,7.052058208500966e-07,-6279.878983969879,6.760692485840991e-07,-6279.878984328314,3.176346581312828e-07,-6279.878984351284,2.946644599433057e-07,-6279.878984390902,2.5504687073407695e-07,-6279.878984537501,1.0844723874470219e-07,-6279.8789846463915,4.4292391976341605e-10,-6279.8789846463915,4.4292391976341605e-10,-6279.8789846463915,4.4292391976341605e-10,-6279.8789846463915,4.4292391976341605e-10,-6279.8789846463915,4.4292391976341605e-10,-6279.8789846463915,4.4292391976341605e-10,-6279.8789846463915,4.4292391976341605e-10,-6279.8789846463915,4.4292391976341605e-10,-6279.8789846463915,4.4292391976341605e-10
pb3,run05.json,tau_dom_0.01,AS-SQD,ABC,600,1.0,0.01,2.9655368328094482,-6279.226161448194,0.6528231977545147,-6279.876754828896,0.0022298170524663874,-6279.878966579377,1.8066571101371665e-05,-6279.878983831933,8.140159479808062e-07,-6279.878983831933,8.140159479808062e-07,-6279.878983831933,8.140159479808062e-07,-6279.878983831933,8.140159479808062e-07,-6279.878983831933,8.140159479808062e-07,-6279.878983831933,8.140159479808062e-07,-6279.878983831933,8.140159479808062e-07,-6279.878983831933,8.140159479808062e-07,-6279.878983831933,8.140159479808062e-07,-6279.878983831933,8.140159479808062e-07,-6279.878983831933,8.140159479808062e-07,-6279.878983831933,8.140159479808062e-07,-6279.878983831933,8.140159479808062e-07,-6279.878983831933,8.140159479808062e-07,-6279.878983831933,8.140159479808062e-07,-6279.878983831933,8.140159479808062e-07,-6279.878983831933,8.140159479808062e-07
pb3,run06.json,B_add_1200,AS-SQD,ABC,1200,1.0,0.001,3.1454520225524902,-6279.31322857474,0.5657560712088525,-6279.877641412491,0.0013432334571916726,-6279.878984037057,6.088912414270453e-07,-6279.878984037057,6.088912414270453e-07,-6279.878984037057,6.088912414270453e-07,-6279.878984037057,6.088912414270453e-07,-6279.878984037057,6.088912414270453e-07,-6279.878984037057,6.088912414270453e-07,-6279.878984037057,6.088912414270453e-07,-6279.878984037057,6.088912414270453e-07,-6279.878984037057,6.088912414270453e-07,-6279.878984037057,6.088912414270453e-07,-6279.878984037057,6.088912414270453e-07,-6279.878984037057,6.088912414270453e-07,-6279.878984037057,6.088912414270453e-07,-6279.878984037057,6.088912414270453e-07,-6279.878984037057,6.088912414270453e-07,-6279.878984037057,6.088912414270453e-07,-6279.878984037057,6.088912414270453e-07,-6279.878984037057,6.088912414270453e-07
pb3,run06.json,B_add_200,AS-SQD,ABC,200,1.0,0.001,3.709172010421753,-6279.31322857474,0.5657560712088525,-6279.284364123411,0.5946205225372978,-6279.876532311765,0.0024523341835447354,-6279.87880319569,0.0001814502584238653,-6279.8788714045295,0.00011324141905788565,-6279.8789373408845,4.730506407213397e-05,-6279.878980525441,4.120507583138533e-06,-6279.878983946896,6.99052179697901e-07,-6279.878983946896,6.99052179697901e-07,-6279.878983946896,6.99052179697901e-07,-6279.878983946896,6.99052179697901e-07,-6279.878983946896,6.99052179697901e-07,-6279.878983946896,6.99052179697901e-07,-6279.878983946896,6.99052179697901e-07,-6279.878983946896,6.99052179697901e-07,-6279.878983946896,6.99052179697901e-07,-6279.878983946896,6.99052179697901e-07,-6279.878983946896,6.99052179697901e-07,-6279.878983946896,6.99052179697901e-07,-6279.878983946896,6.99052179697901e-07
pb3,run06.json,Proposed_Baseline(ABC),AS-SQD,ABC,600,1.0,0.001,2.8221380710601807,-6279.31322857474,0.5657560712088525,-6279.876887230814,0.0020974151348127634,-6279.878928748101,5.589784723269986e-05,-6279.878983942723,7.03225850884337e-07,-6279.878983942723,7.03225850884337e-07,-6279.878983942723,7.03225850884337e-07,-6279.878983942723,7.03225850884337e-07,-6279.878983942723,7.03225850884337e-07,-6279.878983942723,7.03225850884337e-07,-6279.878983942723,7.03225850884337e-07,-6279.878983942723,7.03225850884337e-07,-6279.878983942723,7.03225850884337e-07,-6279.878983942723,7.03225850884337e-07,-6279.878983942723,7.03225850884337e-07,-6279.878983942723,7.03225850884337e-07,-6279.878983942723,7.03225850884337e-07,-6279.878983942723,7.03225850884337e-07,-6279.878983942723,7.03225850884337e-07,-6279.878983942723,7.03225850884337e-07,-6279.878983942723,7.03225850884337e-07
pb3,run06.json,Score_A,AS-SQD,A,600,1.0,0.001,2.8082427978515625,-6279.31322857474,0.5657560712088525,-6279.876887595443,0.002097050505653897,-6279.87892799145,5.665449862135574e-05,-6279.878983942723,7.03225850884337e-07,-6279.878983942723,7.03225850884337e-07,-6279.878983942723,7.03225850884337e-07,-6279.878983942723,7.03225850884337e-07,-6279.878983942723,7.03225850884337e-07,-6279.878983942723,7.03225850884337e-07,-6279.878983942723,7.03225850884337e-07,-6279.878983942723,7.03225850884337e-07,-6279.878983942723,7.03225850884337e-07,-6279.878983942723,7.03225850884337e-07,-6279.878983942723,7.03225850884337e-07,-6279.878983942723,7.03225850884337e-07,-6279.878983942723,7.03225850884337e-07,-6279.878983942723,7.03225850884337e-07,-6279.878983942723,7.03225850884337e-07,-6279.878983942723,7.03225850884337e-07,-6279.878983942723,7.03225850884337e-07
pb3,run06.json,Score_AB,AS-SQD,AB,600,1.0,0.001,2.8376569747924805,-6279.31322857474,0.5657560712088525,-6279.876887230814,0.0020974151348127634,-6279.878928748101,5.589784723269986e-05,-6279.878983942723,7.03225850884337e-07,-6279.878983942723,7.03225850884337e-07,-6279.878983942723,7.03225850884337e-07,-6279.878983942723,7.03225850884337e-07,-6279.878983942723,7.03225850884337e-07,-6279.878983942723,7.03225850884337e-07,-6279.878983942723,7.03225850884337e-07,-6279.878983942723,7.03225850884337e-07,-6279.878983942723,7.03225850884337e-07,-6279.878983942723,7.03225850884337e-07,-6279.878983942723,7.03225850884337e-07,-6279.878983942723,7.03225850884337e-07,-6279.878983942723,7.03225850884337e-07,-6279.878983942723,7.03225850884337e-07,-6279.878983942723,7.03225850884337e-07,-6279.878983942723,7.03225850884337e-07,-6279.878983942723,7.03225850884337e-07
pb3,run06.json,Score_AC,AS-SQD,AC,600,1.0,0.001,2.83503794670105,-6279.31322857474,0.5657560712088525,-6279.876887595443,0.002097050505653897,-6279.87892799145,5.665449862135574e-05,-6279.878983942723,7.03225850884337e-07,-6279.878983942723,7.03225850884337e-07,-6279.878983942723,7.03225850884337e-07,-6279.878983942723,7.03225850884337e-07,-6279.878983942723,7.03225850884337e-07,-6279.878983942723,7.03225850884337e-07,-6279.878983942723,7.03225850884337e-07,-6279.878983942723,7.03225850884337e-07,-6279.878983942723,7.03225850884337e-07,-6279.878983942723,7.03225850884337e-07,-6279.878983942723,7.03225850884337e-07,-6279.878983942723,7.03225850884337e-07,-6279.878983942723,7.03225850884337e-07,-6279.878983942723,7.03225850884337e-07,-6279.878983942723,7.03225850884337e-07,-6279.878983942723,7.03225850884337e-07,-6279.878983942723,7.03225850884337e-07
pb3,run06.json,Score_B,AS-SQD,B,600,1.0,0.001,2.8531830310821533,-6279.31322857474,0.5657560712088525,-6279.875073179814,0.003911466134923103,-6279.878957521443,2.7124505322717596e-05,-6279.878983962227,6.837217370048165e-07,-6279.878983962227,6.837217370048165e-07,-6279.878983962227,6.837217370048165e-07,-6279.878983962227,6.837217370048165e-07,-6279.878983962227,6.837217370048165e-07,-6279.878983962227,6.837217370048165e-07,-6279.878983962227,6.837217370048165e-07,-6279.878983962227,6.837217370048165e-07,-6279.878983962227,6.837217370048165e-07,-6279.878983962227,6.837217370048165e-07,-6279.878983962227,6.837217370048165e-07,-6279.878983962227,6.837217370048165e-07,-6279.878983962227,6.837217370048165e-07,-6279.878983962227,6.837217370048165e-07,-6279.878983962227,6.837217370048165e-07,-6279.878983962227,6.837217370048165e-07,-6279.878983962227,6.837217370048165e-07
pb3,run06.json,Score_BC,AS-SQD,BC,600,1.0,0.001,2.712554931640625,-6279.31322857474,0.5657560712088525,-6279.875073179814,0.003911466134923103,-6279.878957521443,2.7124505322717596e-05,-6279.878983962227,6.837217370048165e-07,-6279.878983962227,6.837217370048165e-07,-6279.878983962227,6.837217370048165e-07,-6279.878983962227,6.837217370048165e-07,-6279.878983962227,6.837217370048165e-07,-6279.878983962227,6.837217370048165e-07,-6279.878983962227,6.837217370048165e-07,-6279.878983962227,6.837217370048165e-07,-6279.878983962227,6.837217370048165e-07,-6279.878983962227,6.837217370048165e-07,-6279.878983962227,6.837217370048165e-07,-6279.878983962227,6.837217370048165e-07,-6279.878983962227,6.837217370048165e-07,-6279.878983962227,6.837217370048165e-07,-6279.878983962227,6.837217370048165e-07,-6279.878983962227,6.837217370048165e-07,-6279.878983962227,6.837217370048165e-07
pb3,run06.json,Score_C,AS-SQD,C,600,1.0,0.001,2.778700113296509,-6279.31322857474,0.5657560712088525,-6279.878370415152,0.0006142307966001681,-6279.878972895455,1.1750493285944685e-05,-6279.878984102734,5.432148100226186e-07,-6279.878984102734,5.432148100226186e-07,-6279.878984102734,5.432148100226186e-07,-6279.878984102734,5.432148100226186e-07,-6279.878984102734,5.432148100226186e-07,-6279.878984102734,5.432148100226186e-07,-6279.878984102734,5.432148100226186e-07,-6279.878984102734,5.432148100226186e-07,-6279.878984102734,5.432148100226186e-07,-6279.878984102734,5.432148100226186e-07,-6279.878984102734,5.432148100226186e-07,-6279.878984102734,5.432148100226186e-07,-6279.878984102734,5.432148100226186e-07,-6279.878984102734,5.432148100226186e-07,-6279.878984102734,5.432148100226186e-07,-6279.878984102734,5.432148100226186e-07,-6279.878984102734,5.432148100226186e-07
pb3,run06.json,Standard_SQD,Standard_SQD,N/A,N/A,N/A,N/A,2.8360650539398193,-6279.876689354203,0.002295291745213035,-6279.878792200289,0.00019244565919507295,-6279.878869474186,0.00011517176244524308,-6279.878892194962,9.245098681276431e-05,-6279.8789241194145,6.0526534070959315e-05,-6279.878934766014,4.987993452232331e-05,-6279.8789426158455,4.20301030317205e-05,-6279.8789426158455,4.20301030317205e-05,-6279.8789426158455,4.20301030317205e-05,-6279.8789426158455,4.20301030317205e-05,-6279.8789426158455,4.20301030317205e-05,-6279.8789426158455,4.20301030317205e-05,-6279.8789426158455,4.20301030317205e-05,-6279.8789426158455,4.20301030317205e-05,-6279.8789426158455,4.20301030317205e-05,-6279.8789426158455,4.20301030317205e-05,-6279.8789426158455,4.20301030317205e-05,-6279.8789426158455,4.20301030317205e-05,-6279.8789426158455,4.20301030317205e-05,-6279.8789426158455,4.20301030317205e-05
pb3,run06.json,gamma_0.1,AS-SQD,ABC,600,0.1,0.001,2.8266758918762207,-6279.31322857474,0.5657560712088525,-6279.876887595443,0.002097050505653897,-6279.87892799145,5.665449862135574e-05,-6279.878983942723,7.03225850884337e-07,-6279.878983942723,7.03225850884337e-07,-6279.878983942723,7.03225850884337e-07,-6279.878983942723,7.03225850884337e-07,-6279.878983942723,7.03225850884337e-07,-6279.878983942723,7.03225850884337e-07,-6279.878983942723,7.03225850884337e-07,-6279.878983942723,7.03225850884337e-07,-6279.878983942723,7.03225850884337e-07,-6279.878983942723,7.03225850884337e-07,-6279.878983942723,7.03225850884337e-07,-6279.878983942723,7.03225850884337e-07,-6279.878983942723,7.03225850884337e-07,-6279.878983942723,7.03225850884337e-07,-6279.878983942723,7.03225850884337e-07,-6279.878983942723,7.03225850884337e-07,-6279.878983942723,7.03225850884337e-07
pb3,run06.json,gamma_5.0,AS-SQD,ABC,600,5.0,0.001,2.8232967853546143,-6279.31322857474,0.5657560712088525,-6279.876571692979,0.0024129529692800133,-6279.878928081172,5.656477696902584e-05,-6279.878983942723,7.03225850884337e-07,-6279.878983942723,7.03225850884337e-07,-6279.878983942723,7.03225850884337e-07,-6279.878983942723,7.03225850884337e-07,-6279.878983942723,7.03225850884337e-07,-6279.878983942723,7.03225850884337e-07,-6279.878983942723,7.03225850884337e-07,-6279.878983942723,7.03225850884337e-07,-6279.878983942723,7.03225850884337e-07,-6279.878983942723,7.03225850884337e-07,-6279.878983942723,7.03225850884337e-07,-6279.878983942723,7.03225850884337e-07,-6279.878983942723,7.03225850884337e-07,-6279.878983942723,7.03225850884337e-07,-6279.878983942723,7.03225850884337e-07,-6279.878983942723,7.03225850884337e-07,-6279.878983942723,7.03225850884337e-07
pb3,run06.json,tau_dom_0.0001,AS-SQD,ABC,600,1.0,0.0001,4.43439793586731,-6279.31322857474,0.5657560712088525,-6279.876886670597,0.002097975351716741,-6279.878875336146,0.00010930980261036893,-6279.878982225844,2.4201044652727433e-06,-6279.878984010704,6.352447599056177e-07,-6279.8789840841055,5.618430805043317e-07,-6279.878984209333,4.36615664511919e-07,-6279.878984433333,2.1261530491756275e-07,-6279.878984469114,1.7683487385511398e-07,-6279.878984503347,1.4260149328038096e-07,-6279.8789846463915,4.4292391976341605e-10,-6279.8789846463915,4.4292391976341605e-10,-6279.8789846463915,4.4292391976341605e-10,-6279.8789846463915,4.4292391976341605e-10,-6279.8789846463915,4.4292391976341605e-10,-6279.8789846463915,4.4292391976341605e-10,-6279.8789846463915,4.4292391976341605e-10,-6279.8789846463915,4.4292391976341605e-10,-6279.8789846463915,4.4292391976341605e-10,-6279.8789846463915,4.4292391976341605e-10
pb3,run06.json,tau_dom_0.01,AS-SQD,ABC,600,1.0,0.01,2.875821113586426,-6279.31322857474,0.5657560712088525,-6279.876038384284,0.002946261664874328,-6279.8789272393005,5.740664801123785e-05,-6279.878983969864,6.760847099940293e-07,-6279.878983969864,6.760847099940293e-07,-6279.878983969864,6.760847099940293e-07,-6279.878983969864,6.760847099940293e-07,-6279.878983969864,6.760847099940293e-07,-6279.878983969864,6.760847099940293e-07,-6279.878983969864,6.760847099940293e-07,-6279.878983969864,6.760847099940293e-07,-6279.878983969864,6.760847099940293e-07,-6279.878983969864,6.760847099940293e-07,-6279.878983969864,6.760847099940293e-07,-6279.878983969864,6.760847099940293e-07,-6279.878983969864,6.760847099940293e-07,-6279.878983969864,6.760847099940293e-07,-6279.878983969864,6.760847099940293e-07,-6279.878983969864,6.760847099940293e-07,-6279.878983969864,6.760847099940293e-07
pb3,run07.json,B_add_1200,AS-SQD,ABC,1200,1.0,0.001,2.9972500801086426,-6279.242614721297,0.6363699246512624,-6279.877341928108,0.0016427178406956955,-6279.878984075555,5.70393240195699e-07,-6279.878984075555,5.70393240195699e-07,-6279.878984075555,5.70393240195699e-07,-6279.878984075555,5.70393240195699e-07,-6279.878984075555,5.70393240195699e-07,-6279.878984075555,5.70393240195699e-07,-6279.878984075555,5.70393240195699e-07,-6279.878984075555,5.70393240195699e-07,-6279.878984075555,5.70393240195699e-07,-6279.878984075555,5.70393240195699e-07,-6279.878984075555,5.70393240195699e-07,-6279.878984075555,5.70393240195699e-07,-6279.878984075555,5.70393240195699e-07,-6279.878984075555,5.70393240195699e-07,-6279.878984075555,5.70393240195699e-07,-6279.878984075555,5.70393240195699e-07,-6279.878984075555,5.70393240195699e-07,-6279.878984075555,5.70393240195699e-07
pb3,run07.json,B_add_200,AS-SQD,ABC,200,1.0,0.001,3.3315930366516113,-6279.242614721297,0.6363699246512624,-6279.2883997366525,0.5905849092960125,-6279.874914476918,0.004070169030455872,-6279.878350511109,0.0006341348398564151,-6279.878869071926,0.00011557402285689022,-6279.878926048429,5.859751945536118e-05,-6279.878975256491,9.389457773067988e-06,-6279.878983980799,6.651498551946133e-07,-6279.878983980799,6.651498551946133e-07,-6279.878983980799,6.651498551946133e-07,-6279.878983980799,6.651498551946133e-07,-6279.878983980799,6.651498551946133e-07,-6279.878983980799,6.651498551946133e-07,-6279.878983980799,6.651498551946133e-07,-6279.878983980799,6.651498551946133e-07,-6279.878983980799,6.651498551946133e-07,-6279.878983980799,6.651498551946133e-07,-6279.878983980799,6.651498551946133e-07,-6279.878983980799,6.651498551946133e-07,-6279.878983980799,6.651498551946133e-07
pb3,run07.json,Proposed_Baseline(ABC),AS-SQD,ABC,600,1.0,0.001,2.8422043323516846,-6279.242614721297,0.6363699246512624,-6279.8754174546075,0.0035671913410624256,-6279.8789289771385,5.5668810091447085e-05,-6279.878984024534,6.214149834704585e-07,-6279.878984024534,6.214149834704585e-07,-6279.878984024534,6.214149834704585e-07,-6279.878984024534,6.214149834704585e-07,-6279.878984024534,6.214149834704585e-07,-6279.878984024534,6.214149834704585e-07,-6279.878984024534,6.214149834704585e-07,-6279.878984024534,6.214149834704585e-07,-6279.878984024534,6.214149834704585e-07,-6279.878984024534,6.214149834704585e-07,-6279.878984024534,6.214149834704585e-07,-6279.878984024534,6.214149834704585e-07,-6279.878984024534,6.214149834704585e-07,-6279.878984024534,6.214149834704585e-07,-6279.878984024534,6.214149834704585e-07,-6279.878984024534,6.214149834704585e-07,-6279.878984024534,6.214149834704585e-07
pb3,run07.json,Score_A,AS-SQD,A,600,1.0,0.001,2.8611769676208496,-6279.242614721297,0.6363699246512624,-6279.874508597593,0.004476048355172679,-6279.8789289771385,5.5668810091447085e-05,-6279.878984024534,6.214149834704585e-07,-6279.878984024534,6.214149834704585e-07,-6279.878984024534,6.214149834704585e-07,-6279.878984024534,6.214149834704585e-07,-6279.878984024534,6.214149834704585e-07,-6279.878984024534,6.214149834704585e-07,-6279.878984024534,6.214149834704585e-07,-6279.878984024534,6.214149834704585e-07,-6279.878984024534,6.214149834704585e-07,-6279.878984024534,6.214149834704585e-07,-6279.878984024534,6.214149834704585e-07,-6279.878984024534,6.214149834704585e-07,-6279.878984024534,6.214149834704585e-07,-6279.878984024534,6.214149834704585e-07,-6279.878984024534,6.214149834704585e-07,-6279.878984024534,6.214149834704585e-07,-6279.878984024534,6.214149834704585e-07
pb3,run07.json,Score_AB,AS-SQD,AB,600,1.0,0.001,2.8539466857910156,-6279.242614721297,0.6363699246512624,-6279.874508597593,0.004476048355172679,-6279.8789289771385,5.5668810091447085e-05,-6279.878984024534,6.214149834704585e-07,-6279.878984024534,6.214149834704585e-07,-6279.878984024534,6.214149834704585e-07,-6279.878984024534,6.214149834704585e-07,-6279.878984024534,6.214149834704585e-07,-6279.878984024534,6.214149834704585e-07,-6279.878984024534,6.214149834704585e-07,-6279.878984024534,6.214149834704585e-07,-6279.878984024534,6.214149834704585e-07,-6279.878984024534,6.214149834704585e-07,-6279.878984024534,6.214149834704585e-07,-6279.878984024534,6.214149834704585e-07,-6279.878984024534,6.214149834704585e-07,-6279.878984024534,6.214149834704585e-07,-6279.878984024534,6.214149834704585e-07,-6279.878984024534,6.214149834704585e-07,-6279.878984024534,6.214149834704585e-07
pb3,run07.json,Score_AC,AS-SQD,AC,600,1.0,0.001,2.8654510974884033,-6279.242614721297,0.6363699246512624,-6279.875470175339,0.0035144706098435563,-6279.878928968149,5.567779953707941e-05,-6279.8789840147165,6.312320692813955e-07,-6279.8789840147165,6.312320692813955e-07,-6279.8789840147165,6.312320692813955e-07,-6279.8789840147165,6.312320692813955e-07,-6279.8789840147165,6.312320692813955e-07,-6279.8789840147165,6.312320692813955e-07,-6279.8789840147165,6.312320692813955e-07,-6279.8789840147165,6.312320692813955e-07,-6279.8789840147165,6.312320692813955e-07,-6279.8789840147165,6.312320692813955e-07,-6279.8789840147165,6.312320692813955e-07,-6279.8789840147165,6.312320692813955e-07,-6279.8789840147165,6.312320692813955e-07,-6279.8789840147165,6.312320692813955e-07,-6279.8789840147165,6.312320692813955e-07,-6279.8789840147165,6.312320692813955e-07,-6279.8789840147165,6.312320692813955e-07
pb3,run07.json,Score_B,AS-SQD,B,600,1.0,0.001,7.507763385772705,-6279.242614721297,0.6363699246512624,-6279.298397749815,0.5805868961333545,-6279.305156162142,0.57382848380621,-6279.332225449808,0.546759196140556,-6279.389620738181,0.489363907767256,-6279.421387295962,0.4575973499868269,-6279.422014425017,0.45697022093190753,-6279.423508953998,0.45547569195059623,-6279.878976122263,8.52368521009339e-06,-6279.878976122263,8.52368521009339e-06,-6279.87898448865,1.5729892766103148e-07,-6279.87898448865,1.5729892766103148e-07,-6279.87898448865,1.5729892766103148e-07,-6279.87898448865,1.5729892766103148e-07,-6279.87898448865,1.5729892766103148e-07,-6279.87898448865,1.5729892766103148e-07,-6279.87898448865,1.5729892766103148e-07,-6279.87898448865,1.5729892766103148e-07,-6279.87898448865,1.5729892766103148e-07,-6279.87898448865,1.5729892766103148e-07
pb3,run07.json,Score_BC,AS-SQD,BC,600,1.0,0.001,8.063097953796387,-6279.242614721297,0.6363699246512624,-6279.30060436179,0.5783802841588113,-6279.30738540577,0.5715992401783296,-6279.352821874551,0.5261627713971393,-6279.389448328795,0.48953631715357915,-6279.390889337672,0.48809530827657,-6279.420307341629,0.45867730431928067,-6279.422737083513,0.45624756243523734,-6279.878980466028,4.1799203245318495e-06,-6279.878980466028,4.1799203245318495e-06,-6279.878984493513,1.5243585949065164e-07,-6279.878984493513,1.5243585949065164e-07,-6279.878984493513,1.5243585949065164e-07,-6279.878984493513,1.5243585949065164e-07,-6279.878984493513,1.5243585949065164e-07,-6279.878984493513,1.5243585949065164e-07,-6279.878984493513,1.5243585949065164e-07,-6279.878984493513,1.5243585949065164e-07,-6279.878984493513,1.5243585949065164e-07,-6279.878984493513,1.5243585949065164e-07
pb3,run07.json,Score_C,AS-SQD,C,600,1.0,0.001,2.746540069580078,-6279.242614721297,0.6363699246512624,-6279.878949535832,3.511011618684279e-05,-6279.878978825673,5.820275873702485e-06,-6279.878984051083,5.94865923631005e-07,-6279.878984051083,5.94865923631005e-07,-6279.878984051083,5.94865923631005e-07,-6279.878984051083,5.94865923631005e-07,-6279.878984051083,5.94865923631005e-07,-6279.878984051083,5.94865923631005e-07,-6279.878984051083,5.94865923631005e-07,-6279.878984051083,5.94865923631005e-07,-6279.878984051083,5.94865923631005e-07,-6279.878984051083,5.94865923631005e-07,-6279.878984051083,5.94865923631005e-07,-6279.878984051083,5.94865923631005e-07,-6279.878984051083,5.94865923631005e-07,-6279.878984051083,5.94865923631005e-07,-6279.878984051083,5.94865923631005e-07,-6279.878984051083,5.94865923631005e-07,-6279.878984051083,5.94865923631005e-07
pb3,run07.json,Standard_SQD,Standard_SQD,N/A,N/A,N/A,N/A,4.118030071258545,-6279.876682186637,0.0023024593119771453,-6279.878682796845,0.0003018491033799364,-6279.878833741841,0.0001509041076133144,-6279.878874190969,0.00011045497922168579,-6279.878898621602,8.602434627391631e-05,-6279.878915991975,6.865397335786838e-05,-6279.8789276346,5.701134887203807e-05,-6279.878935002337,4.964361141901463e-05,-6279.878941127017,4.3518931306607556e-05,-6279.878941127017,4.3518931306607556e-05,-6279.878941127017,4.3518931306607556e-05,-6279.878941127017,4.3518931306607556e-05,-6279.878941127017,4.3518931306607556e-05,-6279.878941127017,4.3518931306607556e-05,-6279.878941127017,4.3518931306607556e-05,-6279.878941127017,4.3518931306607556e-05,-6279.878941127017,4.3518931306607556e-05,-6279.878941127017,4.3518931306607556e-05,-6279.878941127017,4.3518931306607556e-05,-6279.878941127017,4.3518931306607556e-05
pb3,run07.json,gamma_0.1,AS-SQD,ABC,600,0.1,0.001,2.907616138458252,-6279.242614721297,0.6363699246512624,-6279.875470181054,0.0035144648945788504,-6279.8789289771385,5.5668810091447085e-05,-6279.878984024534,6.214149834704585e-07,-6279.878984024534,6.214149834704585e-07,-6279.878984024534,6.214149834704585e-07,-6279.878984024534,6.214149834704585e-07,-6279.878984024534,6.214149834704585e-07,-6279.878984024534,6.214149834704585e-07,-6279.878984024534,6.214149834704585e-07,-6279.878984024534,6.214149834704585e-07,-6279.878984024534,6.214149834704585e-07,-6279.878984024534,6.214149834704585e-07,-6279.878984024534,6.214149834704585e-07,-6279.878984024534,6.214149834704585e-07,-6279.878984024534,6.214149834704585e-07,-6279.878984024534,6.214149834704585e-07,-6279.878984024534,6.214149834704585e-07,-6279.878984024534,6.214149834704585e-07,-6279.878984024534,6.214149834704585e-07
pb3,run07.json,gamma_5.0,AS-SQD,ABC,600,5.0,0.001,2.8307478427886963,-6279.242614721297,0.6363699246512624,-6279.875188939124,0.003795706824348599,-6279.878926656369,5.798957954539219e-05,-6279.878984022212,6.237369234440848e-07,-6279.878984022212,6.237369234440848e-07,-6279.878984022212,6.237369234440848e-07,-6279.878984022212,6.237369234440848e-07,-6279.878984022212,6.237369234440848e-07,-6279.878984022212,6.237369234440848e-07,-6279.878984022212,6.237369234440848e-07,-6279.878984022212,6.237369234440848e-07,-6279.878984022212,6.237369234440848e-07,-6279.878984022212,6.237369234440848e-07,-6279.878984022212,6.237369234440848e-07,-6279.878984022212,6.237369234440848e-07,-6279.878984022212,6.237369234440848e-07,-6279.878984022212,6.237369234440848e-07,-6279.878984022212,6.237369234440848e-07,-6279.878984022212,6.237369234440848e-07,-6279.878984022212,6.237369234440848e-07
pb3,run07.json,tau_dom_0.0001,AS-SQD,ABC,600,1.0,0.0001,4.500243902206421,-6279.242614721297,0.6363699246512624,-6279.875457278969,0.0035273669791422435,-6279.878927118927,5.75270214540069e-05,-6279.87898402686,6.190884960233234e-07,-6279.878984048938,5.970105121377856e-07,-6279.878984123456,5.224928827374242e-07,-6279.878984141055,5.048932507634163e-07,-6279.878984330094,3.1585477699991316e-07,-6279.878984353369,2.9257989808684215e-07,-6279.8789843959785,2.4997007130878046e-07,-6279.878984537501,1.0844723874470219e-07,-6279.8789846463915,4.4292391976341605e-10,-6279.8789846463915,4.4292391976341605e-10,-6279.8789846463915,4.4292391976341605e-10,-6279.8789846463915,4.4292391976341605e-10,-6279.8789846463915,4.4292391976341605e-10,-6279.8789846463915,4.4292391976341605e-10,-6279.8789846463915,4.4292391976341605e-10,-6279.8789846463915,4.4292391976341605e-10,-6279.8789846463915,4.4292391976341605e-10
pb3,run07.json,tau_dom_0.01,AS-SQD,ABC,600,1.0,0.01,2.8976738452911377,-6279.242614721297,0.6363699246512624,-6279.874547574842,0.00443707110662217,-6279.878928442574,5.620337469736114e-05,-6279.878984024534,6.214149834704585e-07,-6279.878984024534,6.214149834704585e-07,-6279.878984024534,6.214149834704585e-07,-6279.878984024534,6.214149834704585e-07,-6279.878984024534,6.214149834704585e-07,-6279.878984024534,6.214149834704585e-07,-6279.878984024534,6.214149834704585e-07,-6279.878984024534,6.214149834704585e-07,-6279.878984024534,6.214149834704585e-07,-6279.878984024534,6.214149834704585e-07,-6279.878984024534,6.214149834704585e-07,-6279.878984024534,6.214149834704585e-07,-6279.878984024534,6.214149834704585e-07,-6279.878984024534,6.214149834704585e-07,-6279.878984024534,6.214149834704585e-07,-6279.878984024534,6.214149834704585e-07,-6279.878984024534,6.214149834704585e-07
pb3,run08.json,B_add_1200,AS-SQD,ABC,1200,1.0,0.001,3.079716205596924,-6279.26397499535,0.6150096505989495,-6279.877152125088,0.0018325208602618659,-6279.878984034625,6.113232302595861e-07,-6279.878984034625,6.113232302595861e-07,-6279.878984034625,6.113232302595861e-07,-6279.878984034625,6.113232302595861e-07,-6279.878984034625,6.113232302595861e-07,-6279.878984034625,6.113232302595861e-07,-6279.878984034625,6.113232302595861e-07,-6279.878984034625,6.113232302595861e-07,-6279.878984034625,6.113232302595861e-07,-6279.878984034625,6.113232302595861e-07,-6279.878984034625,6.113232302595861e-07,-6279.878984034625,6.113232302595861e-07,-6279.878984034625,6.113232302595861e-07,-6279.878984034625,6.113232302595861e-07,-6279.878984034625,6.113232302595861e-07,-6279.878984034625,6.113232302595861e-07,-6279.878984034625,6.113232302595861e-07,-6279.878984034625,6.113232302595861e-07
pb3,run08.json,B_add_200,AS-SQD,ABC,200,1.0,0.001,3.8068339824676514,-6279.26397499535,0.6150096505989495,-6279.315352720281,0.5636319256673232,-6279.352179628987,0.526805016961589,-6279.875777939648,0.0032067063002614304,-6279.878878368398,0.0001062775509126368,-6279.878902601128,8.20448203739943e-05,-6279.878971835538,1.281041022593854e-05,-6279.8789755707385,9.075210073206108e-06,-6279.878983792924,8.530241757398471e-07,-6279.878983792924,8.530241757398471e-07,-6279.878983792924,8.530241757398471e-07,-6279.878983792924,8.530241757398471e-07,-6279.878983792924,8.530241757398471e-07,-6279.878983792924,8.530241757398471e-07,-6279.878983792924,8.530241757398471e-07,-6279.878983792924,8.530241757398471e-07,-6279.878983792924,8.530241757398471e-07,-6279.878983792924,8.530241757398471e-07,-6279.878983792924,8.530241757398471e-07,-6279.878983792924,8.530241757398471e-07
pb3,run08.json,Proposed_Baseline(ABC),AS-SQD,ABC,600,1.0,0.001,2.9448940753936768,-6279.26397499535,0.6150096505989495,-6279.875967468539,0.003017177409674332,-6279.878972255662,1.239028642885387e-05,-6279.878983890399,7.555499905720353e-07,-6279.878983890399,7.555499905720353e-07,-6279.878983890399,7.555499905720353e-07,-6279.878983890399,7.555499905720353e-07,-6279.878983890399,7.555499905720353e-07,-6279.878983890399,7.555499905720353e-07,-6279.878983890399,7.555499905720353e-07,-6279.878983890399,7.555499905720353e-07,-6279.878983890399,7.555499905720353e-07,-6279.878983890399,7.555499905720353e-07,-6279.878983890399,7.555499905720353e-07,-6279.878983890399,7.555499905720353e-07,-6279.878983890399,7.555499905720353e-07,-6279.878983890399,7.555499905720353e-07,-6279.878983890399,7.555499905720353e-07,-6279.878983890399,7.555499905720353e-07,-6279.878983890399,7.555499905720353e-07
pb3,run08.json,Score_A,AS-SQD,A,600,1.0,0.001,2.9628732204437256,-6279.26397499535,0.6150096505989495,-6279.876685758599,0.0022988873497524764,-6279.878975306031,9.339917596662417e-06,-6279.8789838930525,7.528960850322619e-07,-6279.8789838930525,7.528960850322619e-07,-6279.8789838930525,7.528960850322619e-07,-6279.8789838930525,7.528960850322619e-07,-6279.8789838930525,7.528960850322619e-07,-6279.8789838930525,7.528960850322619e-07,-6279.8789838930525,7.528960850322619e-07,-6279.8789838930525,7.528960850322619e-07,-6279.8789838930525,7.528960850322619e-07,-6279.8789838930525,7.528960850322619e-07,-6279.8789838930525,7.528960850322619e-07,-6279.8789838930525,7.528960850322619e-07,-6279.8789838930525,7.528960850322619e-07,-6279.8789838930525,7.528960850322619e-07,-6279.8789838930525,7.528960850322619e-07,-6279.8789838930525,7.528960850322619e-07,-6279.8789838930525,7.528960850322619e-07
pb3,run08.json,Score_AB,AS-SQD,AB,600,1.0,0.001,2.926815986633301,-6279.26397499535,0.6150096505989495,-6279.875967359883,0.0030172860651873634,-6279.878971995768,1.2650180906348396e-05,-6279.8789839047495,7.411990736727603e-07,-6279.8789839047495,7.411990736727603e-07,-6279.8789839047495,7.411990736727603e-07,-6279.8789839047495,7.411990736727603e-07,-6279.8789839047495,7.411990736727603e-07,-6279.8789839047495,7.411990736727603e-07,-6279.8789839047495,7.411990736727603e-07,-6279.8789839047495,7.411990736727603e-07,-6279.8789839047495,7.411990736727603e-07,-6279.8789839047495,7.411990736727603e-07,-6279.8789839047495,7.411990736727603e-07,-6279.8789839047495,7.411990736727603e-07,-6279.8789839047495,7.411990736727603e-07,-6279.8789839047495,7.411990736727603e-07,-6279.8789839047495,7.411990736727603e-07,-6279.8789839047495,7.411990736727603e-07,-6279.8789839047495,7.411990736727603e-07
pb3,run08.json,Score_AC,AS-SQD,AC,600,1.0,0.001,2.8920271396636963,-6279.26397499535,0.6150096505989495,-6279.8766858743875,0.002298771561072499,-6279.8789747924,9.853548363025766e-06,-6279.878983889968,7.559801815659739e-07,-6279.878983889968,7.559801815659739e-07,-6279.878983889968,7.559801815659739e-07,-6279.878983889968,7.559801815659739e-07,-6279.878983889968,7.559801815659739e-07,-6279.878983889968,7.559801815659739e-07,-6279.878983889968,7.559801815659739e-07,-6279.878983889968,7.559801815659739e-07,-6279.878983889968,7.559801815659739e-07,-6279.878983889968,7.559801815659739e-07,-6279.878983889968,7.559801815659739e-07,-6279.878983889968,7.559801815659739e-07,-6279.878983889968,7.559801815659739e-07,-6279.878983889968,7.559801815659739e-07,-6279.878983889968,7.559801815659739e-07,-6279.878983889968,7.559801815659739e-07,-6279.878983889968,7.559801815659739e-07
pb3,run08.json,Score_B,AS-SQD,B,600,1.0,0.001,7.216136932373047,-6279.26397499535,0.6150096505989495,-6279.300643532925,0.5783411130232707,-6279.311554632811,0.5674300131377095,-6279.351534579617,0.5274500663317667,-6279.377967275913,0.5010173700356972,-6279.42208822548,0.45689642046818335,-6279.422246735046,0.45673791090212035,-6279.422790765708,0.45619388024078944,-6279.87898096685,3.6790988815482706e-06,-6279.87898096685,3.6790988815482706e-06,-6279.878984488197,1.577518560225144e-07,-6279.878984488197,1.577518560225144e-07,-6279.878984488197,1.577518560225144e-07,-6279.878984488197,1.577518560225144e-07,-6279.878984488197,1.577518560225144e-07,-6279.878984488197,1.577518560225144e-07,-6279.878984488197,1.577518560225144e-07,-6279.878984488197,1.577518560225144e-07,-6279.878984488197,1.577518560225144e-07,-6279.878984488197,1.577518560225144e-07
pb3,run08.json,Score_BC,AS-SQD,BC,600,1.0,0.001,7.2207818031311035,-6279.26397499535,0.6150096505989495,-6279.300643532925,0.5783411130232707,-6279.311554632811,0.5674300131377095,-6279.351534579617,0.5274500663317667,-6279.377967275913,0.5010173700356972,-6279.422088017192,0.4568966287561125,-6279.422246735046,0.45673791090212035,-6279.422790765708,0.45619388024078944,-6279.87898096685,3.6790988815482706e-06,-6279.87898096685,3.6790988815482706e-06,-6279.878984488197,1.577518560225144e-07,-6279.878984488197,1.577518560225144e-07,-6279.878984488197,1.577518560225144e-07,-6279.878984488197,1.577518560225144e-07,-6279.878984488197,1.577518560225144e-07,-6279.878984488197,1.577518560225144e-07,-6279.878984488197,1.577518560225144e-07,-6279.878984488197,1.577518560225144e-07,-6279.878984488197,1.577518560225144e-07,-6279.878984488197,1.577518560225144e-07
pb3,run08.json,Score_C,AS-SQD,C,600,1.0,0.001,2.8425509929656982,-6279.26397499535,0.6150096505989495,-6279.877988658388,0.0009959875606000423,-6279.87897817164,6.474308975157328e-06,-6279.878983853815,7.921335054561496e-07,-6279.878983853815,7.921335054561496e-07,-6279.878983853815,7.921335054561496e-07,-6279.878983853815,7.921335054561496e-07,-6279.878983853815,7.921335054561496e-07,-6279.878983853815,7.921335054561496e-07,-6279.878983853815,7.921335054561496e-07,-6279.878983853815,7.921335054561496e-07,-6279.878983853815,7.921335054561496e-07,-6279.878983853815,7.921335054561496e-07,-6279.878983853815,7.921335054561496e-07,-6279.878983853815,7.921335054561496e-07,-6279.878983853815,7.921335054561496e-07,-6279.878983853815,7.921335054561496e-07,-6279.878983853815,7.921335054561496e-07,-6279.878983853815,7.921335054561496e-07,-6279.878983853815,7.921335054561496e-07
pb3,run08.json,Standard_SQD,Standard_SQD,N/A,N/A,N/A,N/A,2.9165077209472656,-6279.8759395703955,0.0030450755530182505,-6279.878793231773,0.00019141417578794062,-6279.878852344435,0.00013230151398602175,-6279.878892486439,9.215950922225602e-05,-6279.878936783183,4.786276531376643e-05,-6279.878940425394,4.422055462782737e-05,-6279.878948995675,3.5650273275678046e-05,-6279.878948995675,3.5650273275678046e-05,-6279.878948995675,3.5650273275678046e-05,-6279.878948995675,3.5650273275678046e-05,-6279.878948995675,3.5650273275678046e-05,-6279.878948995675,3.5650273275678046e-05,-6279.878948995675,3.5650273275678046e-05,-6279.878948995675,3.5650273275678046e-05,-6279.878948995675,3.5650273275678046e-05,-6279.878948995675,3.5650273275678046e-05,-6279.878948995675,3.5650273275678046e-05,-6279.878948995675,3.5650273275678046e-05,-6279.878948995675,3.5650273275678046e-05,-6279.878948995675,3.5650273275678046e-05
pb3,run08.json,gamma_0.1,AS-SQD,ABC,600,0.1,0.001,2.919442892074585,-6279.26397499535,0.6150096505989495,-6279.8766858743875,0.002298771561072499,-6279.87897367418,1.0971768460876774e-05,-6279.878983889968,7.559801815659739e-07,-6279.878983889968,7.559801815659739e-07,-6279.878983889968,7.559801815659739e-07,-6279.878983889968,7.559801815659739e-07,-6279.878983889968,7.559801815659739e-07,-6279.878983889968,7.559801815659739e-07,-6279.878983889968,7.559801815659739e-07,-6279.878983889968,7.559801815659739e-07,-6279.878983889968,7.559801815659739e-07,-6279.878983889968,7.559801815659739e-07,-6279.878983889968,7.559801815659739e-07,-6279.878983889968,7.559801815659739e-07,-6279.878983889968,7.559801815659739e-07,-6279.878983889968,7.559801815659739e-07,-6279.878983889968,7.559801815659739e-07,-6279.878983889968,7.559801815659739e-07,-6279.878983889968,7.559801815659739e-07
pb3,run08.json,gamma_5.0,AS-SQD,ABC,600,5.0,0.001,2.9200661182403564,-6279.26397499535,0.6150096505989495,-6279.875017104209,0.003967541739257285,-6279.87896099029,2.3655658878851682e-05,-6279.878983914127,7.318212738027796e-07,-6279.878983914127,7.318212738027796e-07,-6279.878983914127,7.318212738027796e-07,-6279.878983914127,7.318212738027796e-07,-6279.878983914127,7.318212738027796e-07,-6279.878983914127,7.318212738027796e-07,-6279.878983914127,7.318212738027796e-07,-6279.878983914127,7.318212738027796e-07,-6279.878983914127,7.318212738027796e-07,-6279.878983914127,7.318212738027796e-07,-6279.878983914127,7.318212738027796e-07,-6279.878983914127,7.318212738027796e-07,-6279.878983914127,7.318212738027796e-07,-6279.878983914127,7.318212738027796e-07,-6279.878983914127,7.318212738027796e-07,-6279.878983914127,7.318212738027796e-07,-6279.878983914127,7.318212738027796e-07
pb3,run08.json,tau_dom_0.0001,AS-SQD,ABC,600,1.0,0.0001,4.666934967041016,-6279.26397499535,0.6150096505989495,-6279.875967468539,0.003017177409674332,-6279.878961279863,2.33660857702489e-05,-6279.878983959238,6.867103365948424e-07,-6279.878984013811,6.321379260043614e-07,-6279.878984063366,5.825822881888598e-07,-6279.8789840896225,5.563260856433772e-07,-6279.87898434557,3.00378815154545e-07,-6279.878984393731,2.5221743271686137e-07,-6279.878984537501,1.0844723874470219e-07,-6279.878984537501,1.0844723874470219e-07,-6279.8789846463915,4.4292391976341605e-10,-6279.8789846463915,4.4292391976341605e-10,-6279.8789846463915,4.4292391976341605e-10,-6279.8789846463915,4.4292391976341605e-10,-6279.8789846463915,4.4292391976341605e-10,-6279.8789846463915,4.4292391976341605e-10,-6279.8789846463915,4.4292391976341605e-10,-6279.8789846463915,4.4292391976341605e-10,-6279.8789846463915,4.4292391976341605e-10
pb3,run08.json,tau_dom_0.01,AS-SQD,ABC,600,1.0,0.01,2.920267105102539,-6279.26397499535,0.6150096505989495,-6279.87620008636,0.002784559588690172,-6279.878972899755,1.1746193194994703e-05,-6279.8789839047495,7.411990736727603e-07,-6279.8789839047495,7.411990736727603e-07,-6279.8789839047495,7.411990736727603e-07,-6279.8789839047495,7.411990736727603e-07,-6279.8789839047495,7.411990736727603e-07,-6279.8789839047495,7.411990736727603e-07,-6279.8789839047495,7.411990736727603e-07,-6279.8789839047495,7.411990736727603e-07,-6279.8789839047495,7.411990736727603e-07,-6279.8789839047495,7.411990736727603e-07,-6279.8789839047495,7.411990736727603e-07,-6279.8789839047495,7.411990736727603e-07,-6279.8789839047495,7.411990736727603e-07,-6279.8789839047495,7.411990736727603e-07,-6279.8789839047495,7.411990736727603e-07,-6279.8789839047495,7.411990736727603e-07,-6279.8789839047495,7.411990736727603e-07
pb3,run09.json,B_add_1200,AS-SQD,ABC,1200,1.0,0.001,2.830293893814087,-6279.343452709417,0.5355319365316973,-6279.87817399925,0.0008106466984827421,-6279.878983863067,7.828812158550136e-07,-6279.878983863067,7.828812158550136e-07,-6279.878983863067,7.828812158550136e-07,-6279.878983863067,7.828812158550136e-07,-6279.878983863067,7.828812158550136e-07,-6279.878983863067,7.828812158550136e-07,-6279.878983863067,7.828812158550136e-07,-6279.878983863067,7.828812158550136e-07,-6279.878983863067,7.828812158550136e-07,-6279.878983863067,7.828812158550136e-07,-6279.878983863067,7.828812158550136e-07,-6279.878983863067,7.828812158550136e-07,-6279.878983863067,7.828812158550136e-07,-6279.878983863067,7.828812158550136e-07,-6279.878983863067,7.828812158550136e-07,-6279.878983863067,7.828812158550136e-07,-6279.878983863067,7.828812158550136e-07,-6279.878983863067,7.828812158550136e-07
pb3,run09.json,B_add_200,AS-SQD,ABC,200,1.0,0.001,3.098473072052002,-6279.343452709417,0.5355319365316973,-6279.389470277367,0.4895143685816947,-6279.877049548503,0.0019350974453118397,-6279.878803880515,0.00018076543346978724,-6279.878865906087,0.00011873986113641877,-6279.878924590695,6.005525392538402e-05,-6279.878976347236,8.298712600662839e-06,-6279.878983819671,8.262777555501089e-07,-6279.878983819671,8.262777555501089e-07,-6279.878983819671,8.262777555501089e-07,-6279.878983819671,8.262777555501089e-07,-6279.878983819671,8.262777555501089e-07,-6279.878983819671,8.262777555501089e-07,-6279.878983819671,8.262777555501089e-07,-6279.878983819671,8.262777555501089e-07,-6279.878983819671,8.262777555501089e-07,-6279.878983819671,8.262777555501089e-07,-6279.878983819671,8.262777555501089e-07,-6279.878983819671,8.262777555501089e-07,-6279.878983819671,8.262777555501089e-07
pb3,run09.json,Proposed_Baseline(ABC),AS-SQD,ABC,600,1.0,0.001,2.663839101791382,-6279.343452709417,0.5355319365316973,-6279.877678749907,0.0013058960412308807,-6279.878928943406,5.570254234044114e-05,-6279.878983834988,8.10960955277551e-07,-6279.878983834988,8.10960955277551e-07,-6279.878983834988,8.10960955277551e-07,-6279.878983834988,8.10960955277551e-07,-6279.878983834988,8.10960955277551e-07,-6279.878983834988,8.10960955277551e-07,-6279.878983834988,8.10960955277551e-07,-6279.878983834988,8.10960955277551e-07,-6279.878983834988,8.10960955277551e-07,-6279.878983834988,8.10960955277551e-07,-6279.878983834988,8.10960955277551e-07,-6279.878983834988,8.10960955277551e-07,-6279.878983834988,8.10960955277551e-07,-6279.878983834988,8.10960955277551e-07,-6279.878983834988,8.10960955277551e-07,-6279.878983834988,8.10960955277551e-07,-6279.878983834988,8.10960955277551e-07
pb3,run09.json,Score_A,AS-SQD,A,600,1.0,0.001,2.6590569019317627,-6279.343452709417,0.5355319365316973,-6279.877228542512,0.001756103436491685,-6279.878939270873,4.537507538771024e-05,-6279.87898382852,8.174283721018583e-07,-6279.87898382852,8.174283721018583e-07,-6279.87898382852,8.174283721018583e-07,-6279.87898382852,8.174283721018583e-07,-6279.87898382852,8.174283721018583e-07,-6279.87898382852,8.174283721018583e-07,-6279.87898382852,8.174283721018583e-07,-6279.87898382852,8.174283721018583e-07,-6279.87898382852,8.174283721018583e-07,-6279.87898382852,8.174283721018583e-07,-6279.87898382852,8.174283721018583e-07,-6279.87898382852,8.174283721018583e-07,-6279.87898382852,8.174283721018583e-07,-6279.87898382852,8.174283721018583e-07,-6279.87898382852,8.174283721018583e-07,-6279.87898382852,8.174283721018583e-07,-6279.87898382852,8.174283721018583e-07
pb3,run09.json,Score_AB,AS-SQD,AB,600,1.0,0.001,2.673961877822876,-6279.343452709417,0.5355319365316973,-6279.877228546581,0.0017560993674123893,-6279.878928943406,5.570254234044114e-05,-6279.878983834988,8.10960955277551e-07,-6279.878983834988,8.10960955277551e-07,-6279.878983834988,8.10960955277551e-07,-6279.878983834988,8.10960955277551e-07,-6279.878983834988,8.10960955277551e-07,-6279.878983834988,8.10960955277551e-07,-6279.878983834988,8.10960955277551e-07,-6279.878983834988,8.10960955277551e-07,-6279.878983834988,8.10960955277551e-07,-6279.878983834988,8.10960955277551e-07,-6279.878983834988,8.10960955277551e-07,-6279.878983834988,8.10960955277551e-07,-6279.878983834988,8.10960955277551e-07,-6279.878983834988,8.10960955277551e-07,-6279.878983834988,8.10960955277551e-07,-6279.878983834988,8.10960955277551e-07,-6279.878983834988,8.10960955277551e-07
pb3,run09.json,Score_AC,AS-SQD,AC,600,1.0,0.001,2.644340991973877,-6279.343452709417,0.5355319365316973,-6279.877678745717,0.0013059002312729717,-6279.878939270873,4.537507538771024e-05,-6279.87898382852,8.174283721018583e-07,-6279.87898382852,8.174283721018583e-07,-6279.87898382852,8.174283721018583e-07,-6279.87898382852,8.174283721018583e-07,-6279.87898382852,8.174283721018583e-07,-6279.87898382852,8.174283721018583e-07,-6279.87898382852,8.174283721018583e-07,-6279.87898382852,8.174283721018583e-07,-6279.87898382852,8.174283721018583e-07,-6279.87898382852,8.174283721018583e-07,-6279.87898382852,8.174283721018583e-07,-6279.87898382852,8.174283721018583e-07,-6279.87898382852,8.174283721018583e-07,-6279.87898382852,8.174283721018583e-07,-6279.87898382852,8.174283721018583e-07,-6279.87898382852,8.174283721018583e-07,-6279.87898382852,8.174283721018583e-07
pb3,run09.json,Score_B,AS-SQD,B,600,1.0,0.001,6.583684921264648,-6279.343452709417,0.5355319365316973,-6279.4116251358955,0.4673595100530292,-6279.41375891031,0.4652257356383416,-6279.416006005968,0.46297863998097455,-6279.421478178228,0.4575064677201226,-6279.423207308463,0.45577733748541505,-6279.878447525684,0.0005371202641981654,-6279.878977001383,7.644565812370274e-06,-6279.87898447202,1.739281287882477e-07,-6279.87898447202,1.739281287882477e-07,-6279.87898447202,1.739281287882477e-07,-6279.87898447202,1.739281287882477e-07,-6279.87898447202,1.739281287882477e-07,-6279.87898447202,1.739281287882477e-07,-6279.87898447202,1.739281287882477e-07,-6279.87898447202,1.739281287882477e-07,-6279.87898447202,1.739281287882477e-07,-6279.87898447202,1.739281287882477e-07,-6279.87898447202,1.739281287882477e-07,-6279.87898447202,1.739281287882477e-07
pb3,run09.json,Score_BC,AS-SQD,BC,600,1.0,0.001,6.233308792114258,-6279.343452709417,0.5355319365316973,-6279.4116251358955,0.4673595100530292,-6279.41382898204,0.4651556639082628,-6279.416006809728,0.4629778362204888,-6279.421478783028,0.45750586292069784,-6279.422887704611,0.45609694133781886,-6279.878447530308,0.0005371156403271016,-6279.878977005954,7.639994691999163e-06,-6279.878984476575,1.6937337932176888e-07,-6279.878984476575,1.6937337932176888e-07,-6279.878984476575,1.6937337932176888e-07,-6279.878984476575,1.6937337932176888e-07,-6279.878984476575,1.6937337932176888e-07,-6279.878984476575,1.6937337932176888e-07,-6279.878984476575,1.6937337932176888e-07,-6279.878984476575,1.6937337932176888e-07,-6279.878984476575,1.6937337932176888e-07,-6279.878984476575,1.6937337932176888e-07,-6279.878984476575,1.6937337932176888e-07,-6279.878984476575,1.6937337932176888e-07
pb3,run09.json,Score_C,AS-SQD,C,600,1.0,0.001,2.6501660346984863,-6279.343452709417,0.5355319365316973,-6279.878905332434,7.931351410661591e-05,-6279.878980503871,4.14207715948578e-06,-6279.878983852027,7.939215720398352e-07,-6279.878983852027,7.939215720398352e-07,-6279.878983852027,7.939215720398352e-07,-6279.878983852027,7.939215720398352e-07,-6279.878983852027,7.939215720398352e-07,-6279.878983852027,7.939215720398352e-07,-6279.878983852027,7.939215720398352e-07,-6279.878983852027,7.939215720398352e-07,-6279.878983852027,7.939215720398352e-07,-6279.878983852027,7.939215720398352e-07,-6279.878983852027,7.939215720398352e-07,-6279.878983852027,7.939215720398352e-07,-6279.878983852027,7.939215720398352e-07,-6279.878983852027,7.939215720398352e-07,-6279.878983852027,7.939215720398352e-07,-6279.878983852027,7.939215720398352e-07,-6279.878983852027,7.939215720398352e-07
pb3,run09.json,Standard_SQD,Standard_SQD,N/A,N/A,N/A,N/A,3.470708131790161,-6279.876761463429,0.002223182519628608,-6279.878790475089,0.00019417085968598258,-6279.878838871019,0.00014577492947864812,-6279.878898129753,8.65161955516669e-05,-6279.878913374152,7.127179651433835e-05,-6279.878944334445,4.031150365335634e-05,-6279.87894745772,3.718822881637607e-05,-6279.878957779448,2.6866500775213353e-05,-6279.878957779448,2.6866500775213353e-05,-6279.878957779448,2.6866500775213353e-05,-6279.878957779448,2.6866500775213353e-05,-6279.878957779448,2.6866500775213353e-05,-6279.878957779448,2.6866500775213353e-05,-6279.878957779448,2.6866500775213353e-05,-6279.878957779448,2.6866500775213353e-05,-6279.878957779448,2.6866500775213353e-05,-6279.878957779448,2.6866500775213353e-05,-6279.878957779448,2.6866500775213353e-05,-6279.878957779448,2.6866500775213353e-05,-6279.878957779448,2.6866500775213353e-05
pb3,run09.json,gamma_0.1,AS-SQD,ABC,600,0.1,0.001,2.6594398021698,-6279.343452709417,0.5355319365316973,-6279.877678745717,0.0013059002312729717,-6279.878928937201,5.570874782279134e-05,-6279.87898382852,8.174283721018583e-07,-6279.87898382852,8.174283721018583e-07,-6279.87898382852,8.174283721018583e-07,-6279.87898382852,8.174283721018583e-07,-6279.87898382852,8.174283721018583e-07,-6279.87898382852,8.174283721018583e-07,-6279.87898382852,8.174283721018583e-07,-6279.87898382852,8.174283721018583e-07,-6279.87898382852,8.174283721018583e-07,-6279.87898382852,8.174283721018583e-07,-6279.87898382852,8.174283721018583e-07,-6279.87898382852,8.174283721018583e-07,-6279.87898382852,8.174283721018583e-07,-6279.87898382852,8.174283721018583e-07,-6279.87898382852,8.174283721018583e-07,-6279.87898382852,8.174283721018583e-07,-6279.87898382852,8.174283721018583e-07
pb3,run09.json,gamma_5.0,AS-SQD,ABC,600,5.0,0.001,2.7226738929748535,-6279.343452709417,0.5355319365316973,-6279.8776772151,0.0013074308481009211,-6279.878930500695,5.414525367086753e-05,-6279.87898384541,8.005381459952332e-07,-6279.87898384541,8.005381459952332e-07,-6279.87898384541,8.005381459952332e-07,-6279.87898384541,8.005381459952332e-07,-6279.87898384541,8.005381459952332e-07,-6279.87898384541,8.005381459952332e-07,-6279.87898384541,8.005381459952332e-07,-6279.87898384541,8.005381459952332e-07,-6279.87898384541,8.005381459952332e-07,-6279.87898384541,8.005381459952332e-07,-6279.87898384541,8.005381459952332e-07,-6279.87898384541,8.005381459952332e-07,-6279.87898384541,8.005381459952332e-07,-6279.87898384541,8.005381459952332e-07,-6279.87898384541,8.005381459952332e-07,-6279.87898384541,8.005381459952332e-07,-6279.87898384541,8.005381459952332e-07
pb3,run09.json,tau_dom_0.0001,AS-SQD,ABC,600,1.0,0.0001,4.4542930126190186,-6279.343452709417,0.5355319365316973,-6279.877678756573,0.0013058893755442114,-6279.878927293474,5.7352474868821446e-05,-6279.878982358322,2.2876265575177968e-06,-6279.878983878978,7.66970515542198e-07,-6279.878983957047,6.889013093314134e-07,-6279.878984087311,5.586371116805822e-07,-6279.878984338598,3.073510015383363e-07,-6279.878984370289,2.756596586550586e-07,-6279.878984404747,2.4120163288898766e-07,-6279.878984537501,1.0844723874470219e-07,-6279.8789846463915,4.4292391976341605e-10,-6279.8789846463915,4.4292391976341605e-10,-6279.8789846463915,4.4292391976341605e-10,-6279.8789846463915,4.4292391976341605e-10,-6279.8789846463915,4.4292391976341605e-10,-6279.8789846463915,4.4292391976341605e-10,-6279.8789846463915,4.4292391976341605e-10,-6279.8789846463915,4.4292391976341605e-10,-6279.8789846463915,4.4292391976341605e-10
pb3,run09.json,tau_dom_0.01,AS-SQD,ABC,600,1.0,0.01,2.6730408668518066,-6279.343452709417,0.5355319365316973,-6279.87767875205,0.0013058938984613633,-6279.878928947194,5.569875429500826e-05,-6279.878983838893,8.07055585028138e-07,-6279.878983838893,8.07055585028138e-07,-6279.878983838893,8.07055585028138e-07,-6279.878983838893,8.07055585028138e-07,-6279.878983838893,8.07055585028138e-07,-6279.878983838893,8.07055585028138e-07,-6279.878983838893,8.07055585028138e-07,-6279.878983838893,8.07055585028138e-07,-6279.878983838893,8.07055585028138e-07,-6279.878983838893,8.07055585028138e-07,-6279.878983838893,8.07055585028138e-07,-6279.878983838893,8.07055585028138e-07,-6279.878983838893,8.07055585028138e-07,-6279.878983838893,8.07055585028138e-07,-6279.878983838893,8.07055585028138e-07,-6279.878983838893,8.07055585028138e-07,-6279.878983838893,8.07055585028138e-07
pb3,run10.json,B_add_1200,AS-SQD,ABC,1200,1.0,0.001,2.5199549198150635,-6279.873622391333,0.005362254615647544,-6279.878983757534,8.884144335752353e-07,-6279.878983757534,8.884144335752353e-07,-6279.878983757534,8.884144335752353e-07,-6279.878983757534,8.884144335752353e-07,-6279.878983757534,8.884144335752353e-07,-6279.878983757534,8.884144335752353e-07,-6279.878983757534,8.884144335752353e-07,-6279.878983757534,8.884144335752353e-07,-6279.878983757534,8.884144335752353e-07,-6279.878983757534,8.884144335752353e-07,-6279.878983757534,8.884144335752353e-07,-6279.878983757534,8.884144335752353e-07,-6279.878983757534,8.884144335752353e-07,-6279.878983757534,8.884144335752353e-07,-6279.878983757534,8.884144335752353e-07,-6279.878983757534,8.884144335752353e-07,-6279.878983757534,8.884144335752353e-07,-6279.878983757534,8.884144335752353e-07,-6279.878983757534,8.884144335752353e-07
pb3,run10.json,B_add_200,AS-SQD,ABC,200,1.0,0.001,2.354357957839966,-6279.873622391333,0.005362254615647544,-6279.878298106239,0.0006865397099318216,-6279.878854175386,0.00013047056290815817,-6279.878917317097,6.732885140081635e-05,-6279.878972269956,1.2375992810120806e-05,-6279.878983757534,8.884144335752353e-07,-6279.878983757534,8.884144335752353e-07,-6279.878983757534,8.884144335752353e-07,-6279.878983757534,8.884144335752353e-07,-6279.878983757534,8.884144335752353e-07,-6279.878983757534,8.884144335752353e-07,-6279.878983757534,8.884144335752353e-07,-6279.878983757534,8.884144335752353e-07,-6279.878983757534,8.884144335752353e-07,-6279.878983757534,8.884144335752353e-07,-6279.878983757534,8.884144335752353e-07,-6279.878983757534,8.884144335752353e-07,-6279.878983757534,8.884144335752353e-07,-6279.878983757534,8.884144335752353e-07,-6279.878983757534,8.884144335752353e-07
pb3,run10.json,Proposed_Baseline(ABC),AS-SQD,ABC,600,1.0,0.001,2.472551107406616,-6279.873622391333,0.005362254615647544,-6279.878917317097,6.732885140081635e-05,-6279.878983757534,8.884144335752353e-07,-6279.878983757534,8.884144335752353e-07,-6279.878983757534,8.884144335752353e-07,-6279.878983757534,8.884144335752353e-07,-6279.878983757534,8.884144335752353e-07,-6279.878983757534,8.884144335752353e-07,-6279.878983757534,8.884144335752353e-07,-6279.878983757534,8.884144335752353e-07,-6279.878983757534,8.884144335752353e-07,-6279.878983757534,8.884144335752353e-07,-6279.878983757534,8.884144335752353e-07,-6279.878983757534,8.884144335752353e-07,-6279.878983757534,8.884144335752353e-07,-6279.878983757534,8.884144335752353e-07,-6279.878983757534,8.884144335752353e-07,-6279.878983757534,8.884144335752353e-07,-6279.878983757534,8.884144335752353e-07,-6279.878983757534,8.884144335752353e-07
pb3,run10.json,Score_A,AS-SQD,A,600,1.0,0.001,2.464733123779297,-6279.873622391333,0.005362254615647544,-6279.878917351379,6.729456981702242e-05,-6279.878983757534,8.884144335752353e-07,-6279.878983757534,8.884144335752353e-07,-6279.878983757534,8.884144335752353e-07,-6279.878983757534,8.884144335752353e-07,-6279.878983757534,8.884144335752353e-07,-6279.878983757534,8.884144335752353e-07,-6279.878983757534,8.884144335752353e-07,-6279.878983757534,8.884144335752353e-07,-6279.878983757534,8.884144335752353e-07,-6279.878983757534,8.884144335752353e-07,-6279.878983757534,8.884144335752353e-07,-6279.878983757534,8.884144335752353e-07,-6279.878983757534,8.884144335752353e-07,-6279.878983757534,8.884144335752353e-07,-6279.878983757534,8.884144335752353e-07,-6279.878983757534,8.884144335752353e-07,-6279.878983757534,8.884144335752353e-07,-6279.878983757534,8.884144335752353e-07
pb3,run10.json,Score_AB,AS-SQD,AB,600,1.0,0.001,2.437464952468872,-6279.873622391333,0.005362254615647544,-6279.878917317097,6.732885140081635e-05,-6279.878983757534,8.884144335752353e-07,-6279.878983757534,8.884144335752353e-07,-6279.878983757534,8.884144335752353e-07,-6279.878983757534,8.884144335752353e-07,-6279.878983757534,8.884144335752353e-07,-6279.878983757534,8.884144335752353e-07,-6279.878983757534,8.884144335752353e-07,-6279.878983757534,8.884144335752353e-07,-6279.878983757534,8.884144335752353e-07,-6279.878983757534,8.884144335752353e-07,-6279.878983757534,8.884144335752353e-07,-6279.878983757534,8.884144335752353e-07,-6279.878983757534,8.884144335752353e-07,-6279.878983757534,8.884144335752353e-07,-6279.878983757534,8.884144335752353e-07,-6279.878983757534,8.884144335752353e-07,-6279.878983757534,8.884144335752353e-07,-6279.878983757534,8.884144335752353e-07
pb3,run10.json,Score_AC,AS-SQD,AC,600,1.0,0.001,2.4404828548431396,-6279.873622391333,0.005362254615647544,-6279.878917351379,6.729456981702242e-05,-6279.878983757534,8.884144335752353e-07,-6279.878983757534,8.884144335752353e-07,-6279.878983757534,8.884144335752353e-07,-6279.878983757534,8.884144335752353e-07,-6279.878983757534,8.884144335752353e-07,-6279.878983757534,8.884144335752353e-07,-6279.878983757534,8.884144335752353e-07,-6279.878983757534,8.884144335752353e-07,-6279.878983757534,8.884144335752353e-07,-6279.878983757534,8.884144335752353e-07,-6279.878983757534,8.884144335752353e-07,-6279.878983757534,8.884144335752353e-07,-6279.878983757534,8.884144335752353e-07,-6279.878983757534,8.884144335752353e-07,-6279.878983757534,8.884144335752353e-07,-6279.878983757534,8.884144335752353e-07,-6279.878983757534,8.884144335752353e-07,-6279.878983757534,8.884144335752353e-07
pb3,run10.json,Score_B,AS-SQD,B,600,1.0,0.001,2.386437177658081,-6279.873622391333,0.005362254615647544,-6279.878943028609,4.161733977525728e-05,-6279.878983757534,8.884144335752353e-07,-6279.878983757534,8.884144335752353e-07,-6279.878983757534,8.884144335752353e-07,-6279.878983757534,8.884144335752353e-07,-6279.878983757534,8.884144335752353e-07,-6279.878983757534,8.884144335752353e-07,-6279.878983757534,8.884144335752353e-07,-6279.878983757534,8.884144335752353e-07,-6279.878983757534,8.884144335752353e-07,-6279.878983757534,8.884144335752353e-07,-6279.878983757534,8.884144335752353e-07,-6279.878983757534,8.884144335752353e-07,-6279.878983757534,8.884144335752353e-07,-6279.878983757534,8.884144335752353e-07,-6279.878983757534,8.884144335752353e-07,-6279.878983757534,8.884144335752353e-07,-6279.878983757534,8.884144335752353e-07,-6279.878983757534,8.884144335752353e-07
pb3,run10.json,Score_BC,AS-SQD,BC,600,1.0,0.001,2.382171869277954,-6279.873622391333,0.005362254615647544,-6279.878943028609,4.161733977525728e-05,-6279.878983757534,8.884144335752353e-07,-6279.878983757534,8.884144335752353e-07,-6279.878983757534,8.884144335752353e-07,-6279.878983757534,8.884144335752353e-07,-6279.878983757534,8.884144335752353e-07,-6279.878983757534,8.884144335752353e-07,-6279.878983757534,8.884144335752353e-07,-6279.878983757534,8.884144335752353e-07,-6279.878983757534,8.884144335752353e-07,-6279.878983757534,8.884144335752353e-07,-6279.878983757534,8.884144335752353e-07,-6279.878983757534,8.884144335752353e-07,-6279.878983757534,8.884144335752353e-07,-6279.878983757534,8.884144335752353e-07,-6279.878983757534,8.884144335752353e-07,-6279.878983757534,8.884144335752353e-07,-6279.878983757534,8.884144335752353e-07,-6279.878983757534,8.884144335752353e-07
pb3,run10.json,Score_C,AS-SQD,C,600,1.0,0.001,2.4185659885406494,-6279.873622391333,0.005362254615647544,-6279.878949890978,3.475497032923158e-05,-6279.878983757534,8.884144335752353e-07,-6279.878983757534,8.884144335752353e-07,-6279.878983757534,8.884144335752353e-07,-6279.878983757534,8.884144335752353e-07,-6279.878983757534,8.884144335752353e-07,-6279.878983757534,8.884144335752353e-07,-6279.878983757534,8.884144335752353e-07,-6279.878983757534,8.884144335752353e-07,-6279.878983757534,8.884144335752353e-07,-6279.878983757534,8.884144335752353e-07,-6279.878983757534,8.884144335752353e-07,-6279.878983757534,8.884144335752353e-07,-6279.878983757534,8.884144335752353e-07,-6279.878983757534,8.884144335752353e-07,-6279.878983757534,8.884144335752353e-07,-6279.878983757534,8.884144335752353e-07,-6279.878983757534,8.884144335752353e-07,-6279.878983757534,8.884144335752353e-07
pb3,run10.json,Standard_SQD,Standard_SQD,N/A,N/A,N/A,N/A,3.9800732135772705,-6279.875866096792,0.0031185491561700474,-6279.877493605515,0.0014910404333932092,-6279.878758561389,0.00022608455947192851,-6279.878896786331,8.78596174516133e-05,-6279.878916149376,6.849657256680075e-05,-6279.878935801421,4.8844527555047534e-05,-6279.878941955624,4.2690324335126206e-05,-6279.87894652112,3.812482827925123e-05,-6279.878956205293,2.844065511453664e-05,-6279.878956205293,2.844065511453664e-05,-6279.878956205293,2.844065511453664e-05,-6279.878956205293,2.844065511453664e-05,-6279.878956205293,2.844065511453664e-05,-6279.878956205293,2.844065511453664e-05,-6279.878956205293,2.844065511453664e-05,-6279.878956205293,2.844065511453664e-05,-6279.878956205293,2.844065511453664e-05,-6279.878956205293,2.844065511453664e-05,-6279.878956205293,2.844065511453664e-05,-6279.878956205293,2.844065511453664e-05
pb3,run10.json,gamma_0.1,AS-SQD,ABC,600,0.1,0.001,2.43353009223938,-6279.873622391333,0.005362254615647544,-6279.878917351379,6.729456981702242e-05,-6279.878983757534,8.884144335752353e-07,-6279.878983757534,8.884144335752353e-07,-6279.878983757534,8.884144335752353e-07,-6279.878983757534,8.884144335752353e-07,-6279.878983757534,8.884144335752353e-07,-6279.878983757534,8.884144335752353e-07,-6279.878983757534,8.884144335752353e-07,-6279.878983757534,8.884144335752353e-07,-6279.878983757534,8.884144335752353e-07,-6279.878983757534,8.884144335752353e-07,-6279.878983757534,8.884144335752353e-07,-6279.878983757534,8.884144335752353e-07,-6279.878983757534,8.884144335752353e-07,-6279.878983757534,8.884144335752353e-07,-6279.878983757534,8.884144335752353e-07,-6279.878983757534,8.884144335752353e-07,-6279.878983757534,8.884144335752353e-07,-6279.878983757534,8.884144335752353e-07
pb3,run10.json,gamma_5.0,AS-SQD,ABC,600,5.0,0.001,2.430811882019043,-6279.873622391333,0.005362254615647544,-6279.878917871928,6.677402052446268e-05,-6279.878983757534,8.884144335752353e-07,-6279.878983757534,8.884144335752353e-07,-6279.878983757534,8.884144335752353e-07,-6279.878983757534,8.884144335752353e-07,-6279.878983757534,8.884144335752353e-07,-6279.878983757534,8.884144335752353e-07,-6279.878983757534,8.884144335752353e-07,-6279.878983757534,8.884144335752353e-07,-6279.878983757534,8.884144335752353e-07,-6279.878983757534,8.884144335752353e-07,-6279.878983757534,8.884144335752353e-07,-6279.878983757534,8.884144335752353e-07,-6279.878983757534,8.884144335752353e-07,-6279.878983757534,8.884144335752353e-07,-6279.878983757534,8.884144335752353e-07,-6279.878983757534,8.884144335752353e-07,-6279.878983757534,8.884144335752353e-07,-6279.878983757534,8.884144335752353e-07
pb3,run10.json,tau_dom_0.0001,AS-SQD,ABC,600,1.0,0.0001,4.377365827560425,-6279.873622391333,0.005362254615647544,-6279.878869545191,0.00011510075728438096,-6279.878972149586,1.249636261491105e-05,-6279.878983842743,8.032056939555332e-07,-6279.878983907605,7.383432603091933e-07,-6279.878983988185,6.577638487215154e-07,-6279.8789841808,4.651483322959393e-07,-6279.878984364501,2.814476829371415e-07,-6279.8789843959785,2.4997007130878046e-07,-6279.878984537501,1.0844723874470219e-07,-6279.878984537501,1.0844723874470219e-07,-6279.8789846463915,4.4292391976341605e-10,-6279.8789846463915,4.4292391976341605e-10,-6279.8789846463915,4.4292391976341605e-10,-6279.8789846463915,4.4292391976341605e-10,-6279.8789846463915,4.4292391976341605e-10,-6279.8789846463915,4.4292391976341605e-10,-6279.8789846463915,4.4292391976341605e-10,-6279.8789846463915,4.4292391976341605e-10,-6279.8789846463915,4.4292391976341605e-10
pb3,run10.json,tau_dom_0.01,AS-SQD,ABC,600,1.0,0.01,2.448374032974243,-6279.873622391333,0.005362254615647544,-6279.878917317097,6.732885140081635e-05,-6279.878983757534,8.884144335752353e-07,-6279.878983757534,8.884144335752353e-07,-6279.878983757534,8.884144335752353e-07,-6279.878983757534,8.884144335752353e-07,-6279.878983757534,8.884144335752353e-07,-6279.878983757534,8.884144335752353e-07,-6279.878983757534,8.884144335752353e-07,-6279.878983757534,8.884144335752353e-07,-6279.878983757534,8.884144335752353e-07,-6279.878983757534,8.884144335752353e-07,-6279.878983757534,8.884144335752353e-07,-6279.878983757534,8.884144335752353e-07,-6279.878983757534,8.884144335752353e-07,-6279.878983757534,8.884144335752353e-07,-6279.878983757534,8.884144335752353e-07,-6279.878983757534,8.884144335752353e-07,-6279.878983757534,8.884144335752353e-07,-6279.878983757534,8.884144335752353e-07
