System,Run,Experiment_Name,Method,Score_Type,B_add,gamma,tau_dom,Time_sec,Iter_1_Energy,Iter_1_Error,Iter_2_Energy,Iter_2_Error,Iter_3_Energy,Iter_3_Error,Iter_4_Energy,Iter_4_Error,Iter_5_Energy,Iter_5_Error,Iter_6_Energy,Iter_6_Error,Iter_7_Energy,Iter_7_Error,Iter_8_Energy,Iter_8_Error,Iter_9_Energy,Iter_9_Error,Iter_10_Energy,Iter_10_Error,Iter_11_Energy,Iter_11_Error,Iter_12_Energy,Iter_12_Error,Iter_13_Energy,Iter_13_Error,Iter_14_Energy,Iter_14_Error,Iter_15_Energy,Iter_15_Error,Iter_16_Energy,Iter_16_Error,Iter_17_Energy,Iter_17_Error,Iter_18_Energy,Iter_18_Error,Iter_19_Energy,Iter_19_Error,Iter_20_Energy,Iter_20_Error
pb2,run01.json,B_add_1200,AS-SQD,ABC,1200,1.0,0.001,0.4344749450683594,-4317.381131012585,3.601599019020796e-10,-4317.381131012585,3.601599019020796e-10,-4317.381131012585,3.601599019020796e-10,-4317.381131012585,3.601599019020796e-10,-4317.381131012585,3.601599019020796e-10,-4317.381131012585,3.601599019020796e-10,-4317.381131012585,3.601599019020796e-10,-4317.381131012585,3.601599019020796e-10,-4317.381131012585,3.601599019020796e-10,-4317.381131012585,3.601599019020796e-10,-4317.381131012585,3.601599019020796e-10,-4317.381131012585,3.601599019020796e-10,-4317.381131012585,3.601599019020796e-10,-4317.381131012585,3.601599019020796e-10,-4317.381131012585,3.601599019020796e-10,-4317.381131012585,3.601599019020796e-10,-4317.381131012585,3.601599019020796e-10,-4317.381131012585,3.601599019020796e-10,-4317.381131012585,3.601599019020796e-10,-4317.381131012585,3.601599019020796e-10
pb2,run01.json,B_add_200,AS-SQD,ABC,200,1.0,0.001,0.3483610153198242,-4317.381131012585,3.601599019020796e-10,-4317.381131012585,3.601599019020796e-10,-4317.381131012585,3.601599019020796e-10,-4317.381131012585,3.601599019020796e-10,-4317.381131012585,3.601599019020796e-10,-4317.381131012585,3.601599019020796e-10,-4317.381131012585,3.601599019020796e-10,-4317.381131012585,3.601599019020796e-10,-4317.381131012585,3.601599019020796e-10,-4317.381131012585,3.601599019020796e-10,-4317.381131012585,3.601599019020796e-10,-4317.381131012585,3.601599019020796e-10,-4317.381131012585,3.601599019020796e-10,-4317.381131012585,3.601599019020796e-10,-4317.381131012585,3.601599019020796e-10,-4317.381131012585,3.601599019020796e-10,-4317.381131012585,3.601599019020796e-10,-4317.381131012585,3.601599019020796e-10,-4317.381131012585,3.601599019020796e-10,-4317.381131012585,3.601599019020796e-10
pb2,run01.json,Proposed_Baseline(ABC),AS-SQD,ABC,600,1.0,0.001,0.3392519950866699,-4317.381131012585,3.601599019020796e-10,-4317.381131012585,3.601599019020796e-10,-4317.381131012585,3.601599019020796e-10,-4317.381131012585,3.601599019020796e-10,-4317.381131012585,3.601599019020796e-10,-4317.381131012585,3.601599019020796e-10,-4317.381131012585,3.601599019020796e-10,-4317.381131012585,3.601599019020796e-10,-4317.381131012585,3.601599019020796e-10,-4317.381131012585,3.601599019020796e-10,-4317.381131012585,3.601599019020796e-10,-4317.381131012585,3.601599019020796e-10,-4317.381131012585,3.601599019020796e-10,-4317.381131012585,3.601599019020796e-10,-4317.381131012585,3.601599019020796e-10,-4317.381131012585,3.601599019020796e-10,-4317.381131012585,3.601599019020796e-10,-4317.381131012585,3.601599019020796e-10,-4317.381131012585,3.601599019020796e-10,-4317.381131012585,3.601599019020796e-10
pb2,run01.json,Score_A,AS-SQD,A,600,1.0,0.001,0.38783788681030273,-4317.381131012585,3.601599019020796e-10,-4317.381131012585,3.601599019020796e-10,-4317.381131012585,3.601599019020796e-10,-4317.381131012585,3.601599019020796e-10,-4317.381131012585,3.601599019020796e-10,-4317.381131012585,3.601599019020796e-10,-4317.381131012585,3.601599019020796e-10,-4317.381131012585,3.601599019020796e-10,-4317.381131012585,3.601599019020796e-10,-4317.381131012585,3.601599019020796e-10,-4317.381131012585,3.601599019020796e-10,-4317.381131012585,3.601599019020796e-10,-4317.381131012585,3.601599019020796e-10,-4317.381131012585,3.601599019020796e-10,-4317.381131012585,3.601599019020796e-10,-4317.381131012585,3.601599019020796e-10,-4317.381131012585,3.601599019020796e-10,-4317.381131012585,3.601599019020796e-10,-4317.381131012585,3.601599019020796e-10,-4317.381131012585,3.601599019020796e-10
pb2,run01.json,Score_AB,AS-SQD,AB,600,1.0,0.001,0.334644079208374,-4317.381131012585,3.601599019020796e-10,-4317.381131012585,3.601599019020796e-10,-4317.381131012585,3.601599019020796e-10,-4317.381131012585,3.601599019020796e-10,-4317.381131012585,3.601599019020796e-10,-4317.381131012585,3.601599019020796e-10,-4317.381131012585,3.601599019020796e-10,-4317.381131012585,3.601599019020796e-10,-4317.381131012585,3.601599019020796e-10,-4317.381131012585,3.601599019020796e-10,-4317.381131012585,3.601599019020796e-10,-4317.381131012585,3.601599019020796e-10,-4317.381131012585,3.601599019020796e-10,-4317.381131012585,3.601599019020796e-10,-4317.381131012585,3.601599019020796e-10,-4317.381131012585,3.601599019020796e-10,-4317.381131012585,3.601599019020796e-10,-4317.381131012585,3.601599019020796e-10,-4317.381131012585,3.601599019020796e-10,-4317.381131012585,3.601599019020796e-10
pb2,run01.json,Score_AC,AS-SQD,AC,600,1.0,0.001,0.389009952545166,-4317.381131012585,3.601599019020796e-10,-4317.381131012585,3.601599019020796e-10,-4317.381131012585,3.601599019020796e-10,-4317.381131012585,3.601599019020796e-10,-4317.381131012585,3.601599019020796e-10,-4317.381131012585,3.601599019020796e-10,-4317.381131012585,3.601599019020796e-10,-4317.381131012585,3.601599019020796e-10,-4317.381131012585,3.601599019020796e-10,-4317.381131012585,3.601599019020796e-10,-4317.381131012585,3.601599019020796e-10,-4317.381131012585,3.601599019020796e-10,-4317.381131012585,3.601599019020796e-10,-4317.381131012585,3.601599019020796e-10,-4317.381131012585,3.601599019020796e-10,-4317.381131012585,3.601599019020796e-10,-4317.381131012585,3.601599019020796e-10,-4317.381131012585,3.601599019020796e-10,-4317.381131012585,3.601599019020796e-10,-4317.381131012585,3.601599019020796e-10
pb2,run01.json,Score_B,AS-SQD,B,600,1.0,0.001,0.32471394538879395,-4317.381131012585,3.601599019020796e-10,-4317.381131012585,3.601599019020796e-10,-4317.381131012585,3.601599019020796e-10,-4317.381131012585,3.601599019020796e-10,-4317.381131012585,3.601599019020796e-10,-4317.381131012585,3.601599019020796e-10,-4317.381131012585,3.601599019020796e-10,-4317.381131012585,3.601599019020796e-10,-4317.381131012585,3.601599019020796e-10,-4317.381131012585,3.601599019020796e-10,-4317.381131012585,3.601599019020796e-10,-4317.381131012585,3.601599019020796e-10,-4317.381131012585,3.601599019020796e-10,-4317.381131012585,3.601599019020796e-10,-4317.381131012585,3.601599019020796e-10,-4317.381131012585,3.601599019020796e-10,-4317.381131012585,3.601599019020796e-10,-4317.381131012585,3.601599019020796e-10,-4317.381131012585,3.601599019020796e-10,-4317.381131012585,3.601599019020796e-10
pb2,run01.json,Score_BC,AS-SQD,BC,600,1.0,0.001,0.3172926902770996,-4317.381131012585,3.601599019020796e-10,-4317.381131012585,3.601599019020796e-10,-4317.381131012585,3.601599019020796e-10,-4317.381131012585,3.601599019020796e-10,-4317.381131012585,3.601599019020796e-10,-4317.381131012585,3.601599019020796e-10,-4317.381131012585,3.601599019020796e-10,-4317.381131012585,3.601599019020796e-10,-4317.381131012585,3.601599019020796e-10,-4317.381131012585,3.601599019020796e-10,-4317.381131012585,3.601599019020796e-10,-4317.381131012585,3.601599019020796e-10,-4317.381131012585,3.601599019020796e-10,-4317.381131012585,3.601599019020796e-10,-4317.381131012585,3.601599019020796e-10,-4317.381131012585,3.601599019020796e-10,-4317.381131012585,3.601599019020796e-10,-4317.381131012585,3.601599019020796e-10,-4317.381131012585,3.601599019020796e-10,-4317.381131012585,3.601599019020796e-10
pb2,run01.json,Score_C,AS-SQD,C,600,1.0,0.001,0.31568384170532227,-4317.381131012585,3.601599019020796e-10,-4317.381131012585,3.601599019020796e-10,-4317.381131012585,3.601599019020796e-10,-4317.381131012585,3.601599019020796e-10,-4317.381131012585,3.601599019020796e-10,-4317.381131012585,3.601599019020796e-10,-4317.381131012585,3.601599019020796e-10,-4317.381131012585,3.601599019020796e-10,-4317.381131012585,3.601599019020796e-10,-4317.381131012585,3.601599019020796e-10,-4317.381131012585,3.601599019020796e-10,-4317.381131012585,3.601599019020796e-10,-4317.381131012585,3.601599019020796e-10,-4317.381131012585,3.601599019020796e-10,-4317.381131012585,3.601599019020796e-10,-4317.381131012585,3.601599019020796e-10,-4317.381131012585,3.601599019020796e-10,-4317.381131012585,3.601599019020796e-10,-4317.381131012585,3.601599019020796e-10,-4317.381131012585,3.601599019020796e-10
pb2,run01.json,Standard_SQD,Standard_SQD,N/A,N/A,N/A,N/A,0.2560610771179199,-4317.381119227812,1.1784412890847307e-05,-4317.381130493591,5.186338967178017e-07,-4317.381131012638,4.1382008930668235e-10,-4317.381131012638,4.1382008930668235e-10,-4317.381131012638,4.1382008930668235e-10,-4317.381131012638,4.1382008930668235e-10,-4317.381131012638,4.1382008930668235e-10,-4317.381131012638,4.1382008930668235e-10,-4317.381131012638,4.1382008930668235e-10,-4317.381131012638,4.1382008930668235e-10,-4317.381131012638,4.1382008930668235e-10,-4317.381131012638,4.1382008930668235e-10,-4317.381131012638,4.1382008930668235e-10,-4317.381131012638,4.1382008930668235e-10,-4317.381131012638,4.1382008930668235e-10,-4317.381131012638,4.1382008930668235e-10,-4317.381131012638,4.1382008930668235e-10,-4317.381131012638,4.1382008930668235e-10,-4317.381131012638,4.1382008930668235e-10,-4317.381131012638,4.1382008930668235e-10
pb2,run01.json,gamma_0.1,AS-SQD,ABC,600,0.1,0.001,0.3371152877807617,-4317.381131012585,3.601599019020796e-10,-4317.381131012585,3.601599019020796e-10,-4317.381131012585,3.601599019020796e-10,-4317.381131012585,3.601599019020796e-10,-4317.381131012585,3.601599019020796e-10,-4317.381131012585,3.601599019020796e-10,-4317.381131012585,3.601599019020796e-10,-4317.381131012585,3.601599019020796e-10,-4317.381131012585,3.601599019020796e-10,-4317.381131012585,3.601599019020796e-10,-4317.381131012585,3.601599019020796e-10,-4317.381131012585,3.601599019020796e-10,-4317.381131012585,3.601599019020796e-10,-4317.381131012585,3.601599019020796e-10,-4317.381131012585,3.601599019020796e-10,-4317.381131012585,3.601599019020796e-10,-4317.381131012585,3.601599019020796e-10,-4317.381131012585,3.601599019020796e-10,-4317.381131012585,3.601599019020796e-10,-4317.381131012585,3.601599019020796e-10
pb2,run01.json,gamma_5.0,AS-SQD,ABC,600,5.0,0.001,0.3319838047027588,-4317.381131012585,3.601599019020796e-10,-4317.381131012585,3.601599019020796e-10,-4317.381131012585,3.601599019020796e-10,-4317.381131012585,3.601599019020796e-10,-4317.381131012585,3.601599019020796e-10,-4317.381131012585,3.601599019020796e-10,-4317.381131012585,3.601599019020796e-10,-4317.381131012585,3.601599019020796e-10,-4317.381131012585,3.601599019020796e-10,-4317.381131012585,3.601599019020796e-10,-4317.381131012585,3.601599019020796e-10,-4317.381131012585,3.601599019020796e-10,-4317.381131012585,3.601599019020796e-10,-4317.381131012585,3.601599019020796e-10,-4317.381131012585,3.601599019020796e-10,-4317.381131012585,3.601599019020796e-10,-4317.381131012585,3.601599019020796e-10,-4317.381131012585,3.601599019020796e-10,-4317.381131012585,3.601599019020796e-10,-4317.381131012585,3.601599019020796e-10
pb2,run01.json,tau_dom_0.0001,AS-SQD,ABC,600,1.0,0.0001,0.3985249996185303,-4317.381131012585,3.601599019020796e-10,-4317.381131012585,3.601599019020796e-10,-4317.381131012585,3.601599019020796e-10,-4317.381131012585,3.601599019020796e-10,-4317.381131012585,3.601599019020796e-10,-4317.381131012585,3.601599019020796e-10,-4317.381131012585,3.601599019020796e-10,-4317.381131012585,3.601599019020796e-10,-4317.381131012585,3.601599019020796e-10,-4317.381131012585,3.601599019020796e-10,-4317.381131012585,3.601599019020796e-10,-4317.381131012585,3.601599019020796e-10,-4317.381131012585,3.601599019020796e-10,-4317.381131012585,3.601599019020796e-10,-4317.381131012585,3.601599019020796e-10,-4317.381131012585,3.601599019020796e-10,-4317.381131012585,3.601599019020796e-10,-4317.381131012585,3.601599019020796e-10,-4317.381131012585,3.601599019020796e-10,-4317.381131012585,3.601599019020796e-10
pb2,run01.json,tau_dom_0.01,AS-SQD,ABC,600,1.0,0.01,0.32052087783813477,-4317.381131012585,3.601599019020796e-10,-4317.381131012585,3.601599019020796e-10,-4317.381131012585,3.601599019020796e-10,-4317.381131012585,3.601599019020796e-10,-4317.381131012585,3.601599019020796e-10,-4317.381131012585,3.601599019020796e-10,-4317.381131012585,3.601599019020796e-10,-4317.381131012585,3.601599019020796e-10,-4317.381131012585,3.601599019020796e-10,-4317.381131012585,3.601599019020796e-10,-4317.381131012585,3.601599019020796e-10,-4317.381131012585,3.601599019020796e-10,-4317.381131012585,3.601599019020796e-10,-4317.381131012585,3.601599019020796e-10,-4317.381131012585,3.601599019020796e-10,-4317.381131012585,3.601599019020796e-10,-4317.381131012585,3.601599019020796e-10,-4317.381131012585,3.601599019020796e-10,-4317.381131012585,3.601599019020796e-10,-4317.381131012585,3.601599019020796e-10
pb2,run02.json,B_add_1200,AS-SQD,ABC,1200,1.0,0.001,0.33734869956970215,-4317.3804132543355,0.0007177578891059966,-4317.381131012585,3.601599019020796e-10,-4317.381131012585,3.601599019020796e-10,-4317.381131012585,3.601599019020796e-10,-4317.381131012585,3.601599019020796e-10,-4317.381131012585,3.601599019020796e-10,-4317.381131012585,3.601599019020796e-10,-4317.381131012585,3.601599019020796e-10,-4317.381131012585,3.601599019020796e-10,-4317.381131012585,3.601599019020796e-10,-4317.381131012585,3.601599019020796e-10,-4317.381131012585,3.601599019020796e-10,-4317.381131012585,3.601599019020796e-10,-4317.381131012585,3.601599019020796e-10,-4317.381131012585,3.601599019020796e-10,-4317.381131012585,3.601599019020796e-10,-4317.381131012585,3.601599019020796e-10,-4317.381131012585,3.601599019020796e-10,-4317.381131012585,3.601599019020796e-10,-4317.381131012585,3.601599019020796e-10
pb2,run02.json,B_add_200,AS-SQD,ABC,200,1.0,0.001,0.3436250686645508,-4317.3804132543355,0.0007177578891059966,-4317.381131012585,3.601599019020796e-10,-4317.381131012585,3.601599019020796e-10,-4317.381131012585,3.601599019020796e-10,-4317.381131012585,3.601599019020796e-10,-4317.381131012585,3.601599019020796e-10,-4317.381131012585,3.601599019020796e-10,-4317.381131012585,3.601599019020796e-10,-4317.381131012585,3.601599019020796e-10,-4317.381131012585,3.601599019020796e-10,-4317.381131012585,3.601599019020796e-10,-4317.381131012585,3.601599019020796e-10,-4317.381131012585,3.601599019020796e-10,-4317.381131012585,3.601599019020796e-10,-4317.381131012585,3.601599019020796e-10,-4317.381131012585,3.601599019020796e-10,-4317.381131012585,3.601599019020796e-10,-4317.381131012585,3.601599019020796e-10,-4317.381131012585,3.601599019020796e-10,-4317.381131012585,3.601599019020796e-10
pb2,run02.json,Proposed_Baseline(ABC),AS-SQD,ABC,600,1.0,0.001,0.34278392791748047,-4317.3804132543355,0.0007177578891059966,-4317.381131012585,3.601599019020796e-10,-4317.381131012585,3.601599019020796e-10,-4317.381131012585,3.601599019020796e-10,-4317.381131012585,3.601599019020796e-10,-4317.381131012585,3.601599019020796e-10,-4317.381131012585,3.601599019020796e-10,-4317.381131012585,3.601599019020796e-10,-4317.381131012585,3.601599019020796e-10,-4317.381131012585,3.601599019020796e-10,-4317.381131012585,3.601599019020796e-10,-4317.381131012585,3.601599019020796e-10,-4317.381131012585,3.601599019020796e-10,-4317.381131012585,3.601599019020796e-10,-4317.381131012585,3.601599019020796e-10,-4317.381131012585,3.601599019020796e-10,-4317.381131012585,3.601599019020796e-10,-4317.381131012585,3.601599019020796e-10,-4317.381131012585,3.601599019020796e-10,-4317.381131012585,3.601599019020796e-10
pb2,run02.json,Score_A,AS-SQD,A,600,1.0,0.001,0.35023999214172363,-4317.3804132543355,0.0007177578891059966,-4317.381131012585,3.601599019020796e-10,-4317.381131012585,3.601599019020796e-10,-4317.381131012585,3.601599019020796e-10,-4317.381131012585,3.601599019020796e-10,-4317.381131012585,3.601599019020796e-10,-4317.381131012585,3.601599019020796e-10,-4317.381131012585,3.601599019020796e-10,-4317.381131012585,3.601599019020796e-10,-4317.381131012585,3.601599019020796e-10,-4317.381131012585,3.601599019020796e-10,-4317.381131012585,3.601599019020796e-10,-4317.381131012585,3.601599019020796e-10,-4317.381131012585,3.601599019020796e-10,-4317.381131012585,3.601599019020796e-10,-4317.381131012585,3.601599019020796e-10,-4317.381131012585,3.601599019020796e-10,-4317.381131012585,3.601599019020796e-10,-4317.381131012585,3.601599019020796e-10,-4317.381131012585,3.601599019020796e-10
pb2,run02.json,Score_AB,AS-SQD,AB,600,1.0,0.001,0.34502100944519043,-4317.3804132543355,0.0007177578891059966,-4317.381131012585,3.601599019020796e-10,-4317.381131012585,3.601599019020796e-10,-4317.381131012585,3.601599019020796e-10,-4317.381131012585,3.601599019020796e-10,-4317.381131012585,3.601599019020796e-10,-4317.381131012585,3.601599019020796e-10,-4317.381131012585,3.601599019020796e-10,-4317.381131012585,3.601599019020796e-10,-4317.381131012585,3.601599019020796e-10,-4317.381131012585,3.601599019020796e-10,-4317.381131012585,3.601599019020796e-10,-4317.381131012585,3.601599019020796e-10,-4317.381131012585,3.601599019020796e-10,-4317.381131012585,3.601599019020796e-10,-4317.381131012585,3.601599019020796e-10,-4317.381131012585,3.601599019020796e-10,-4317.381131012585,3.601599019020796e-10,-4317.381131012585,3.601599019020796e-10,-4317.381131012585,3.601599019020796e-10
pb2,run02.json,Score_AC,AS-SQD,AC,600,1.0,0.001,0.33206677436828613,-4317.3804132543355,0.0007177578891059966,-4317.381131012585,3.601599019020796e-10,-4317.381131012585,3.601599019020796e-10,-4317.381131012585,3.601599019020796e-10,-4317.381131012585,3.601599019020796e-10,-4317.381131012585,3.601599019020796e-10,-4317.381131012585,3.601599019020796e-10,-4317.381131012585,3.601599019020796e-10,-4317.381131012585,3.601599019020796e-10,-4317.381131012585,3.601599019020796e-10,-4317.381131012585,3.601599019020796e-10,-4317.381131012585,3.601599019020796e-10,-4317.381131012585,3.601599019020796e-10,-4317.381131012585,3.601599019020796e-10,-4317.381131012585,3.601599019020796e-10,-4317.381131012585,3.601599019020796e-10,-4317.381131012585,3.601599019020796e-10,-4317.381131012585,3.601599019020796e-10,-4317.381131012585,3.601599019020796e-10,-4317.381131012585,3.601599019020796e-10
pb2,run02.json,Score_B,AS-SQD,B,600,1.0,0.001,0.32820987701416016,-4317.3804132543355,0.0007177578891059966,-4317.381131012585,3.601599019020796e-10,-4317.381131012585,3.601599019020796e-10,-4317.381131012585,3.601599019020796e-10,-4317.381131012585,3.601599019020796e-10,-4317.381131012585,3.601599019020796e-10,-4317.381131012585,3.601599019020796e-10,-4317.381131012585,3.601599019020796e-10,-4317.381131012585,3.601599019020796e-10,-4317.381131012585,3.601599019020796e-10,-4317.381131012585,3.601599019020796e-10,-4317.381131012585,3.601599019020796e-10,-4317.381131012585,3.601599019020796e-10,-4317.381131012585,3.601599019020796e-10,-4317.381131012585,3.601599019020796e-10,-4317.381131012585,3.601599019020796e-10,-4317.381131012585,3.601599019020796e-10,-4317.381131012585,3.601599019020796e-10,-4317.381131012585,3.601599019020796e-10,-4317.381131012585,3.601599019020796e-10
pb2,run02.json,Score_BC,AS-SQD,BC,600,1.0,0.001,0.32869577407836914,-4317.3804132543355,0.0007177578891059966,-4317.381131012585,3.601599019020796e-10,-4317.381131012585,3.601599019020796e-10,-4317.381131012585,3.601599019020796e-10,-4317.381131012585,3.601599019020796e-10,-4317.381131012585,3.601599019020796e-10,-4317.381131012585,3.601599019020796e-10,-4317.381131012585,3.601599019020796e-10,-4317.381131012585,3.601599019020796e-10,-4317.381131012585,3.601599019020796e-10,-4317.381131012585,3.601599019020796e-10,-4317.381131012585,3.601599019020796e-10,-4317.381131012585,3.601599019020796e-10,-4317.381131012585,3.601599019020796e-10,-4317.381131012585,3.601599019020796e-10,-4317.381131012585,3.601599019020796e-10,-4317.381131012585,3.601599019020796e-10,-4317.381131012585,3.601599019020796e-10,-4317.381131012585,3.601599019020796e-10,-4317.381131012585,3.601599019020796e-10
pb2,run02.json,Score_C,AS-SQD,C,600,1.0,0.001,0.3303978443145752,-4317.3804132543355,0.0007177578891059966,-4317.381131012585,3.601599019020796e-10,-4317.381131012585,3.601599019020796e-10,-4317.381131012585,3.601599019020796e-10,-4317.381131012585,3.601599019020796e-10,-4317.381131012585,3.601599019020796e-10,-4317.381131012585,3.601599019020796e-10,-4317.381131012585,3.601599019020796e-10,-4317.381131012585,3.601599019020796e-10,-4317.381131012585,3.601599019020796e-10,-4317.381131012585,3.601599019020796e-10,-4317.381131012585,3.601599019020796e-10,-4317.381131012585,3.601599019020796e-10,-4317.381131012585,3.601599019020796e-10,-4317.381131012585,3.601599019020796e-10,-4317.381131012585,3.601599019020796e-10,-4317.381131012585,3.601599019020796e-10,-4317.381131012585,3.601599019020796e-10,-4317.381131012585,3.601599019020796e-10,-4317.381131012585,3.601599019020796e-10
pb2,run02.json,Standard_SQD,Standard_SQD,N/A,N/A,N/A,N/A,0.26342010498046875,-4317.381114770227,1.6241997400356922e-05,-4317.381125636219,5.376005901780445e-06,-4317.381131012638,4.1382008930668235e-10,-4317.381131012638,4.1382008930668235e-10,-4317.381131012638,4.1382008930668235e-10,-4317.381131012638,4.1382008930668235e-10,-4317.381131012638,4.1382008930668235e-10,-4317.381131012638,4.1382008930668235e-10,-4317.381131012638,4.1382008930668235e-10,-4317.381131012638,4.1382008930668235e-10,-4317.381131012638,4.1382008930668235e-10,-4317.381131012638,4.1382008930668235e-10,-4317.381131012638,4.1382008930668235e-10,-4317.381131012638,4.1382008930668235e-10,-4317.381131012638,4.1382008930668235e-10,-4317.381131012638,4.1382008930668235e-10,-4317.381131012638,4.1382008930668235e-10,-4317.381131012638,4.1382008930668235e-10,-4317.381131012638,4.1382008930668235e-10,-4317.381131012638,4.1382008930668235e-10
pb2,run02.json,gamma_0.1,AS-SQD,ABC,600,0.1,0.001,0.44674110412597656,-4317.3804132543355,0.0007177578891059966,-4317.381131012585,3.601599019020796e-10,-4317.381131012585,3.601599019020796e-10,-4317.381131012585,3.601599019020796e-10,-4317.381131012585,3.601599019020796e-10,-4317.381131012585,3.601599019020796e-10,-4317.381131012585,3.601599019020796e-10,-4317.381131012585,3.601599019020796e-10,-4317.381131012585,3.601599019020796e-10,-4317.381131012585,3.601599019020796e-10,-4317.381131012585,3.601599019020796e-10,-4317.381131012585,3.601599019020796e-10,-4317.381131012585,3.601599019020796e-10,-4317.381131012585,3.601599019020796e-10,-4317.381131012585,3.601599019020796e-10,-4317.381131012585,3.601599019020796e-10,-4317.381131012585,3.601599019020796e-10,-4317.381131012585,3.601599019020796e-10,-4317.381131012585,3.601599019020796e-10,-4317.381131012585,3.601599019020796e-10
pb2,run02.json,gamma_5.0,AS-SQD,ABC,600,5.0,0.001,0.3323650360107422,-4317.3804132543355,0.0007177578891059966,-4317.381131012585,3.601599019020796e-10,-4317.381131012585,3.601599019020796e-10,-4317.381131012585,3.601599019020796e-10,-4317.381131012585,3.601599019020796e-10,-4317.381131012585,3.601599019020796e-10,-4317.381131012585,3.601599019020796e-10,-4317.381131012585,3.601599019020796e-10,-4317.381131012585,3.601599019020796e-10,-4317.381131012585,3.601599019020796e-10,-4317.381131012585,3.601599019020796e-10,-4317.381131012585,3.601599019020796e-10,-4317.381131012585,3.601599019020796e-10,-4317.381131012585,3.601599019020796e-10,-4317.381131012585,3.601599019020796e-10,-4317.381131012585,3.601599019020796e-10,-4317.381131012585,3.601599019020796e-10,-4317.381131012585,3.601599019020796e-10,-4317.381131012585,3.601599019020796e-10,-4317.381131012585,3.601599019020796e-10
pb2,run02.json,tau_dom_0.0001,AS-SQD,ABC,600,1.0,0.0001,0.3691728115081787,-4317.3804132543355,0.0007177578891059966,-4317.381131012585,3.601599019020796e-10,-4317.381131012585,3.601599019020796e-10,-4317.381131012585,3.601599019020796e-10,-4317.381131012585,3.601599019020796e-10,-4317.381131012585,3.601599019020796e-10,-4317.381131012585,3.601599019020796e-10,-4317.381131012585,3.601599019020796e-10,-4317.381131012585,3.601599019020796e-10,-4317.381131012585,3.601599019020796e-10,-4317.381131012585,3.601599019020796e-10,-4317.381131012585,3.601599019020796e-10,-4317.381131012585,3.601599019020796e-10,-4317.381131012585,3.601599019020796e-10,-4317.381131012585,3.601599019020796e-10,-4317.381131012585,3.601599019020796e-10,-4317.381131012585,3.601599019020796e-10,-4317.381131012585,3.601599019020796e-10,-4317.381131012585,3.601599019020796e-10,-4317.381131012585,3.601599019020796e-10
pb2,run02.json,tau_dom_0.01,AS-SQD,ABC,600,1.0,0.01,0.32388901710510254,-4317.3804132543355,0.0007177578891059966,-4317.381131012585,3.601599019020796e-10,-4317.381131012585,3.601599019020796e-10,-4317.381131012585,3.601599019020796e-10,-4317.381131012585,3.601599019020796e-10,-4317.381131012585,3.601599019020796e-10,-4317.381131012585,3.601599019020796e-10,-4317.381131012585,3.601599019020796e-10,-4317.381131012585,3.601599019020796e-10,-4317.381131012585,3.601599019020796e-10,-4317.381131012585,3.601599019020796e-10,-4317.381131012585,3.601599019020796e-10,-4317.381131012585,3.601599019020796e-10,-4317.381131012585,3.601599019020796e-10,-4317.381131012585,3.601599019020796e-10,-4317.381131012585,3.601599019020796e-10,-4317.381131012585,3.601599019020796e-10,-4317.381131012585,3.601599019020796e-10,-4317.381131012585,3.601599019020796e-10,-4317.381131012585,3.601599019020796e-10
pb2,run03.json,B_add_1200,AS-SQD,ABC,1200,1.0,0.001,0.3345472812652588,-4317.381131012585,3.601599019020796e-10,-4317.381131012585,3.601599019020796e-10,-4317.381131012585,3.601599019020796e-10,-4317.381131012585,3.601599019020796e-10,-4317.381131012585,3.601599019020796e-10,-4317.381131012585,3.601599019020796e-10,-4317.381131012585,3.601599019020796e-10,-4317.381131012585,3.601599019020796e-10,-4317.381131012585,3.601599019020796e-10,-4317.381131012585,3.601599019020796e-10,-4317.381131012585,3.601599019020796e-10,-4317.381131012585,3.601599019020796e-10,-4317.381131012585,3.601599019020796e-10,-4317.381131012585,3.601599019020796e-10,-4317.381131012585,3.601599019020796e-10,-4317.381131012585,3.601599019020796e-10,-4317.381131012585,3.601599019020796e-10,-4317.381131012585,3.601599019020796e-10,-4317.381131012585,3.601599019020796e-10,-4317.381131012585,3.601599019020796e-10
pb2,run03.json,B_add_200,AS-SQD,ABC,200,1.0,0.001,0.3403017520904541,-4317.381131012585,3.601599019020796e-10,-4317.381131012585,3.601599019020796e-10,-4317.381131012585,3.601599019020796e-10,-4317.381131012585,3.601599019020796e-10,-4317.381131012585,3.601599019020796e-10,-4317.381131012585,3.601599019020796e-10,-4317.381131012585,3.601599019020796e-10,-4317.381131012585,3.601599019020796e-10,-4317.381131012585,3.601599019020796e-10,-4317.381131012585,3.601599019020796e-10,-4317.381131012585,3.601599019020796e-10,-4317.381131012585,3.601599019020796e-10,-4317.381131012585,3.601599019020796e-10,-4317.381131012585,3.601599019020796e-10,-4317.381131012585,3.601599019020796e-10,-4317.381131012585,3.601599019020796e-10,-4317.381131012585,3.601599019020796e-10,-4317.381131012585,3.601599019020796e-10,-4317.381131012585,3.601599019020796e-10,-4317.381131012585,3.601599019020796e-10
pb2,run03.json,Proposed_Baseline(ABC),AS-SQD,ABC,600,1.0,0.001,0.3264462947845459,-4317.381131012585,3.601599019020796e-10,-4317.381131012585,3.601599019020796e-10,-4317.381131012585,3.601599019020796e-10,-4317.381131012585,3.601599019020796e-10,-4317.381131012585,3.601599019020796e-10,-4317.381131012585,3.601599019020796e-10,-4317.381131012585,3.601599019020796e-10,-4317.381131012585,3.601599019020796e-10,-4317.381131012585,3.601599019020796e-10,-4317.381131012585,3.601599019020796e-10,-4317.381131012585,3.601599019020796e-10,-4317.381131012585,3.601599019020796e-10,-4317.381131012585,3.601599019020796e-10,-4317.381131012585,3.601599019020796e-10,-4317.381131012585,3.601599019020796e-10,-4317.381131012585,3.601599019020796e-10,-4317.381131012585,3.601599019020796e-10,-4317.381131012585,3.601599019020796e-10,-4317.381131012585,3.601599019020796e-10,-4317.381131012585,3.601599019020796e-10
pb2,run03.json,Score_A,AS-SQD,A,600,1.0,0.001,0.34084129333496094,-4317.381131012585,3.601599019020796e-10,-4317.381131012585,3.601599019020796e-10,-4317.381131012585,3.601599019020796e-10,-4317.381131012585,3.601599019020796e-10,-4317.381131012585,3.601599019020796e-10,-4317.381131012585,3.601599019020796e-10,-4317.381131012585,3.601599019020796e-10,-4317.381131012585,3.601599019020796e-10,-4317.381131012585,3.601599019020796e-10,-4317.381131012585,3.601599019020796e-10,-4317.381131012585,3.601599019020796e-10,-4317.381131012585,3.601599019020796e-10,-4317.381131012585,3.601599019020796e-10,-4317.381131012585,3.601599019020796e-10,-4317.381131012585,3.601599019020796e-10,-4317.381131012585,3.601599019020796e-10,-4317.381131012585,3.601599019020796e-10,-4317.381131012585,3.601599019020796e-10,-4317.381131012585,3.601599019020796e-10,-4317.381131012585,3.601599019020796e-10
pb2,run03.json,Score_AB,AS-SQD,AB,600,1.0,0.001,0.34673404693603516,-4317.381131012585,3.601599019020796e-10,-4317.381131012585,3.601599019020796e-10,-4317.381131012585,3.601599019020796e-10,-4317.381131012585,3.601599019020796e-10,-4317.381131012585,3.601599019020796e-10,-4317.381131012585,3.601599019020796e-10,-4317.381131012585,3.601599019020796e-10,-4317.381131012585,3.601599019020796e-10,-4317.381131012585,3.601599019020796e-10,-4317.381131012585,3.601599019020796e-10,-4317.381131012585,3.601599019020796e-10,-4317.381131012585,3.601599019020796e-10,-4317.381131012585,3.601599019020796e-10,-4317.381131012585,3.601599019020796e-10,-4317.381131012585,3.601599019020796e-10,-4317.381131012585,3.601599019020796e-10,-4317.381131012585,3.601599019020796e-10,-4317.381131012585,3.601599019020796e-10,-4317.381131012585,3.601599019020796e-10,-4317.381131012585,3.601599019020796e-10
pb2,run03.json,Score_AC,AS-SQD,AC,600,1.0,0.001,0.32721495628356934,-4317.381131012585,3.601599019020796e-10,-4317.381131012585,3.601599019020796e-10,-4317.381131012585,3.601599019020796e-10,-4317.381131012585,3.601599019020796e-10,-4317.381131012585,3.601599019020796e-10,-4317.381131012585,3.601599019020796e-10,-4317.381131012585,3.601599019020796e-10,-4317.381131012585,3.601599019020796e-10,-4317.381131012585,3.601599019020796e-10,-4317.381131012585,3.601599019020796e-10,-4317.381131012585,3.601599019020796e-10,-4317.381131012585,3.601599019020796e-10,-4317.381131012585,3.601599019020796e-10,-4317.381131012585,3.601599019020796e-10,-4317.381131012585,3.601599019020796e-10,-4317.381131012585,3.601599019020796e-10,-4317.381131012585,3.601599019020796e-10,-4317.381131012585,3.601599019020796e-10,-4317.381131012585,3.601599019020796e-10,-4317.381131012585,3.601599019020796e-10
pb2,run03.json,Score_B,AS-SQD,B,600,1.0,0.001,0.32097387313842773,-4317.381131012585,3.601599019020796e-10,-4317.381131012585,3.601599019020796e-10,-4317.381131012585,3.601599019020796e-10,-4317.381131012585,3.601599019020796e-10,-4317.381131012585,3.601599019020796e-10,-4317.381131012585,3.601599019020796e-10,-4317.381131012585,3.601599019020796e-10,-4317.381131012585,3.601599019020796e-10,-4317.381131012585,3.601599019020796e-10,-4317.381131012585,3.601599019020796e-10,-4317.381131012585,3.601599019020796e-10,-4317.381131012585,3.601599019020796e-10,-4317.381131012585,3.601599019020796e-10,-4317.381131012585,3.601599019020796e-10,-4317.381131012585,3.601599019020796e-10,-4317.381131012585,3.601599019020796e-10,-4317.381131012585,3.601599019020796e-10,-4317.381131012585,3.601599019020796e-10,-4317.381131012585,3.601599019020796e-10,-4317.381131012585,3.601599019020796e-10
pb2,run03.json,Score_BC,AS-SQD,BC,600,1.0,0.001,0.32084107398986816,-4317.381131012585,3.601599019020796e-10,-4317.381131012585,3.601599019020796e-10,-4317.381131012585,3.601599019020796e-10,-4317.381131012585,3.601599019020796e-10,-4317.381131012585,3.601599019020796e-10,-4317.381131012585,3.601599019020796e-10,-4317.381131012585,3.601599019020796e-10,-4317.381131012585,3.601599019020796e-10,-4317.381131012585,3.601599019020796e-10,-4317.381131012585,3.601599019020796e-10,-4317.381131012585,3.601599019020796e-10,-4317.381131012585,3.601599019020796e-10,-4317.381131012585,3.601599019020796e-10,-4317.381131012585,3.601599019020796e-10,-4317.381131012585,3.601599019020796e-10,-4317.381131012585,3.601599019020796e-10,-4317.381131012585,3.601599019020796e-10,-4317.381131012585,3.601599019020796e-10,-4317.381131012585,3.601599019020796e-10,-4317.381131012585,3.601599019020796e-10
pb2,run03.json,Score_C,AS-SQD,C,600,1.0,0.001,0.3181490898132324,-4317.381131012585,3.601599019020796e-10,-4317.381131012585,3.601599019020796e-10,-4317.381131012585,3.601599019020796e-10,-4317.381131012585,3.601599019020796e-10,-4317.381131012585,3.601599019020796e-10,-4317.381131012585,3.601599019020796e-10,-4317.381131012585,3.601599019020796e-10,-4317.381131012585,3.601599019020796e-10,-4317.381131012585,3.601599019020796e-10,-4317.381131012585,3.601599019020796e-10,-4317.381131012585,3.601599019020796e-10,-4317.381131012585,3.601599019020796e-10,-4317.381131012585,3.601599019020796e-10,-4317.381131012585,3.601599019020796e-10,-4317.381131012585,3.601599019020796e-10,-4317.381131012585,3.601599019020796e-10,-4317.381131012585,3.601599019020796e-10,-4317.381131012585,3.601599019020796e-10,-4317.381131012585,3.601599019020796e-10,-4317.381131012585,3.601599019020796e-10
pb2,run03.json,Standard_SQD,Standard_SQD,N/A,N/A,N/A,N/A,0.2720928192138672,-4317.381117009333,1.400289147568401e-05,-4317.381128511815,2.5004092094604857e-06,-4317.381131012638,4.1382008930668235e-10,-4317.381131012638,4.1382008930668235e-10,-4317.381131012638,4.1382008930668235e-10,-4317.381131012638,4.1382008930668235e-10,-4317.381131012638,4.1382008930668235e-10,-4317.381131012638,4.1382008930668235e-10,-4317.381131012638,4.1382008930668235e-10,-4317.381131012638,4.1382008930668235e-10,-4317.381131012638,4.1382008930668235e-10,-4317.381131012638,4.1382008930668235e-10,-4317.381131012638,4.1382008930668235e-10,-4317.381131012638,4.1382008930668235e-10,-4317.381131012638,4.1382008930668235e-10,-4317.381131012638,4.1382008930668235e-10,-4317.381131012638,4.1382008930668235e-10,-4317.381131012638,4.1382008930668235e-10,-4317.381131012638,4.1382008930668235e-10,-4317.381131012638,4.1382008930668235e-10
pb2,run03.json,gamma_0.1,AS-SQD,ABC,600,0.1,0.001,0.34387803077697754,-4317.381131012585,3.601599019020796e-10,-4317.381131012585,3.601599019020796e-10,-4317.381131012585,3.601599019020796e-10,-4317.381131012585,3.601599019020796e-10,-4317.381131012585,3.601599019020796e-10,-4317.381131012585,3.601599019020796e-10,-4317.381131012585,3.601599019020796e-10,-4317.381131012585,3.601599019020796e-10,-4317.381131012585,3.601599019020796e-10,-4317.381131012585,3.601599019020796e-10,-4317.381131012585,3.601599019020796e-10,-4317.381131012585,3.601599019020796e-10,-4317.381131012585,3.601599019020796e-10,-4317.381131012585,3.601599019020796e-10,-4317.381131012585,3.601599019020796e-10,-4317.381131012585,3.601599019020796e-10,-4317.381131012585,3.601599019020796e-10,-4317.381131012585,3.601599019020796e-10,-4317.381131012585,3.601599019020796e-10,-4317.381131012585,3.601599019020796e-10
pb2,run03.json,gamma_5.0,AS-SQD,ABC,600,5.0,0.001,0.33863234519958496,-4317.381131012585,3.601599019020796e-10,-4317.381131012585,3.601599019020796e-10,-4317.381131012585,3.601599019020796e-10,-4317.381131012585,3.601599019020796e-10,-4317.381131012585,3.601599019020796e-10,-4317.381131012585,3.601599019020796e-10,-4317.381131012585,3.601599019020796e-10,-4317.381131012585,3.601599019020796e-10,-4317.381131012585,3.601599019020796e-10,-4317.381131012585,3.601599019020796e-10,-4317.381131012585,3.601599019020796e-10,-4317.381131012585,3.601599019020796e-10,-4317.381131012585,3.601599019020796e-10,-4317.381131012585,3.601599019020796e-10,-4317.381131012585,3.601599019020796e-10,-4317.381131012585,3.601599019020796e-10,-4317.381131012585,3.601599019020796e-10,-4317.381131012585,3.601599019020796e-10,-4317.381131012585,3.601599019020796e-10,-4317.381131012585,3.601599019020796e-10
pb2,run03.json,tau_dom_0.0001,AS-SQD,ABC,600,1.0,0.0001,0.3656799793243408,-4317.381131012585,3.601599019020796e-10,-4317.381131012585,3.601599019020796e-10,-4317.381131012585,3.601599019020796e-10,-4317.381131012585,3.601599019020796e-10,-4317.381131012585,3.601599019020796e-10,-4317.381131012585,3.601599019020796e-10,-4317.381131012585,3.601599019020796e-10,-4317.381131012585,3.601599019020796e-10,-4317.381131012585,3.601599019020796e-10,-4317.381131012585,3.601599019020796e-10,-4317.381131012585,3.601599019020796e-10,-4317.381131012585,3.601599019020796e-10,-4317.381131012585,3.601599019020796e-10,-4317.381131012585,3.601599019020796e-10,-4317.381131012585,3.601599019020796e-10,-4317.381131012585,3.601599019020796e-10,-4317.381131012585,3.601599019020796e-10,-4317.381131012585,3.601599019020796e-10,-4317.381131012585,3.601599019020796e-10,-4317.381131012585,3.601599019020796e-10
pb2,run03.json,tau_dom_0.01,AS-SQD,ABC,600,1.0,0.01,0.3296332359313965,-4317.381131012585,3.601599019020796e-10,-4317.381131012585,3.601599019020796e-10,-4317.381131012585,3.601599019020796e-10,-4317.381131012585,3.601599019020796e-10,-4317.381131012585,3.601599019020796e-10,-4317.381131012585,3.601599019020796e-10,-4317.381131012585,3.601599019020796e-10,-4317.381131012585,3.601599019020796e-10,-4317.381131012585,3.601599019020796e-10,-4317.381131012585,3.601599019020796e-10,-4317.381131012585,3.601599019020796e-10,-4317.381131012585,3.601599019020796e-10,-4317.381131012585,3.601599019020796e-10,-4317.381131012585,3.601599019020796e-10,-4317.381131012585,3.601599019020796e-10,-4317.381131012585,3.601599019020796e-10,-4317.381131012585,3.601599019020796e-10,-4317.381131012585,3.601599019020796e-10,-4317.381131012585,3.601599019020796e-10,-4317.381131012585,3.601599019020796e-10
pb2,run04.json,B_add_1200,AS-SQD,ABC,1200,1.0,0.001,0.3300142288208008,-4317.381131012585,3.601599019020796e-10,-4317.381131012585,3.601599019020796e-10,-4317.381131012585,3.601599019020796e-10,-4317.381131012585,3.601599019020796e-10,-4317.381131012585,3.601599019020796e-10,-4317.381131012585,3.601599019020796e-10,-4317.381131012585,3.601599019020796e-10,-4317.381131012585,3.601599019020796e-10,-4317.381131012585,3.601599019020796e-10,-4317.381131012585,3.601599019020796e-10,-4317.381131012585,3.601599019020796e-10,-4317.381131012585,3.601599019020796e-10,-4317.381131012585,3.601599019020796e-10,-4317.381131012585,3.601599019020796e-10,-4317.381131012585,3.601599019020796e-10,-4317.381131012585,3.601599019020796e-10,-4317.381131012585,3.601599019020796e-10,-4317.381131012585,3.601599019020796e-10,-4317.381131012585,3.601599019020796e-10,-4317.381131012585,3.601599019020796e-10
pb2,run04.json,B_add_200,AS-SQD,ABC,200,1.0,0.001,0.34500789642333984,-4317.381131012585,3.601599019020796e-10,-4317.381131012585,3.601599019020796e-10,-4317.381131012585,3.601599019020796e-10,-4317.381131012585,3.601599019020796e-10,-4317.381131012585,3.601599019020796e-10,-4317.381131012585,3.601599019020796e-10,-4317.381131012585,3.601599019020796e-10,-4317.381131012585,3.601599019020796e-10,-4317.381131012585,3.601599019020796e-10,-4317.381131012585,3.601599019020796e-10,-4317.381131012585,3.601599019020796e-10,-4317.381131012585,3.601599019020796e-10,-4317.381131012585,3.601599019020796e-10,-4317.381131012585,3.601599019020796e-10,-4317.381131012585,3.601599019020796e-10,-4317.381131012585,3.601599019020796e-10,-4317.381131012585,3.601599019020796e-10,-4317.381131012585,3.601599019020796e-10,-4317.381131012585,3.601599019020796e-10,-4317.381131012585,3.601599019020796e-10
pb2,run04.json,Proposed_Baseline(ABC),AS-SQD,ABC,600,1.0,0.001,0.33107781410217285,-4317.381131012585,3.601599019020796e-10,-4317.381131012585,3.601599019020796e-10,-4317.381131012585,3.601599019020796e-10,-4317.381131012585,3.601599019020796e-10,-4317.381131012585,3.601599019020796e-10,-4317.381131012585,3.601599019020796e-10,-4317.381131012585,3.601599019020796e-10,-4317.381131012585,3.601599019020796e-10,-4317.381131012585,3.601599019020796e-10,-4317.381131012585,3.601599019020796e-10,-4317.381131012585,3.601599019020796e-10,-4317.381131012585,3.601599019020796e-10,-4317.381131012585,3.601599019020796e-10,-4317.381131012585,3.601599019020796e-10,-4317.381131012585,3.601599019020796e-10,-4317.381131012585,3.601599019020796e-10,-4317.381131012585,3.601599019020796e-10,-4317.381131012585,3.601599019020796e-10,-4317.381131012585,3.601599019020796e-10,-4317.381131012585,3.601599019020796e-10
pb2,run04.json,Score_A,AS-SQD,A,600,1.0,0.001,0.34657716751098633,-4317.381131012585,3.601599019020796e-10,-4317.381131012585,3.601599019020796e-10,-4317.381131012585,3.601599019020796e-10,-4317.381131012585,3.601599019020796e-10,-4317.381131012585,3.601599019020796e-10,-4317.381131012585,3.601599019020796e-10,-4317.381131012585,3.601599019020796e-10,-4317.381131012585,3.601599019020796e-10,-4317.381131012585,3.601599019020796e-10,-4317.381131012585,3.601599019020796e-10,-4317.381131012585,3.601599019020796e-10,-4317.381131012585,3.601599019020796e-10,-4317.381131012585,3.601599019020796e-10,-4317.381131012585,3.601599019020796e-10,-4317.381131012585,3.601599019020796e-10,-4317.381131012585,3.601599019020796e-10,-4317.381131012585,3.601599019020796e-10,-4317.381131012585,3.601599019020796e-10,-4317.381131012585,3.601599019020796e-10,-4317.381131012585,3.601599019020796e-10
pb2,run04.json,Score_AB,AS-SQD,AB,600,1.0,0.001,0.3276340961456299,-4317.381131012585,3.601599019020796e-10,-4317.381131012585,3.601599019020796e-10,-4317.381131012585,3.601599019020796e-10,-4317.381131012585,3.601599019020796e-10,-4317.381131012585,3.601599019020796e-10,-4317.381131012585,3.601599019020796e-10,-4317.381131012585,3.601599019020796e-10,-4317.381131012585,3.601599019020796e-10,-4317.381131012585,3.601599019020796e-10,-4317.381131012585,3.601599019020796e-10,-4317.381131012585,3.601599019020796e-10,-4317.381131012585,3.601599019020796e-10,-4317.381131012585,3.601599019020796e-10,-4317.381131012585,3.601599019020796e-10,-4317.381131012585,3.601599019020796e-10,-4317.381131012585,3.601599019020796e-10,-4317.381131012585,3.601599019020796e-10,-4317.381131012585,3.601599019020796e-10,-4317.381131012585,3.601599019020796e-10,-4317.381131012585,3.601599019020796e-10
pb2,run04.json,Score_AC,AS-SQD,AC,600,1.0,0.001,0.337022066116333,-4317.381131012585,3.601599019020796e-10,-4317.381131012585,3.601599019020796e-10,-4317.381131012585,3.601599019020796e-10,-4317.381131012585,3.601599019020796e-10,-4317.381131012585,3.601599019020796e-10,-4317.381131012585,3.601599019020796e-10,-4317.381131012585,3.601599019020796e-10,-4317.381131012585,3.601599019020796e-10,-4317.381131012585,3.601599019020796e-10,-4317.381131012585,3.601599019020796e-10,-4317.381131012585,3.601599019020796e-10,-4317.381131012585,3.601599019020796e-10,-4317.381131012585,3.601599019020796e-10,-4317.381131012585,3.601599019020796e-10,-4317.381131012585,3.601599019020796e-10,-4317.381131012585,3.601599019020796e-10,-4317.381131012585,3.601599019020796e-10,-4317.381131012585,3.601599019020796e-10,-4317.381131012585,3.601599019020796e-10,-4317.381131012585,3.601599019020796e-10
pb2,run04.json,Score_B,AS-SQD,B,600,1.0,0.001,0.3211641311645508,-4317.381131012585,3.601599019020796e-10,-4317.381131012585,3.601599019020796e-10,-4317.381131012585,3.601599019020796e-10,-4317.381131012585,3.601599019020796e-10,-4317.381131012585,3.601599019020796e-10,-4317.381131012585,3.601599019020796e-10,-4317.381131012585,3.601599019020796e-10,-4317.381131012585,3.601599019020796e-10,-4317.381131012585,3.601599019020796e-10,-4317.381131012585,3.601599019020796e-10,-4317.381131012585,3.601599019020796e-10,-4317.381131012585,3.601599019020796e-10,-4317.381131012585,3.601599019020796e-10,-4317.381131012585,3.601599019020796e-10,-4317.381131012585,3.601599019020796e-10,-4317.381131012585,3.601599019020796e-10,-4317.381131012585,3.601599019020796e-10,-4317.381131012585,3.601599019020796e-10,-4317.381131012585,3.601599019020796e-10,-4317.381131012585,3.601599019020796e-10
pb2,run04.json,Score_BC,AS-SQD,BC,600,1.0,0.001,0.33114099502563477,-4317.381131012585,3.601599019020796e-10,-4317.381131012585,3.601599019020796e-10,-4317.381131012585,3.601599019020796e-10,-4317.381131012585,3.601599019020796e-10,-4317.381131012585,3.601599019020796e-10,-4317.381131012585,3.601599019020796e-10,-4317.381131012585,3.601599019020796e-10,-4317.381131012585,3.601599019020796e-10,-4317.381131012585,3.601599019020796e-10,-4317.381131012585,3.601599019020796e-10,-4317.381131012585,3.601599019020796e-10,-4317.381131012585,3.601599019020796e-10,-4317.381131012585,3.601599019020796e-10,-4317.381131012585,3.601599019020796e-10,-4317.381131012585,3.601599019020796e-10,-4317.381131012585,3.601599019020796e-10,-4317.381131012585,3.601599019020796e-10,-4317.381131012585,3.601599019020796e-10,-4317.381131012585,3.601599019020796e-10,-4317.381131012585,3.601599019020796e-10
pb2,run04.json,Score_C,AS-SQD,C,600,1.0,0.001,0.32339024543762207,-4317.381131012585,3.601599019020796e-10,-4317.381131012585,3.601599019020796e-10,-4317.381131012585,3.601599019020796e-10,-4317.381131012585,3.601599019020796e-10,-4317.381131012585,3.601599019020796e-10,-4317.381131012585,3.601599019020796e-10,-4317.381131012585,3.601599019020796e-10,-4317.381131012585,3.601599019020796e-10,-4317.381131012585,3.601599019020796e-10,-4317.381131012585,3.601599019020796e-10,-4317.381131012585,3.601599019020796e-10,-4317.381131012585,3.601599019020796e-10,-4317.381131012585,3.601599019020796e-10,-4317.381131012585,3.601599019020796e-10,-4317.381131012585,3.601599019020796e-10,-4317.381131012585,3.601599019020796e-10,-4317.381131012585,3.601599019020796e-10,-4317.381131012585,3.601599019020796e-10,-4317.381131012585,3.601599019020796e-10,-4317.381131012585,3.601599019020796e-10
pb2,run04.json,Standard_SQD,Standard_SQD,N/A,N/A,N/A,N/A,0.16888689994812012,-4317.381128562836,2.449388375680428e-06,-4317.381130523617,4.886078386334702e-07,-4317.381130523617,4.886078386334702e-07,-4317.381130523617,4.886078386334702e-07,-4317.381130523617,4.886078386334702e-07,-4317.381130523617,4.886078386334702e-07,-4317.381130523617,4.886078386334702e-07,-4317.381130523617,4.886078386334702e-07,-4317.381130523617,4.886078386334702e-07,-4317.381130523617,4.886078386334702e-07,-4317.381130523617,4.886078386334702e-07,-4317.381130523617,4.886078386334702e-07,-4317.381130523617,4.886078386334702e-07,-4317.381130523617,4.886078386334702e-07,-4317.381130523617,4.886078386334702e-07,-4317.381130523617,4.886078386334702e-07,-4317.381130523617,4.886078386334702e-07,-4317.381130523617,4.886078386334702e-07,-4317.381130523617,4.886078386334702e-07,-4317.381130523617,4.886078386334702e-07
pb2,run04.json,gamma_0.1,AS-SQD,ABC,600,0.1,0.001,0.33823704719543457,-4317.381131012585,3.601599019020796e-10,-4317.381131012585,3.601599019020796e-10,-4317.381131012585,3.601599019020796e-10,-4317.381131012585,3.601599019020796e-10,-4317.381131012585,3.601599019020796e-10,-4317.381131012585,3.601599019020796e-10,-4317.381131012585,3.601599019020796e-10,-4317.381131012585,3.601599019020796e-10,-4317.381131012585,3.601599019020796e-10,-4317.381131012585,3.601599019020796e-10,-4317.381131012585,3.601599019020796e-10,-4317.381131012585,3.601599019020796e-10,-4317.381131012585,3.601599019020796e-10,-4317.381131012585,3.601599019020796e-10,-4317.381131012585,3.601599019020796e-10,-4317.381131012585,3.601599019020796e-10,-4317.381131012585,3.601599019020796e-10,-4317.381131012585,3.601599019020796e-10,-4317.381131012585,3.601599019020796e-10,-4317.381131012585,3.601599019020796e-10
pb2,run04.json,gamma_5.0,AS-SQD,ABC,600,5.0,0.001,0.3300027847290039,-4317.381131012585,3.601599019020796e-10,-4317.381131012585,3.601599019020796e-10,-4317.381131012585,3.601599019020796e-10,-4317.381131012585,3.601599019020796e-10,-4317.381131012585,3.601599019020796e-10,-4317.381131012585,3.601599019020796e-10,-4317.381131012585,3.601599019020796e-10,-4317.381131012585,3.601599019020796e-10,-4317.381131012585,3.601599019020796e-10,-4317.381131012585,3.601599019020796e-10,-4317.381131012585,3.601599019020796e-10,-4317.381131012585,3.601599019020796e-10,-4317.381131012585,3.601599019020796e-10,-4317.381131012585,3.601599019020796e-10,-4317.381131012585,3.601599019020796e-10,-4317.381131012585,3.601599019020796e-10,-4317.381131012585,3.601599019020796e-10,-4317.381131012585,3.601599019020796e-10,-4317.381131012585,3.601599019020796e-10,-4317.381131012585,3.601599019020796e-10
pb2,run04.json,tau_dom_0.0001,AS-SQD,ABC,600,1.0,0.0001,0.36429309844970703,-4317.381131012585,3.601599019020796e-10,-4317.381131012585,3.601599019020796e-10,-4317.381131012585,3.601599019020796e-10,-4317.381131012585,3.601599019020796e-10,-4317.381131012585,3.601599019020796e-10,-4317.381131012585,3.601599019020796e-10,-4317.381131012585,3.601599019020796e-10,-4317.381131012585,3.601599019020796e-10,-4317.381131012585,3.601599019020796e-10,-4317.381131012585,3.601599019020796e-10,-4317.381131012585,3.601599019020796e-10,-4317.381131012585,3.601599019020796e-10,-4317.381131012585,3.601599019020796e-10,-4317.381131012585,3.601599019020796e-10,-4317.381131012585,3.601599019020796e-10,-4317.381131012585,3.601599019020796e-10,-4317.381131012585,3.601599019020796e-10,-4317.381131012585,3.601599019020796e-10,-4317.381131012585,3.601599019020796e-10,-4317.381131012585,3.601599019020796e-10
pb2,run04.json,tau_dom_0.01,AS-SQD,ABC,600,1.0,0.01,0.32050299644470215,-4317.381131012585,3.601599019020796e-10,-4317.381131012585,3.601599019020796e-10,-4317.381131012585,3.601599019020796e-10,-4317.381131012585,3.601599019020796e-10,-4317.381131012585,3.601599019020796e-10,-4317.381131012585,3.601599019020796e-10,-4317.381131012585,3.601599019020796e-10,-4317.381131012585,3.601599019020796e-10,-4317.381131012585,3.601599019020796e-10,-4317.381131012585,3.601599019020796e-10,-4317.381131012585,3.601599019020796e-10,-4317.381131012585,3.601599019020796e-10,-4317.381131012585,3.601599019020796e-10,-4317.381131012585,3.601599019020796e-10,-4317.381131012585,3.601599019020796e-10,-4317.381131012585,3.601599019020796e-10,-4317.381131012585,3.601599019020796e-10,-4317.381131012585,3.601599019020796e-10,-4317.381131012585,3.601599019020796e-10,-4317.381131012585,3.601599019020796e-10
pb2,run05.json,B_add_1200,AS-SQD,ABC,1200,1.0,0.001,0.34000420570373535,-4317.3804132543355,0.0007177578891059966,-4317.381131012585,3.601599019020796e-10,-4317.381131012585,3.601599019020796e-10,-4317.381131012585,3.601599019020796e-10,-4317.381131012585,3.601599019020796e-10,-4317.381131012585,3.601599019020796e-10,-4317.381131012585,3.601599019020796e-10,-4317.381131012585,3.601599019020796e-10,-4317.381131012585,3.601599019020796e-10,-4317.381131012585,3.601599019020796e-10,-4317.381131012585,3.601599019020796e-10,-4317.381131012585,3.601599019020796e-10,-4317.381131012585,3.601599019020796e-10,-4317.381131012585,3.601599019020796e-10,-4317.381131012585,3.601599019020796e-10,-4317.381131012585,3.601599019020796e-10,-4317.381131012585,3.601599019020796e-10,-4317.381131012585,3.601599019020796e-10,-4317.381131012585,3.601599019020796e-10,-4317.381131012585,3.601599019020796e-10
pb2,run05.json,B_add_200,AS-SQD,ABC,200,1.0,0.001,0.33037614822387695,-4317.3804132543355,0.0007177578891059966,-4317.381131012585,3.601599019020796e-10,-4317.381131012585,3.601599019020796e-10,-4317.381131012585,3.601599019020796e-10,-4317.381131012585,3.601599019020796e-10,-4317.381131012585,3.601599019020796e-10,-4317.381131012585,3.601599019020796e-10,-4317.381131012585,3.601599019020796e-10,-4317.381131012585,3.601599019020796e-10,-4317.381131012585,3.601599019020796e-10,-4317.381131012585,3.601599019020796e-10,-4317.381131012585,3.601599019020796e-10,-4317.381131012585,3.601599019020796e-10,-4317.381131012585,3.601599019020796e-10,-4317.381131012585,3.601599019020796e-10,-4317.381131012585,3.601599019020796e-10,-4317.381131012585,3.601599019020796e-10,-4317.381131012585,3.601599019020796e-10,-4317.381131012585,3.601599019020796e-10,-4317.381131012585,3.601599019020796e-10
pb2,run05.json,Proposed_Baseline(ABC),AS-SQD,ABC,600,1.0,0.001,0.33344006538391113,-4317.3804132543355,0.0007177578891059966,-4317.381131012585,3.601599019020796e-10,-4317.381131012585,3.601599019020796e-10,-4317.381131012585,3.601599019020796e-10,-4317.381131012585,3.601599019020796e-10,-4317.381131012585,3.601599019020796e-10,-4317.381131012585,3.601599019020796e-10,-4317.381131012585,3.601599019020796e-10,-4317.381131012585,3.601599019020796e-10,-4317.381131012585,3.601599019020796e-10,-4317.381131012585,3.601599019020796e-10,-4317.381131012585,3.601599019020796e-10,-4317.381131012585,3.601599019020796e-10,-4317.381131012585,3.601599019020796e-10,-4317.381131012585,3.601599019020796e-10,-4317.381131012585,3.601599019020796e-10,-4317.381131012585,3.601599019020796e-10,-4317.381131012585,3.601599019020796e-10,-4317.381131012585,3.601599019020796e-10,-4317.381131012585,3.601599019020796e-10
pb2,run05.json,Score_A,AS-SQD,A,600,1.0,0.001,0.3326718807220459,-4317.3804132543355,0.0007177578891059966,-4317.381131012585,3.601599019020796e-10,-4317.381131012585,3.601599019020796e-10,-4317.381131012585,3.601599019020796e-10,-4317.381131012585,3.601599019020796e-10,-4317.381131012585,3.601599019020796e-10,-4317.381131012585,3.601599019020796e-10,-4317.381131012585,3.601599019020796e-10,-4317.381131012585,3.601599019020796e-10,-4317.381131012585,3.601599019020796e-10,-4317.381131012585,3.601599019020796e-10,-4317.381131012585,3.601599019020796e-10,-4317.381131012585,3.601599019020796e-10,-4317.381131012585,3.601599019020796e-10,-4317.381131012585,3.601599019020796e-10,-4317.381131012585,3.601599019020796e-10,-4317.381131012585,3.601599019020796e-10,-4317.381131012585,3.601599019020796e-10,-4317.381131012585,3.601599019020796e-10,-4317.381131012585,3.601599019020796e-10
pb2,run05.json,Score_AB,AS-SQD,AB,600,1.0,0.001,0.3326411247253418,-4317.3804132543355,0.0007177578891059966,-4317.381131012585,3.601599019020796e-10,-4317.381131012585,3.601599019020796e-10,-4317.381131012585,3.601599019020796e-10,-4317.381131012585,3.601599019020796e-10,-4317.381131012585,3.601599019020796e-10,-4317.381131012585,3.601599019020796e-10,-4317.381131012585,3.601599019020796e-10,-4317.381131012585,3.601599019020796e-10,-4317.381131012585,3.601599019020796e-10,-4317.381131012585,3.601599019020796e-10,-4317.381131012585,3.601599019020796e-10,-4317.381131012585,3.601599019020796e-10,-4317.381131012585,3.601599019020796e-10,-4317.381131012585,3.601599019020796e-10,-4317.381131012585,3.601599019020796e-10,-4317.381131012585,3.601599019020796e-10,-4317.381131012585,3.601599019020796e-10,-4317.381131012585,3.601599019020796e-10,-4317.381131012585,3.601599019020796e-10
pb2,run05.json,Score_AC,AS-SQD,AC,600,1.0,0.001,0.3333730697631836,-4317.3804132543355,0.0007177578891059966,-4317.381131012585,3.601599019020796e-10,-4317.381131012585,3.601599019020796e-10,-4317.381131012585,3.601599019020796e-10,-4317.381131012585,3.601599019020796e-10,-4317.381131012585,3.601599019020796e-10,-4317.381131012585,3.601599019020796e-10,-4317.381131012585,3.601599019020796e-10,-4317.381131012585,3.601599019020796e-10,-4317.381131012585,3.601599019020796e-10,-4317.381131012585,3.601599019020796e-10,-4317.381131012585,3.601599019020796e-10,-4317.381131012585,3.601599019020796e-10,-4317.381131012585,3.601599019020796e-10,-4317.381131012585,3.601599019020796e-10,-4317.381131012585,3.601599019020796e-10,-4317.381131012585,3.601599019020796e-10,-4317.381131012585,3.601599019020796e-10,-4317.381131012585,3.601599019020796e-10,-4317.381131012585,3.601599019020796e-10
pb2,run05.json,Score_B,AS-SQD,B,600,1.0,0.001,0.3377830982208252,-4317.3804132543355,0.0007177578891059966,-4317.381131012585,3.601599019020796e-10,-4317.381131012585,3.601599019020796e-10,-4317.381131012585,3.601599019020796e-10,-4317.381131012585,3.601599019020796e-10,-4317.381131012585,3.601599019020796e-10,-4317.381131012585,3.601599019020796e-10,-4317.381131012585,3.601599019020796e-10,-4317.381131012585,3.601599019020796e-10,-4317.381131012585,3.601599019020796e-10,-4317.381131012585,3.601599019020796e-10,-4317.381131012585,3.601599019020796e-10,-4317.381131012585,3.601599019020796e-10,-4317.381131012585,3.601599019020796e-10,-4317.381131012585,3.601599019020796e-10,-4317.381131012585,3.601599019020796e-10,-4317.381131012585,3.601599019020796e-10,-4317.381131012585,3.601599019020796e-10,-4317.381131012585,3.601599019020796e-10,-4317.381131012585,3.601599019020796e-10
pb2,run05.json,Score_BC,AS-SQD,BC,600,1.0,0.001,0.3338282108306885,-4317.3804132543355,0.0007177578891059966,-4317.381131012585,3.601599019020796e-10,-4317.381131012585,3.601599019020796e-10,-4317.381131012585,3.601599019020796e-10,-4317.381131012585,3.601599019020796e-10,-4317.381131012585,3.601599019020796e-10,-4317.381131012585,3.601599019020796e-10,-4317.381131012585,3.601599019020796e-10,-4317.381131012585,3.601599019020796e-10,-4317.381131012585,3.601599019020796e-10,-4317.381131012585,3.601599019020796e-10,-4317.381131012585,3.601599019020796e-10,-4317.381131012585,3.601599019020796e-10,-4317.381131012585,3.601599019020796e-10,-4317.381131012585,3.601599019020796e-10,-4317.381131012585,3.601599019020796e-10,-4317.381131012585,3.601599019020796e-10,-4317.381131012585,3.601599019020796e-10,-4317.381131012585,3.601599019020796e-10,-4317.381131012585,3.601599019020796e-10
pb2,run05.json,Score_C,AS-SQD,C,600,1.0,0.001,0.33621716499328613,-4317.3804132543355,0.0007177578891059966,-4317.381131012585,3.601599019020796e-10,-4317.381131012585,3.601599019020796e-10,-4317.381131012585,3.601599019020796e-10,-4317.381131012585,3.601599019020796e-10,-4317.381131012585,3.601599019020796e-10,-4317.381131012585,3.601599019020796e-10,-4317.381131012585,3.601599019020796e-10,-4317.381131012585,3.601599019020796e-10,-4317.381131012585,3.601599019020796e-10,-4317.381131012585,3.601599019020796e-10,-4317.381131012585,3.601599019020796e-10,-4317.381131012585,3.601599019020796e-10,-4317.381131012585,3.601599019020796e-10,-4317.381131012585,3.601599019020796e-10,-4317.381131012585,3.601599019020796e-10,-4317.381131012585,3.601599019020796e-10,-4317.381131012585,3.601599019020796e-10,-4317.381131012585,3.601599019020796e-10,-4317.381131012585,3.601599019020796e-10
pb2,run05.json,Standard_SQD,Standard_SQD,N/A,N/A,N/A,N/A,0.2507491111755371,-4317.381010748024,0.00012026420063193655,-4317.381130105393,9.068317012861371e-07,-4317.381131012638,4.1382008930668235e-10,-4317.381131012638,4.1382008930668235e-10,-4317.381131012638,4.1382008930668235e-10,-4317.381131012638,4.1382008930668235e-10,-4317.381131012638,4.1382008930668235e-10,-4317.381131012638,4.1382008930668235e-10,-4317.381131012638,4.1382008930668235e-10,-4317.381131012638,4.1382008930668235e-10,-4317.381131012638,4.1382008930668235e-10,-4317.381131012638,4.1382008930668235e-10,-4317.381131012638,4.1382008930668235e-10,-4317.381131012638,4.1382008930668235e-10,-4317.381131012638,4.1382008930668235e-10,-4317.381131012638,4.1382008930668235e-10,-4317.381131012638,4.1382008930668235e-10,-4317.381131012638,4.1382008930668235e-10,-4317.381131012638,4.1382008930668235e-10,-4317.381131012638,4.1382008930668235e-10
pb2,run05.json,gamma_0.1,AS-SQD,ABC,600,0.1,0.001,0.3450009822845459,-4317.3804132543355,0.0007177578891059966,-4317.381131012585,3.601599019020796e-10,-4317.381131012585,3.601599019020796e-10,-4317.381131012585,3.601599019020796e-10,-4317.381131012585,3.601599019020796e-10,-4317.381131012585,3.601599019020796e-10,-4317.381131012585,3.601599019020796e-10,-4317.381131012585,3.601599019020796e-10,-4317.381131012585,3.601599019020796e-10,-4317.381131012585,3.601599019020796e-10,-4317.381131012585,3.601599019020796e-10,-4317.381131012585,3.601599019020796e-10,-4317.381131012585,3.601599019020796e-10,-4317.381131012585,3.601599019020796e-10,-4317.381131012585,3.601599019020796e-10,-4317.381131012585,3.601599019020796e-10,-4317.381131012585,3.601599019020796e-10,-4317.381131012585,3.601599019020796e-10,-4317.381131012585,3.601599019020796e-10,-4317.381131012585,3.601599019020796e-10
pb2,run05.json,gamma_5.0,AS-SQD,ABC,600,5.0,0.001,0.34557294845581055,-4317.3804132543355,0.0007177578891059966,-4317.381131012585,3.601599019020796e-10,-4317.381131012585,3.601599019020796e-10,-4317.381131012585,3.601599019020796e-10,-4317.381131012585,3.601599019020796e-10,-4317.381131012585,3.601599019020796e-10,-4317.381131012585,3.601599019020796e-10,-4317.381131012585,3.601599019020796e-10,-4317.381131012585,3.601599019020796e-10,-4317.381131012585,3.601599019020796e-10,-4317.381131012585,3.601599019020796e-10,-4317.381131012585,3.601599019020796e-10,-4317.381131012585,3.601599019020796e-10,-4317.381131012585,3.601599019020796e-10,-4317.381131012585,3.601599019020796e-10,-4317.381131012585,3.601599019020796e-10,-4317.381131012585,3.601599019020796e-10,-4317.381131012585,3.601599019020796e-10,-4317.381131012585,3.601599019020796e-10,-4317.381131012585,3.601599019020796e-10
pb2,run05.json,tau_dom_0.0001,AS-SQD,ABC,600,1.0,0.0001,0.36687397956848145,-4317.3804132543355,0.0007177578891059966,-4317.381131012585,3.601599019020796e-10,-4317.381131012585,3.601599019020796e-10,-4317.381131012585,3.601599019020796e-10,-4317.381131012585,3.601599019020796e-10,-4317.381131012585,3.601599019020796e-10,-4317.381131012585,3.601599019020796e-10,-4317.381131012585,3.601599019020796e-10,-4317.381131012585,3.601599019020796e-10,-4317.381131012585,3.601599019020796e-10,-4317.381131012585,3.601599019020796e-10,-4317.381131012585,3.601599019020796e-10,-4317.381131012585,3.601599019020796e-10,-4317.381131012585,3.601599019020796e-10,-4317.381131012585,3.601599019020796e-10,-4317.381131012585,3.601599019020796e-10,-4317.381131012585,3.601599019020796e-10,-4317.381131012585,3.601599019020796e-10,-4317.381131012585,3.601599019020796e-10,-4317.381131012585,3.601599019020796e-10
pb2,run05.json,tau_dom_0.01,AS-SQD,ABC,600,1.0,0.01,0.3210890293121338,-4317.3804132543355,0.0007177578891059966,-4317.381131012585,3.601599019020796e-10,-4317.381131012585,3.601599019020796e-10,-4317.381131012585,3.601599019020796e-10,-4317.381131012585,3.601599019020796e-10,-4317.381131012585,3.601599019020796e-10,-4317.381131012585,3.601599019020796e-10,-4317.381131012585,3.601599019020796e-10,-4317.381131012585,3.601599019020796e-10,-4317.381131012585,3.601599019020796e-10,-4317.381131012585,3.601599019020796e-10,-4317.381131012585,3.601599019020796e-10,-4317.381131012585,3.601599019020796e-10,-4317.381131012585,3.601599019020796e-10,-4317.381131012585,3.601599019020796e-10,-4317.381131012585,3.601599019020796e-10,-4317.381131012585,3.601599019020796e-10,-4317.381131012585,3.601599019020796e-10,-4317.381131012585,3.601599019020796e-10,-4317.381131012585,3.601599019020796e-10
pb2,run06.json,B_add_1200,AS-SQD,ABC,1200,1.0,0.001,0.35817503929138184,-4317.379675597907,0.001455414317206305,-4317.381131012585,3.601599019020796e-10,-4317.381131012585,3.601599019020796e-10,-4317.381131012585,3.601599019020796e-10,-4317.381131012585,3.601599019020796e-10,-4317.381131012585,3.601599019020796e-10,-4317.381131012585,3.601599019020796e-10,-4317.381131012585,3.601599019020796e-10,-4317.381131012585,3.601599019020796e-10,-4317.381131012585,3.601599019020796e-10,-4317.381131012585,3.601599019020796e-10,-4317.381131012585,3.601599019020796e-10,-4317.381131012585,3.601599019020796e-10,-4317.381131012585,3.601599019020796e-10,-4317.381131012585,3.601599019020796e-10,-4317.381131012585,3.601599019020796e-10,-4317.381131012585,3.601599019020796e-10,-4317.381131012585,3.601599019020796e-10,-4317.381131012585,3.601599019020796e-10,-4317.381131012585,3.601599019020796e-10
pb2,run06.json,B_add_200,AS-SQD,ABC,200,1.0,0.001,0.3337399959564209,-4317.379675597907,0.001455414317206305,-4317.381131012585,3.601599019020796e-10,-4317.381131012585,3.601599019020796e-10,-4317.381131012585,3.601599019020796e-10,-4317.381131012585,3.601599019020796e-10,-4317.381131012585,3.601599019020796e-10,-4317.381131012585,3.601599019020796e-10,-4317.381131012585,3.601599019020796e-10,-4317.381131012585,3.601599019020796e-10,-4317.381131012585,3.601599019020796e-10,-4317.381131012585,3.601599019020796e-10,-4317.381131012585,3.601599019020796e-10,-4317.381131012585,3.601599019020796e-10,-4317.381131012585,3.601599019020796e-10,-4317.381131012585,3.601599019020796e-10,-4317.381131012585,3.601599019020796e-10,-4317.381131012585,3.601599019020796e-10,-4317.381131012585,3.601599019020796e-10,-4317.381131012585,3.601599019020796e-10,-4317.381131012585,3.601599019020796e-10
pb2,run06.json,Proposed_Baseline(ABC),AS-SQD,ABC,600,1.0,0.001,0.3332071304321289,-4317.379675597907,0.001455414317206305,-4317.381131012585,3.601599019020796e-10,-4317.381131012585,3.601599019020796e-10,-4317.381131012585,3.601599019020796e-10,-4317.381131012585,3.601599019020796e-10,-4317.381131012585,3.601599019020796e-10,-4317.381131012585,3.601599019020796e-10,-4317.381131012585,3.601599019020796e-10,-4317.381131012585,3.601599019020796e-10,-4317.381131012585,3.601599019020796e-10,-4317.381131012585,3.601599019020796e-10,-4317.381131012585,3.601599019020796e-10,-4317.381131012585,3.601599019020796e-10,-4317.381131012585,3.601599019020796e-10,-4317.381131012585,3.601599019020796e-10,-4317.381131012585,3.601599019020796e-10,-4317.381131012585,3.601599019020796e-10,-4317.381131012585,3.601599019020796e-10,-4317.381131012585,3.601599019020796e-10,-4317.381131012585,3.601599019020796e-10
pb2,run06.json,Score_A,AS-SQD,A,600,1.0,0.001,0.3335559368133545,-4317.379675597907,0.001455414317206305,-4317.381131012585,3.601599019020796e-10,-4317.381131012585,3.601599019020796e-10,-4317.381131012585,3.601599019020796e-10,-4317.381131012585,3.601599019020796e-10,-4317.381131012585,3.601599019020796e-10,-4317.381131012585,3.601599019020796e-10,-4317.381131012585,3.601599019020796e-10,-4317.381131012585,3.601599019020796e-10,-4317.381131012585,3.601599019020796e-10,-4317.381131012585,3.601599019020796e-10,-4317.381131012585,3.601599019020796e-10,-4317.381131012585,3.601599019020796e-10,-4317.381131012585,3.601599019020796e-10,-4317.381131012585,3.601599019020796e-10,-4317.381131012585,3.601599019020796e-10,-4317.381131012585,3.601599019020796e-10,-4317.381131012585,3.601599019020796e-10,-4317.381131012585,3.601599019020796e-10,-4317.381131012585,3.601599019020796e-10
pb2,run06.json,Score_AB,AS-SQD,AB,600,1.0,0.001,0.3404862880706787,-4317.379675597907,0.001455414317206305,-4317.381131012585,3.601599019020796e-10,-4317.381131012585,3.601599019020796e-10,-4317.381131012585,3.601599019020796e-10,-4317.381131012585,3.601599019020796e-10,-4317.381131012585,3.601599019020796e-10,-4317.381131012585,3.601599019020796e-10,-4317.381131012585,3.601599019020796e-10,-4317.381131012585,3.601599019020796e-10,-4317.381131012585,3.601599019020796e-10,-4317.381131012585,3.601599019020796e-10,-4317.381131012585,3.601599019020796e-10,-4317.381131012585,3.601599019020796e-10,-4317.381131012585,3.601599019020796e-10,-4317.381131012585,3.601599019020796e-10,-4317.381131012585,3.601599019020796e-10,-4317.381131012585,3.601599019020796e-10,-4317.381131012585,3.601599019020796e-10,-4317.381131012585,3.601599019020796e-10,-4317.381131012585,3.601599019020796e-10
pb2,run06.json,Score_AC,AS-SQD,AC,600,1.0,0.001,0.3494138717651367,-4317.379675597907,0.001455414317206305,-4317.381131012585,3.601599019020796e-10,-4317.381131012585,3.601599019020796e-10,-4317.381131012585,3.601599019020796e-10,-4317.381131012585,3.601599019020796e-10,-4317.381131012585,3.601599019020796e-10,-4317.381131012585,3.601599019020796e-10,-4317.381131012585,3.601599019020796e-10,-4317.381131012585,3.601599019020796e-10,-4317.381131012585,3.601599019020796e-10,-4317.381131012585,3.601599019020796e-10,-4317.381131012585,3.601599019020796e-10,-4317.381131012585,3.601599019020796e-10,-4317.381131012585,3.601599019020796e-10,-4317.381131012585,3.601599019020796e-10,-4317.381131012585,3.601599019020796e-10,-4317.381131012585,3.601599019020796e-10,-4317.381131012585,3.601599019020796e-10,-4317.381131012585,3.601599019020796e-10,-4317.381131012585,3.601599019020796e-10
pb2,run06.json,Score_B,AS-SQD,B,600,1.0,0.001,0.3366219997406006,-4317.379675597907,0.001455414317206305,-4317.381131012585,3.601599019020796e-10,-4317.381131012585,3.601599019020796e-10,-4317.381131012585,3.601599019020796e-10,-4317.381131012585,3.601599019020796e-10,-4317.381131012585,3.601599019020796e-10,-4317.381131012585,3.601599019020796e-10,-4317.381131012585,3.601599019020796e-10,-4317.381131012585,3.601599019020796e-10,-4317.381131012585,3.601599019020796e-10,-4317.381131012585,3.601599019020796e-10,-4317.381131012585,3.601599019020796e-10,-4317.381131012585,3.601599019020796e-10,-4317.381131012585,3.601599019020796e-10,-4317.381131012585,3.601599019020796e-10,-4317.381131012585,3.601599019020796e-10,-4317.381131012585,3.601599019020796e-10,-4317.381131012585,3.601599019020796e-10,-4317.381131012585,3.601599019020796e-10,-4317.381131012585,3.601599019020796e-10
pb2,run06.json,Score_BC,AS-SQD,BC,600,1.0,0.001,0.34432411193847656,-4317.379675597907,0.001455414317206305,-4317.381131012585,3.601599019020796e-10,-4317.381131012585,3.601599019020796e-10,-4317.381131012585,3.601599019020796e-10,-4317.381131012585,3.601599019020796e-10,-4317.381131012585,3.601599019020796e-10,-4317.381131012585,3.601599019020796e-10,-4317.381131012585,3.601599019020796e-10,-4317.381131012585,3.601599019020796e-10,-4317.381131012585,3.601599019020796e-10,-4317.381131012585,3.601599019020796e-10,-4317.381131012585,3.601599019020796e-10,-4317.381131012585,3.601599019020796e-10,-4317.381131012585,3.601599019020796e-10,-4317.381131012585,3.601599019020796e-10,-4317.381131012585,3.601599019020796e-10,-4317.381131012585,3.601599019020796e-10,-4317.381131012585,3.601599019020796e-10,-4317.381131012585,3.601599019020796e-10,-4317.381131012585,3.601599019020796e-10
pb2,run06.json,Score_C,AS-SQD,C,600,1.0,0.001,0.3291490077972412,-4317.379675597907,0.001455414317206305,-4317.381131012585,3.601599019020796e-10,-4317.381131012585,3.601599019020796e-10,-4317.381131012585,3.601599019020796e-10,-4317.381131012585,3.601599019020796e-10,-4317.381131012585,3.601599019020796e-10,-4317.381131012585,3.601599019020796e-10,-4317.381131012585,3.601599019020796e-10,-4317.381131012585,3.601599019020796e-10,-4317.381131012585,3.601599019020796e-10,-4317.381131012585,3.601599019020796e-10,-4317.381131012585,3.601599019020796e-10,-4317.381131012585,3.601599019020796e-10,-4317.381131012585,3.601599019020796e-10,-4317.381131012585,3.601599019020796e-10,-4317.381131012585,3.601599019020796e-10,-4317.381131012585,3.601599019020796e-10,-4317.381131012585,3.601599019020796e-10,-4317.381131012585,3.601599019020796e-10,-4317.381131012585,3.601599019020796e-10
pb2,run06.json,Standard_SQD,Standard_SQD,N/A,N/A,N/A,N/A,0.25785112380981445,-4317.381114151786,1.6860438336152583e-05,-4317.381131012638,4.1382008930668235e-10,-4317.381131012638,4.1382008930668235e-10,-4317.381131012638,4.1382008930668235e-10,-4317.381131012638,4.1382008930668235e-10,-4317.381131012638,4.1382008930668235e-10,-4317.381131012638,4.1382008930668235e-10,-4317.381131012638,4.1382008930668235e-10,-4317.381131012638,4.1382008930668235e-10,-4317.381131012638,4.1382008930668235e-10,-4317.381131012638,4.1382008930668235e-10,-4317.381131012638,4.1382008930668235e-10,-4317.381131012638,4.1382008930668235e-10,-4317.381131012638,4.1382008930668235e-10,-4317.381131012638,4.1382008930668235e-10,-4317.381131012638,4.1382008930668235e-10,-4317.381131012638,4.1382008930668235e-10,-4317.381131012638,4.1382008930668235e-10,-4317.381131012638,4.1382008930668235e-10,-4317.381131012638,4.1382008930668235e-10
pb2,run06.json,gamma_0.1,AS-SQD,ABC,600,0.1,0.001,0.33303308486938477,-4317.379675597907,0.001455414317206305,-4317.381131012585,3.601599019020796e-10,-4317.381131012585,3.601599019020796e-10,-4317.381131012585,3.601599019020796e-10,-4317.381131012585,3.601599019020796e-10,-4317.381131012585,3.601599019020796e-10,-4317.381131012585,3.601599019020796e-10,-4317.381131012585,3.601599019020796e-10,-4317.381131012585,3.601599019020796e-10,-4317.381131012585,3.601599019020796e-10,-4317.381131012585,3.601599019020796e-10,-4317.381131012585,3.601599019020796e-10,-4317.381131012585,3.601599019020796e-10,-4317.381131012585,3.601599019020796e-10,-4317.381131012585,3.601599019020796e-10,-4317.381131012585,3.601599019020796e-10,-4317.381131012585,3.601599019020796e-10,-4317.381131012585,3.601599019020796e-10,-4317.381131012585,3.601599019020796e-10,-4317.381131012585,3.601599019020796e-10
pb2,run06.json,gamma_5.0,AS-SQD,ABC,600,5.0,0.001,0.359403133392334,-4317.379675597907,0.001455414317206305,-4317.381131012585,3.601599019020796e-10,-4317.381131012585,3.601599019020796e-10,-4317.381131012585,3.601599019020796e-10,-4317.381131012585,3.601599019020796e-10,-4317.381131012585,3.601599019020796e-10,-4317.381131012585,3.601599019020796e-10,-4317.381131012585,3.601599019020796e-10,-4317.381131012585,3.601599019020796e-10,-4317.381131012585,3.601599019020796e-10,-4317.381131012585,3.601599019020796e-10,-4317.381131012585,3.601599019020796e-10,-4317.381131012585,3.601599019020796e-10,-4317.381131012585,3.601599019020796e-10,-4317.381131012585,3.601599019020796e-10,-4317.381131012585,3.601599019020796e-10,-4317.381131012585,3.601599019020796e-10,-4317.381131012585,3.601599019020796e-10,-4317.381131012585,3.601599019020796e-10,-4317.381131012585,3.601599019020796e-10
pb2,run06.json,tau_dom_0.0001,AS-SQD,ABC,600,1.0,0.0001,0.37900400161743164,-4317.379675597907,0.001455414317206305,-4317.381131012585,3.601599019020796e-10,-4317.381131012585,3.601599019020796e-10,-4317.381131012585,3.601599019020796e-10,-4317.381131012585,3.601599019020796e-10,-4317.381131012585,3.601599019020796e-10,-4317.381131012585,3.601599019020796e-10,-4317.381131012585,3.601599019020796e-10,-4317.381131012585,3.601599019020796e-10,-4317.381131012585,3.601599019020796e-10,-4317.381131012585,3.601599019020796e-10,-4317.381131012585,3.601599019020796e-10,-4317.381131012585,3.601599019020796e-10,-4317.381131012585,3.601599019020796e-10,-4317.381131012585,3.601599019020796e-10,-4317.381131012585,3.601599019020796e-10,-4317.381131012585,3.601599019020796e-10,-4317.381131012585,3.601599019020796e-10,-4317.381131012585,3.601599019020796e-10,-4317.381131012585,3.601599019020796e-10
pb2,run06.json,tau_dom_0.01,AS-SQD,ABC,600,1.0,0.01,0.3567240238189697,-4317.379675597907,0.001455414317206305,-4317.381131012585,3.601599019020796e-10,-4317.381131012585,3.601599019020796e-10,-4317.381131012585,3.601599019020796e-10,-4317.381131012585,3.601599019020796e-10,-4317.381131012585,3.601599019020796e-10,-4317.381131012585,3.601599019020796e-10,-4317.381131012585,3.601599019020796e-10,-4317.381131012585,3.601599019020796e-10,-4317.381131012585,3.601599019020796e-10,-4317.381131012585,3.601599019020796e-10,-4317.381131012585,3.601599019020796e-10,-4317.381131012585,3.601599019020796e-10,-4317.381131012585,3.601599019020796e-10,-4317.381131012585,3.601599019020796e-10,-4317.381131012585,3.601599019020796e-10,-4317.381131012585,3.601599019020796e-10,-4317.381131012585,3.601599019020796e-10,-4317.381131012585,3.601599019020796e-10,-4317.381131012585,3.601599019020796e-10
pb2,run07.json,B_add_1200,AS-SQD,ABC,1200,1.0,0.001,0.3484189510345459,-4317.381131012585,3.601599019020796e-10,-4317.381131012585,3.601599019020796e-10,-4317.381131012585,3.601599019020796e-10,-4317.381131012585,3.601599019020796e-10,-4317.381131012585,3.601599019020796e-10,-4317.381131012585,3.601599019020796e-10,-4317.381131012585,3.601599019020796e-10,-4317.381131012585,3.601599019020796e-10,-4317.381131012585,3.601599019020796e-10,-4317.381131012585,3.601599019020796e-10,-4317.381131012585,3.601599019020796e-10,-4317.381131012585,3.601599019020796e-10,-4317.381131012585,3.601599019020796e-10,-4317.381131012585,3.601599019020796e-10,-4317.381131012585,3.601599019020796e-10,-4317.381131012585,3.601599019020796e-10,-4317.381131012585,3.601599019020796e-10,-4317.381131012585,3.601599019020796e-10,-4317.381131012585,3.601599019020796e-10,-4317.381131012585,3.601599019020796e-10
pb2,run07.json,B_add_200,AS-SQD,ABC,200,1.0,0.001,0.33571290969848633,-4317.381131012585,3.601599019020796e-10,-4317.381131012585,3.601599019020796e-10,-4317.381131012585,3.601599019020796e-10,-4317.381131012585,3.601599019020796e-10,-4317.381131012585,3.601599019020796e-10,-4317.381131012585,3.601599019020796e-10,-4317.381131012585,3.601599019020796e-10,-4317.381131012585,3.601599019020796e-10,-4317.381131012585,3.601599019020796e-10,-4317.381131012585,3.601599019020796e-10,-4317.381131012585,3.601599019020796e-10,-4317.381131012585,3.601599019020796e-10,-4317.381131012585,3.601599019020796e-10,-4317.381131012585,3.601599019020796e-10,-4317.381131012585,3.601599019020796e-10,-4317.381131012585,3.601599019020796e-10,-4317.381131012585,3.601599019020796e-10,-4317.381131012585,3.601599019020796e-10,-4317.381131012585,3.601599019020796e-10,-4317.381131012585,3.601599019020796e-10
pb2,run07.json,Proposed_Baseline(ABC),AS-SQD,ABC,600,1.0,0.001,0.3331332206726074,-4317.381131012585,3.601599019020796e-10,-4317.381131012585,3.601599019020796e-10,-4317.381131012585,3.601599019020796e-10,-4317.381131012585,3.601599019020796e-10,-4317.381131012585,3.601599019020796e-10,-4317.381131012585,3.601599019020796e-10,-4317.381131012585,3.601599019020796e-10,-4317.381131012585,3.601599019020796e-10,-4317.381131012585,3.601599019020796e-10,-4317.381131012585,3.601599019020796e-10,-4317.381131012585,3.601599019020796e-10,-4317.381131012585,3.601599019020796e-10,-4317.381131012585,3.601599019020796e-10,-4317.381131012585,3.601599019020796e-10,-4317.381131012585,3.601599019020796e-10,-4317.381131012585,3.601599019020796e-10,-4317.381131012585,3.601599019020796e-10,-4317.381131012585,3.601599019020796e-10,-4317.381131012585,3.601599019020796e-10,-4317.381131012585,3.601599019020796e-10
pb2,run07.json,Score_A,AS-SQD,A,600,1.0,0.001,0.3431968688964844,-4317.381131012585,3.601599019020796e-10,-4317.381131012585,3.601599019020796e-10,-4317.381131012585,3.601599019020796e-10,-4317.381131012585,3.601599019020796e-10,-4317.381131012585,3.601599019020796e-10,-4317.381131012585,3.601599019020796e-10,-4317.381131012585,3.601599019020796e-10,-4317.381131012585,3.601599019020796e-10,-4317.381131012585,3.601599019020796e-10,-4317.381131012585,3.601599019020796e-10,-4317.381131012585,3.601599019020796e-10,-4317.381131012585,3.601599019020796e-10,-4317.381131012585,3.601599019020796e-10,-4317.381131012585,3.601599019020796e-10,-4317.381131012585,3.601599019020796e-10,-4317.381131012585,3.601599019020796e-10,-4317.381131012585,3.601599019020796e-10,-4317.381131012585,3.601599019020796e-10,-4317.381131012585,3.601599019020796e-10,-4317.381131012585,3.601599019020796e-10
pb2,run07.json,Score_AB,AS-SQD,AB,600,1.0,0.001,0.32792210578918457,-4317.381131012585,3.601599019020796e-10,-4317.381131012585,3.601599019020796e-10,-4317.381131012585,3.601599019020796e-10,-4317.381131012585,3.601599019020796e-10,-4317.381131012585,3.601599019020796e-10,-4317.381131012585,3.601599019020796e-10,-4317.381131012585,3.601599019020796e-10,-4317.381131012585,3.601599019020796e-10,-4317.381131012585,3.601599019020796e-10,-4317.381131012585,3.601599019020796e-10,-4317.381131012585,3.601599019020796e-10,-4317.381131012585,3.601599019020796e-10,-4317.381131012585,3.601599019020796e-10,-4317.381131012585,3.601599019020796e-10,-4317.381131012585,3.601599019020796e-10,-4317.381131012585,3.601599019020796e-10,-4317.381131012585,3.601599019020796e-10,-4317.381131012585,3.601599019020796e-10,-4317.381131012585,3.601599019020796e-10,-4317.381131012585,3.601599019020796e-10
pb2,run07.json,Score_AC,AS-SQD,AC,600,1.0,0.001,0.35402917861938477,-4317.381131012585,3.601599019020796e-10,-4317.381131012585,3.601599019020796e-10,-4317.381131012585,3.601599019020796e-10,-4317.381131012585,3.601599019020796e-10,-4317.381131012585,3.601599019020796e-10,-4317.381131012585,3.601599019020796e-10,-4317.381131012585,3.601599019020796e-10,-4317.381131012585,3.601599019020796e-10,-4317.381131012585,3.601599019020796e-10,-4317.381131012585,3.601599019020796e-10,-4317.381131012585,3.601599019020796e-10,-4317.381131012585,3.601599019020796e-10,-4317.381131012585,3.601599019020796e-10,-4317.381131012585,3.601599019020796e-10,-4317.381131012585,3.601599019020796e-10,-4317.381131012585,3.601599019020796e-10,-4317.381131012585,3.601599019020796e-10,-4317.381131012585,3.601599019020796e-10,-4317.381131012585,3.601599019020796e-10,-4317.381131012585,3.601599019020796e-10
pb2,run07.json,Score_B,AS-SQD,B,600,1.0,0.001,0.33248090744018555,-4317.381131012585,3.601599019020796e-10,-4317.381131012585,3.601599019020796e-10,-4317.381131012585,3.601599019020796e-10,-4317.381131012585,3.601599019020796e-10,-4317.381131012585,3.601599019020796e-10,-4317.381131012585,3.601599019020796e-10,-4317.381131012585,3.601599019020796e-10,-4317.381131012585,3.601599019020796e-10,-4317.381131012585,3.601599019020796e-10,-4317.381131012585,3.601599019020796e-10,-4317.381131012585,3.601599019020796e-10,-4317.381131012585,3.601599019020796e-10,-4317.381131012585,3.601599019020796e-10,-4317.381131012585,3.601599019020796e-10,-4317.381131012585,3.601599019020796e-10,-4317.381131012585,3.601599019020796e-10,-4317.381131012585,3.601599019020796e-10,-4317.381131012585,3.601599019020796e-10,-4317.381131012585,3.601599019020796e-10,-4317.381131012585,3.601599019020796e-10
pb2,run07.json,Score_BC,AS-SQD,BC,600,1.0,0.001,0.3210740089416504,-4317.381131012585,3.601599019020796e-10,-4317.381131012585,3.601599019020796e-10,-4317.381131012585,3.601599019020796e-10,-4317.381131012585,3.601599019020796e-10,-4317.381131012585,3.601599019020796e-10,-4317.381131012585,3.601599019020796e-10,-4317.381131012585,3.601599019020796e-10,-4317.381131012585,3.601599019020796e-10,-4317.381131012585,3.601599019020796e-10,-4317.381131012585,3.601599019020796e-10,-4317.381131012585,3.601599019020796e-10,-4317.381131012585,3.601599019020796e-10,-4317.381131012585,3.601599019020796e-10,-4317.381131012585,3.601599019020796e-10,-4317.381131012585,3.601599019020796e-10,-4317.381131012585,3.601599019020796e-10,-4317.381131012585,3.601599019020796e-10,-4317.381131012585,3.601599019020796e-10,-4317.381131012585,3.601599019020796e-10,-4317.381131012585,3.601599019020796e-10
pb2,run07.json,Score_C,AS-SQD,C,600,1.0,0.001,0.31684112548828125,-4317.381131012585,3.601599019020796e-10,-4317.381131012585,3.601599019020796e-10,-4317.381131012585,3.601599019020796e-10,-4317.381131012585,3.601599019020796e-10,-4317.381131012585,3.601599019020796e-10,-4317.381131012585,3.601599019020796e-10,-4317.381131012585,3.601599019020796e-10,-4317.381131012585,3.601599019020796e-10,-4317.381131012585,3.601599019020796e-10,-4317.381131012585,3.601599019020796e-10,-4317.381131012585,3.601599019020796e-10,-4317.381131012585,3.601599019020796e-10,-4317.381131012585,3.601599019020796e-10,-4317.381131012585,3.601599019020796e-10,-4317.381131012585,3.601599019020796e-10,-4317.381131012585,3.601599019020796e-10,-4317.381131012585,3.601599019020796e-10,-4317.381131012585,3.601599019020796e-10,-4317.381131012585,3.601599019020796e-10,-4317.381131012585,3.601599019020796e-10
pb2,run07.json,Standard_SQD,Standard_SQD,N/A,N/A,N/A,N/A,0.306347131729126,-4317.381124484658,6.527566256409045e-06,-4317.381128557532,2.4546925487811677e-06,-4317.381131012638,4.1382008930668235e-10,-4317.381131012638,4.1382008930668235e-10,-4317.381131012638,4.1382008930668235e-10,-4317.381131012638,4.1382008930668235e-10,-4317.381131012638,4.1382008930668235e-10,-4317.381131012638,4.1382008930668235e-10,-4317.381131012638,4.1382008930668235e-10,-4317.381131012638,4.1382008930668235e-10,-4317.381131012638,4.1382008930668235e-10,-4317.381131012638,4.1382008930668235e-10,-4317.381131012638,4.1382008930668235e-10,-4317.381131012638,4.1382008930668235e-10,-4317.381131012638,4.1382008930668235e-10,-4317.381131012638,4.1382008930668235e-10,-4317.381131012638,4.1382008930668235e-10,-4317.381131012638,4.1382008930668235e-10,-4317.381131012638,4.1382008930668235e-10,-4317.381131012638,4.1382008930668235e-10
pb2,run07.json,gamma_0.1,AS-SQD,ABC,600,0.1,0.001,0.32657718658447266,-4317.381131012585,3.601599019020796e-10,-4317.381131012585,3.601599019020796e-10,-4317.381131012585,3.601599019020796e-10,-4317.381131012585,3.601599019020796e-10,-4317.381131012585,3.601599019020796e-10,-4317.381131012585,3.601599019020796e-10,-4317.381131012585,3.601599019020796e-10,-4317.381131012585,3.601599019020796e-10,-4317.381131012585,3.601599019020796e-10,-4317.381131012585,3.601599019020796e-10,-4317.381131012585,3.601599019020796e-10,-4317.381131012585,3.601599019020796e-10,-4317.381131012585,3.601599019020796e-10,-4317.381131012585,3.601599019020796e-10,-4317.381131012585,3.601599019020796e-10,-4317.381131012585,3.601599019020796e-10,-4317.381131012585,3.601599019020796e-10,-4317.381131012585,3.601599019020796e-10,-4317.381131012585,3.601599019020796e-10,-4317.381131012585,3.601599019020796e-10
pb2,run07.json,gamma_5.0,AS-SQD,ABC,600,5.0,0.001,0.3460869789123535,-4317.381131012585,3.601599019020796e-10,-4317.381131012585,3.601599019020796e-10,-4317.381131012585,3.601599019020796e-10,-4317.381131012585,3.601599019020796e-10,-4317.381131012585,3.601599019020796e-10,-4317.381131012585,3.601599019020796e-10,-4317.381131012585,3.601599019020796e-10,-4317.381131012585,3.601599019020796e-10,-4317.381131012585,3.601599019020796e-10,-4317.381131012585,3.601599019020796e-10,-4317.381131012585,3.601599019020796e-10,-4317.381131012585,3.601599019020796e-10,-4317.381131012585,3.601599019020796e-10,-4317.381131012585,3.601599019020796e-10,-4317.381131012585,3.601599019020796e-10,-4317.381131012585,3.601599019020796e-10,-4317.381131012585,3.601599019020796e-10,-4317.381131012585,3.601599019020796e-10,-4317.381131012585,3.601599019020796e-10,-4317.381131012585,3.601599019020796e-10
pb2,run07.json,tau_dom_0.0001,AS-SQD,ABC,600,1.0,0.0001,0.3664259910583496,-4317.381131012585,3.601599019020796e-10,-4317.381131012585,3.601599019020796e-10,-4317.381131012585,3.601599019020796e-10,-4317.381131012585,3.601599019020796e-10,-4317.381131012585,3.601599019020796e-10,-4317.381131012585,3.601599019020796e-10,-4317.381131012585,3.601599019020796e-10,-4317.381131012585,3.601599019020796e-10,-4317.381131012585,3.601599019020796e-10,-4317.381131012585,3.601599019020796e-10,-4317.381131012585,3.601599019020796e-10,-4317.381131012585,3.601599019020796e-10,-4317.381131012585,3.601599019020796e-10,-4317.381131012585,3.601599019020796e-10,-4317.381131012585,3.601599019020796e-10,-4317.381131012585,3.601599019020796e-10,-4317.381131012585,3.601599019020796e-10,-4317.381131012585,3.601599019020796e-10,-4317.381131012585,3.601599019020796e-10,-4317.381131012585,3.601599019020796e-10
pb2,run07.json,tau_dom_0.01,AS-SQD,ABC,600,1.0,0.01,0.3212549686431885,-4317.381131012585,3.601599019020796e-10,-4317.381131012585,3.601599019020796e-10,-4317.381131012585,3.601599019020796e-10,-4317.381131012585,3.601599019020796e-10,-4317.381131012585,3.601599019020796e-10,-4317.381131012585,3.601599019020796e-10,-4317.381131012585,3.601599019020796e-10,-4317.381131012585,3.601599019020796e-10,-4317.381131012585,3.601599019020796e-10,-4317.381131012585,3.601599019020796e-10,-4317.381131012585,3.601599019020796e-10,-4317.381131012585,3.601599019020796e-10,-4317.381131012585,3.601599019020796e-10,-4317.381131012585,3.601599019020796e-10,-4317.381131012585,3.601599019020796e-10,-4317.381131012585,3.601599019020796e-10,-4317.381131012585,3.601599019020796e-10,-4317.381131012585,3.601599019020796e-10,-4317.381131012585,3.601599019020796e-10,-4317.381131012585,3.601599019020796e-10
pb2,run08.json,B_add_1200,AS-SQD,ABC,1200,1.0,0.001,0.33911824226379395,-4317.381131012585,3.601599019020796e-10,-4317.381131012585,3.601599019020796e-10,-4317.381131012585,3.601599019020796e-10,-4317.381131012585,3.601599019020796e-10,-4317.381131012585,3.601599019020796e-10,-4317.381131012585,3.601599019020796e-10,-4317.381131012585,3.601599019020796e-10,-4317.381131012585,3.601599019020796e-10,-4317.381131012585,3.601599019020796e-10,-4317.381131012585,3.601599019020796e-10,-4317.381131012585,3.601599019020796e-10,-4317.381131012585,3.601599019020796e-10,-4317.381131012585,3.601599019020796e-10,-4317.381131012585,3.601599019020796e-10,-4317.381131012585,3.601599019020796e-10,-4317.381131012585,3.601599019020796e-10,-4317.381131012585,3.601599019020796e-10,-4317.381131012585,3.601599019020796e-10,-4317.381131012585,3.601599019020796e-10,-4317.381131012585,3.601599019020796e-10
pb2,run08.json,B_add_200,AS-SQD,ABC,200,1.0,0.001,0.3339400291442871,-4317.381131012585,3.601599019020796e-10,-4317.381131012585,3.601599019020796e-10,-4317.381131012585,3.601599019020796e-10,-4317.381131012585,3.601599019020796e-10,-4317.381131012585,3.601599019020796e-10,-4317.381131012585,3.601599019020796e-10,-4317.381131012585,3.601599019020796e-10,-4317.381131012585,3.601599019020796e-10,-4317.381131012585,3.601599019020796e-10,-4317.381131012585,3.601599019020796e-10,-4317.381131012585,3.601599019020796e-10,-4317.381131012585,3.601599019020796e-10,-4317.381131012585,3.601599019020796e-10,-4317.381131012585,3.601599019020796e-10,-4317.381131012585,3.601599019020796e-10,-4317.381131012585,3.601599019020796e-10,-4317.381131012585,3.601599019020796e-10,-4317.381131012585,3.601599019020796e-10,-4317.381131012585,3.601599019020796e-10,-4317.381131012585,3.601599019020796e-10
pb2,run08.json,Proposed_Baseline(ABC),AS-SQD,ABC,600,1.0,0.001,0.33530402183532715,-4317.381131012585,3.601599019020796e-10,-4317.381131012585,3.601599019020796e-10,-4317.381131012585,3.601599019020796e-10,-4317.381131012585,3.601599019020796e-10,-4317.381131012585,3.601599019020796e-10,-4317.381131012585,3.601599019020796e-10,-4317.381131012585,3.601599019020796e-10,-4317.381131012585,3.601599019020796e-10,-4317.381131012585,3.601599019020796e-10,-4317.381131012585,3.601599019020796e-10,-4317.381131012585,3.601599019020796e-10,-4317.381131012585,3.601599019020796e-10,-4317.381131012585,3.601599019020796e-10,-4317.381131012585,3.601599019020796e-10,-4317.381131012585,3.601599019020796e-10,-4317.381131012585,3.601599019020796e-10,-4317.381131012585,3.601599019020796e-10,-4317.381131012585,3.601599019020796e-10,-4317.381131012585,3.601599019020796e-10,-4317.381131012585,3.601599019020796e-10
pb2,run08.json,Score_A,AS-SQD,A,600,1.0,0.001,0.3309440612792969,-4317.381131012585,3.601599019020796e-10,-4317.381131012585,3.601599019020796e-10,-4317.381131012585,3.601599019020796e-10,-4317.381131012585,3.601599019020796e-10,-4317.381131012585,3.601599019020796e-10,-4317.381131012585,3.601599019020796e-10,-4317.381131012585,3.601599019020796e-10,-4317.381131012585,3.601599019020796e-10,-4317.381131012585,3.601599019020796e-10,-4317.381131012585,3.601599019020796e-10,-4317.381131012585,3.601599019020796e-10,-4317.381131012585,3.601599019020796e-10,-4317.381131012585,3.601599019020796e-10,-4317.381131012585,3.601599019020796e-10,-4317.381131012585,3.601599019020796e-10,-4317.381131012585,3.601599019020796e-10,-4317.381131012585,3.601599019020796e-10,-4317.381131012585,3.601599019020796e-10,-4317.381131012585,3.601599019020796e-10,-4317.381131012585,3.601599019020796e-10
pb2,run08.json,Score_AB,AS-SQD,AB,600,1.0,0.001,0.3267529010772705,-4317.381131012585,3.601599019020796e-10,-4317.381131012585,3.601599019020796e-10,-4317.381131012585,3.601599019020796e-10,-4317.381131012585,3.601599019020796e-10,-4317.381131012585,3.601599019020796e-10,-4317.381131012585,3.601599019020796e-10,-4317.381131012585,3.601599019020796e-10,-4317.381131012585,3.601599019020796e-10,-4317.381131012585,3.601599019020796e-10,-4317.381131012585,3.601599019020796e-10,-4317.381131012585,3.601599019020796e-10,-4317.381131012585,3.601599019020796e-10,-4317.381131012585,3.601599019020796e-10,-4317.381131012585,3.601599019020796e-10,-4317.381131012585,3.601599019020796e-10,-4317.381131012585,3.601599019020796e-10,-4317.381131012585,3.601599019020796e-10,-4317.381131012585,3.601599019020796e-10,-4317.381131012585,3.601599019020796e-10,-4317.381131012585,3.601599019020796e-10
pb2,run08.json,Score_AC,AS-SQD,AC,600,1.0,0.001,0.3390951156616211,-4317.381131012585,3.601599019020796e-10,-4317.381131012585,3.601599019020796e-10,-4317.381131012585,3.601599019020796e-10,-4317.381131012585,3.601599019020796e-10,-4317.381131012585,3.601599019020796e-10,-4317.381131012585,3.601599019020796e-10,-4317.381131012585,3.601599019020796e-10,-4317.381131012585,3.601599019020796e-10,-4317.381131012585,3.601599019020796e-10,-4317.381131012585,3.601599019020796e-10,-4317.381131012585,3.601599019020796e-10,-4317.381131012585,3.601599019020796e-10,-4317.381131012585,3.601599019020796e-10,-4317.381131012585,3.601599019020796e-10,-4317.381131012585,3.601599019020796e-10,-4317.381131012585,3.601599019020796e-10,-4317.381131012585,3.601599019020796e-10,-4317.381131012585,3.601599019020796e-10,-4317.381131012585,3.601599019020796e-10,-4317.381131012585,3.601599019020796e-10
pb2,run08.json,Score_B,AS-SQD,B,600,1.0,0.001,0.34406399726867676,-4317.381131012585,3.601599019020796e-10,-4317.381131012585,3.601599019020796e-10,-4317.381131012585,3.601599019020796e-10,-4317.381131012585,3.601599019020796e-10,-4317.381131012585,3.601599019020796e-10,-4317.381131012585,3.601599019020796e-10,-4317.381131012585,3.601599019020796e-10,-4317.381131012585,3.601599019020796e-10,-4317.381131012585,3.601599019020796e-10,-4317.381131012585,3.601599019020796e-10,-4317.381131012585,3.601599019020796e-10,-4317.381131012585,3.601599019020796e-10,-4317.381131012585,3.601599019020796e-10,-4317.381131012585,3.601599019020796e-10,-4317.381131012585,3.601599019020796e-10,-4317.381131012585,3.601599019020796e-10,-4317.381131012585,3.601599019020796e-10,-4317.381131012585,3.601599019020796e-10,-4317.381131012585,3.601599019020796e-10,-4317.381131012585,3.601599019020796e-10
pb2,run08.json,Score_BC,AS-SQD,BC,600,1.0,0.001,0.3218517303466797,-4317.381131012585,3.601599019020796e-10,-4317.381131012585,3.601599019020796e-10,-4317.381131012585,3.601599019020796e-10,-4317.381131012585,3.601599019020796e-10,-4317.381131012585,3.601599019020796e-10,-4317.381131012585,3.601599019020796e-10,-4317.381131012585,3.601599019020796e-10,-4317.381131012585,3.601599019020796e-10,-4317.381131012585,3.601599019020796e-10,-4317.381131012585,3.601599019020796e-10,-4317.381131012585,3.601599019020796e-10,-4317.381131012585,3.601599019020796e-10,-4317.381131012585,3.601599019020796e-10,-4317.381131012585,3.601599019020796e-10,-4317.381131012585,3.601599019020796e-10,-4317.381131012585,3.601599019020796e-10,-4317.381131012585,3.601599019020796e-10,-4317.381131012585,3.601599019020796e-10,-4317.381131012585,3.601599019020796e-10,-4317.381131012585,3.601599019020796e-10
pb2,run08.json,Score_C,AS-SQD,C,600,1.0,0.001,0.32872819900512695,-4317.381131012585,3.601599019020796e-10,-4317.381131012585,3.601599019020796e-10,-4317.381131012585,3.601599019020796e-10,-4317.381131012585,3.601599019020796e-10,-4317.381131012585,3.601599019020796e-10,-4317.381131012585,3.601599019020796e-10,-4317.381131012585,3.601599019020796e-10,-4317.381131012585,3.601599019020796e-10,-4317.381131012585,3.601599019020796e-10,-4317.381131012585,3.601599019020796e-10,-4317.381131012585,3.601599019020796e-10,-4317.381131012585,3.601599019020796e-10,-4317.381131012585,3.601599019020796e-10,-4317.381131012585,3.601599019020796e-10,-4317.381131012585,3.601599019020796e-10,-4317.381131012585,3.601599019020796e-10,-4317.381131012585,3.601599019020796e-10,-4317.381131012585,3.601599019020796e-10,-4317.381131012585,3.601599019020796e-10,-4317.381131012585,3.601599019020796e-10
pb2,run08.json,Standard_SQD,Standard_SQD,N/A,N/A,N/A,N/A,0.24640607833862305,-4317.381122038186,8.97403879207559e-06,-4317.381130523617,4.886078386334702e-07,-4317.381131012638,4.1382008930668235e-10,-4317.381131012638,4.1382008930668235e-10,-4317.381131012638,4.1382008930668235e-10,-4317.381131012638,4.1382008930668235e-10,-4317.381131012638,4.1382008930668235e-10,-4317.381131012638,4.1382008930668235e-10,-4317.381131012638,4.1382008930668235e-10,-4317.381131012638,4.1382008930668235e-10,-4317.381131012638,4.1382008930668235e-10,-4317.381131012638,4.1382008930668235e-10,-4317.381131012638,4.1382008930668235e-10,-4317.381131012638,4.1382008930668235e-10,-4317.381131012638,4.1382008930668235e-10,-4317.381131012638,4.1382008930668235e-10,-4317.381131012638,4.1382008930668235e-10,-4317.381131012638,4.1382008930668235e-10,-4317.381131012638,4.1382008930668235e-10,-4317.381131012638,4.1382008930668235e-10
pb2,run08.json,gamma_0.1,AS-SQD,ABC,600,0.1,0.001,0.32978296279907227,-4317.381131012585,3.601599019020796e-10,-4317.381131012585,3.601599019020796e-10,-4317.381131012585,3.601599019020796e-10,-4317.381131012585,3.601599019020796e-10,-4317.381131012585,3.601599019020796e-10,-4317.381131012585,3.601599019020796e-10,-4317.381131012585,3.601599019020796e-10,-4317.381131012585,3.601599019020796e-10,-4317.381131012585,3.601599019020796e-10,-4317.381131012585,3.601599019020796e-10,-4317.381131012585,3.601599019020796e-10,-4317.381131012585,3.601599019020796e-10,-4317.381131012585,3.601599019020796e-10,-4317.381131012585,3.601599019020796e-10,-4317.381131012585,3.601599019020796e-10,-4317.381131012585,3.601599019020796e-10,-4317.381131012585,3.601599019020796e-10,-4317.381131012585,3.601599019020796e-10,-4317.381131012585,3.601599019020796e-10,-4317.381131012585,3.601599019020796e-10
pb2,run08.json,gamma_5.0,AS-SQD,ABC,600,5.0,0.001,0.328096866607666,-4317.381131012585,3.601599019020796e-10,-4317.381131012585,3.601599019020796e-10,-4317.381131012585,3.601599019020796e-10,-4317.381131012585,3.601599019020796e-10,-4317.381131012585,3.601599019020796e-10,-4317.381131012585,3.601599019020796e-10,-4317.381131012585,3.601599019020796e-10,-4317.381131012585,3.601599019020796e-10,-4317.381131012585,3.601599019020796e-10,-4317.381131012585,3.601599019020796e-10,-4317.381131012585,3.601599019020796e-10,-4317.381131012585,3.601599019020796e-10,-4317.381131012585,3.601599019020796e-10,-4317.381131012585,3.601599019020796e-10,-4317.381131012585,3.601599019020796e-10,-4317.381131012585,3.601599019020796e-10,-4317.381131012585,3.601599019020796e-10,-4317.381131012585,3.601599019020796e-10,-4317.381131012585,3.601599019020796e-10,-4317.381131012585,3.601599019020796e-10
pb2,run08.json,tau_dom_0.0001,AS-SQD,ABC,600,1.0,0.0001,0.3721473217010498,-4317.381131012585,3.601599019020796e-10,-4317.381131012585,3.601599019020796e-10,-4317.381131012585,3.601599019020796e-10,-4317.381131012585,3.601599019020796e-10,-4317.381131012585,3.601599019020796e-10,-4317.381131012585,3.601599019020796e-10,-4317.381131012585,3.601599019020796e-10,-4317.381131012585,3.601599019020796e-10,-4317.381131012585,3.601599019020796e-10,-4317.381131012585,3.601599019020796e-10,-4317.381131012585,3.601599019020796e-10,-4317.381131012585,3.601599019020796e-10,-4317.381131012585,3.601599019020796e-10,-4317.381131012585,3.601599019020796e-10,-4317.381131012585,3.601599019020796e-10,-4317.381131012585,3.601599019020796e-10,-4317.381131012585,3.601599019020796e-10,-4317.381131012585,3.601599019020796e-10,-4317.381131012585,3.601599019020796e-10,-4317.381131012585,3.601599019020796e-10
pb2,run08.json,tau_dom_0.01,AS-SQD,ABC,600,1.0,0.01,0.333172082901001,-4317.381131012585,3.601599019020796e-10,-4317.381131012585,3.601599019020796e-10,-4317.381131012585,3.601599019020796e-10,-4317.381131012585,3.601599019020796e-10,-4317.381131012585,3.601599019020796e-10,-4317.381131012585,3.601599019020796e-10,-4317.381131012585,3.601599019020796e-10,-4317.381131012585,3.601599019020796e-10,-4317.381131012585,3.601599019020796e-10,-4317.381131012585,3.601599019020796e-10,-4317.381131012585,3.601599019020796e-10,-4317.381131012585,3.601599019020796e-10,-4317.381131012585,3.601599019020796e-10,-4317.381131012585,3.601599019020796e-10,-4317.381131012585,3.601599019020796e-10,-4317.381131012585,3.601599019020796e-10,-4317.381131012585,3.601599019020796e-10,-4317.381131012585,3.601599019020796e-10,-4317.381131012585,3.601599019020796e-10,-4317.381131012585,3.601599019020796e-10
pb2,run09.json,B_add_1200,AS-SQD,ABC,1200,1.0,0.001,0.35015392303466797,-4317.3804132543355,0.0007177578891059966,-4317.381131012585,3.601599019020796e-10,-4317.381131012585,3.601599019020796e-10,-4317.381131012585,3.601599019020796e-10,-4317.381131012585,3.601599019020796e-10,-4317.381131012585,3.601599019020796e-10,-4317.381131012585,3.601599019020796e-10,-4317.381131012585,3.601599019020796e-10,-4317.381131012585,3.601599019020796e-10,-4317.381131012585,3.601599019020796e-10,-4317.381131012585,3.601599019020796e-10,-4317.381131012585,3.601599019020796e-10,-4317.381131012585,3.601599019020796e-10,-4317.381131012585,3.601599019020796e-10,-4317.381131012585,3.601599019020796e-10,-4317.381131012585,3.601599019020796e-10,-4317.381131012585,3.601599019020796e-10,-4317.381131012585,3.601599019020796e-10,-4317.381131012585,3.601599019020796e-10,-4317.381131012585,3.601599019020796e-10
pb2,run09.json,B_add_200,AS-SQD,ABC,200,1.0,0.001,0.3302032947540283,-4317.3804132543355,0.0007177578891059966,-4317.381131012585,3.601599019020796e-10,-4317.381131012585,3.601599019020796e-10,-4317.381131012585,3.601599019020796e-10,-4317.381131012585,3.601599019020796e-10,-4317.381131012585,3.601599019020796e-10,-4317.381131012585,3.601599019020796e-10,-4317.381131012585,3.601599019020796e-10,-4317.381131012585,3.601599019020796e-10,-4317.381131012585,3.601599019020796e-10,-4317.381131012585,3.601599019020796e-10,-4317.381131012585,3.601599019020796e-10,-4317.381131012585,3.601599019020796e-10,-4317.381131012585,3.601599019020796e-10,-4317.381131012585,3.601599019020796e-10,-4317.381131012585,3.601599019020796e-10,-4317.381131012585,3.601599019020796e-10,-4317.381131012585,3.601599019020796e-10,-4317.381131012585,3.601599019020796e-10,-4317.381131012585,3.601599019020796e-10
pb2,run09.json,Proposed_Baseline(ABC),AS-SQD,ABC,600,1.0,0.001,0.34000682830810547,-4317.3804132543355,0.0007177578891059966,-4317.381131012585,3.601599019020796e-10,-4317.381131012585,3.601599019020796e-10,-4317.381131012585,3.601599019020796e-10,-4317.381131012585,3.601599019020796e-10,-4317.381131012585,3.601599019020796e-10,-4317.381131012585,3.601599019020796e-10,-4317.381131012585,3.601599019020796e-10,-4317.381131012585,3.601599019020796e-10,-4317.381131012585,3.601599019020796e-10,-4317.381131012585,3.601599019020796e-10,-4317.381131012585,3.601599019020796e-10,-4317.381131012585,3.601599019020796e-10,-4317.381131012585,3.601599019020796e-10,-4317.381131012585,3.601599019020796e-10,-4317.381131012585,3.601599019020796e-10,-4317.381131012585,3.601599019020796e-10,-4317.381131012585,3.601599019020796e-10,-4317.381131012585,3.601599019020796e-10,-4317.381131012585,3.601599019020796e-10
pb2,run09.json,Score_A,AS-SQD,A,600,1.0,0.001,0.3340468406677246,-4317.3804132543355,0.0007177578891059966,-4317.381131012585,3.601599019020796e-10,-4317.381131012585,3.601599019020796e-10,-4317.381131012585,3.601599019020796e-10,-4317.381131012585,3.601599019020796e-10,-4317.381131012585,3.601599019020796e-10,-4317.381131012585,3.601599019020796e-10,-4317.381131012585,3.601599019020796e-10,-4317.381131012585,3.601599019020796e-10,-4317.381131012585,3.601599019020796e-10,-4317.381131012585,3.601599019020796e-10,-4317.381131012585,3.601599019020796e-10,-4317.381131012585,3.601599019020796e-10,-4317.381131012585,3.601599019020796e-10,-4317.381131012585,3.601599019020796e-10,-4317.381131012585,3.601599019020796e-10,-4317.381131012585,3.601599019020796e-10,-4317.381131012585,3.601599019020796e-10,-4317.381131012585,3.601599019020796e-10,-4317.381131012585,3.601599019020796e-10
pb2,run09.json,Score_AB,AS-SQD,AB,600,1.0,0.001,0.3413119316101074,-4317.3804132543355,0.0007177578891059966,-4317.381131012585,3.601599019020796e-10,-4317.381131012585,3.601599019020796e-10,-4317.381131012585,3.601599019020796e-10,-4317.381131012585,3.601599019020796e-10,-4317.381131012585,3.601599019020796e-10,-4317.381131012585,3.601599019020796e-10,-4317.381131012585,3.601599019020796e-10,-4317.381131012585,3.601599019020796e-10,-4317.381131012585,3.601599019020796e-10,-4317.381131012585,3.601599019020796e-10,-4317.381131012585,3.601599019020796e-10,-4317.381131012585,3.601599019020796e-10,-4317.381131012585,3.601599019020796e-10,-4317.381131012585,3.601599019020796e-10,-4317.381131012585,3.601599019020796e-10,-4317.381131012585,3.601599019020796e-10,-4317.381131012585,3.601599019020796e-10,-4317.381131012585,3.601599019020796e-10,-4317.381131012585,3.601599019020796e-10
pb2,run09.json,Score_AC,AS-SQD,AC,600,1.0,0.001,0.3470802307128906,-4317.3804132543355,0.0007177578891059966,-4317.381131012585,3.601599019020796e-10,-4317.381131012585,3.601599019020796e-10,-4317.381131012585,3.601599019020796e-10,-4317.381131012585,3.601599019020796e-10,-4317.381131012585,3.601599019020796e-10,-4317.381131012585,3.601599019020796e-10,-4317.381131012585,3.601599019020796e-10,-4317.381131012585,3.601599019020796e-10,-4317.381131012585,3.601599019020796e-10,-4317.381131012585,3.601599019020796e-10,-4317.381131012585,3.601599019020796e-10,-4317.381131012585,3.601599019020796e-10,-4317.381131012585,3.601599019020796e-10,-4317.381131012585,3.601599019020796e-10,-4317.381131012585,3.601599019020796e-10,-4317.381131012585,3.601599019020796e-10,-4317.381131012585,3.601599019020796e-10,-4317.381131012585,3.601599019020796e-10,-4317.381131012585,3.601599019020796e-10
pb2,run09.json,Score_B,AS-SQD,B,600,1.0,0.001,0.32649993896484375,-4317.3804132543355,0.0007177578891059966,-4317.381131012585,3.601599019020796e-10,-4317.381131012585,3.601599019020796e-10,-4317.381131012585,3.601599019020796e-10,-4317.381131012585,3.601599019020796e-10,-4317.381131012585,3.601599019020796e-10,-4317.381131012585,3.601599019020796e-10,-4317.381131012585,3.601599019020796e-10,-4317.381131012585,3.601599019020796e-10,-4317.381131012585,3.601599019020796e-10,-4317.381131012585,3.601599019020796e-10,-4317.381131012585,3.601599019020796e-10,-4317.381131012585,3.601599019020796e-10,-4317.381131012585,3.601599019020796e-10,-4317.381131012585,3.601599019020796e-10,-4317.381131012585,3.601599019020796e-10,-4317.381131012585,3.601599019020796e-10,-4317.381131012585,3.601599019020796e-10,-4317.381131012585,3.601599019020796e-10,-4317.381131012585,3.601599019020796e-10
pb2,run09.json,Score_BC,AS-SQD,BC,600,1.0,0.001,0.3334798812866211,-4317.3804132543355,0.0007177578891059966,-4317.381131012585,3.601599019020796e-10,-4317.381131012585,3.601599019020796e-10,-4317.381131012585,3.601599019020796e-10,-4317.381131012585,3.601599019020796e-10,-4317.381131012585,3.601599019020796e-10,-4317.381131012585,3.601599019020796e-10,-4317.381131012585,3.601599019020796e-10,-4317.381131012585,3.601599019020796e-10,-4317.381131012585,3.601599019020796e-10,-4317.381131012585,3.601599019020796e-10,-4317.381131012585,3.601599019020796e-10,-4317.381131012585,3.601599019020796e-10,-4317.381131012585,3.601599019020796e-10,-4317.381131012585,3.601599019020796e-10,-4317.381131012585,3.601599019020796e-10,-4317.381131012585,3.601599019020796e-10,-4317.381131012585,3.601599019020796e-10,-4317.381131012585,3.601599019020796e-10,-4317.381131012585,3.601599019020796e-10
pb2,run09.json,Score_C,AS-SQD,C,600,1.0,0.001,0.3352169990539551,-4317.3804132543355,0.0007177578891059966,-4317.381131012585,3.601599019020796e-10,-4317.381131012585,3.601599019020796e-10,-4317.381131012585,3.601599019020796e-10,-4317.381131012585,3.601599019020796e-10,-4317.381131012585,3.601599019020796e-10,-4317.381131012585,3.601599019020796e-10,-4317.381131012585,3.601599019020796e-10,-4317.381131012585,3.601599019020796e-10,-4317.381131012585,3.601599019020796e-10,-4317.381131012585,3.601599019020796e-10,-4317.381131012585,3.601599019020796e-10,-4317.381131012585,3.601599019020796e-10,-4317.381131012585,3.601599019020796e-10,-4317.381131012585,3.601599019020796e-10,-4317.381131012585,3.601599019020796e-10,-4317.381131012585,3.601599019020796e-10,-4317.381131012585,3.601599019020796e-10,-4317.381131012585,3.601599019020796e-10,-4317.381131012585,3.601599019020796e-10
pb2,run09.json,Standard_SQD,Standard_SQD,N/A,N/A,N/A,N/A,0.26006293296813965,-4317.3811153715415,1.5640683159290347e-05,-4317.381122220066,8.792158951109741e-06,-4317.381131012638,4.1382008930668235e-10,-4317.381131012638,4.1382008930668235e-10,-4317.381131012638,4.1382008930668235e-10,-4317.381131012638,4.1382008930668235e-10,-4317.381131012638,4.1382008930668235e-10,-4317.381131012638,4.1382008930668235e-10,-4317.381131012638,4.1382008930668235e-10,-4317.381131012638,4.1382008930668235e-10,-4317.381131012638,4.1382008930668235e-10,-4317.381131012638,4.1382008930668235e-10,-4317.381131012638,4.1382008930668235e-10,-4317.381131012638,4.1382008930668235e-10,-4317.381131012638,4.1382008930668235e-10,-4317.381131012638,4.1382008930668235e-10,-4317.381131012638,4.1382008930668235e-10,-4317.381131012638,4.1382008930668235e-10,-4317.381131012638,4.1382008930668235e-10,-4317.381131012638,4.1382008930668235e-10
pb2,run09.json,gamma_0.1,AS-SQD,ABC,600,0.1,0.001,0.3325459957122803,-4317.3804132543355,0.0007177578891059966,-4317.381131012585,3.601599019020796e-10,-4317.381131012585,3.601599019020796e-10,-4317.381131012585,3.601599019020796e-10,-4317.381131012585,3.601599019020796e-10,-4317.381131012585,3.601599019020796e-10,-4317.381131012585,3.601599019020796e-10,-4317.381131012585,3.601599019020796e-10,-4317.381131012585,3.601599019020796e-10,-4317.381131012585,3.601599019020796e-10,-4317.381131012585,3.601599019020796e-10,-4317.381131012585,3.601599019020796e-10,-4317.381131012585,3.601599019020796e-10,-4317.381131012585,3.601599019020796e-10,-4317.381131012585,3.601599019020796e-10,-4317.381131012585,3.601599019020796e-10,-4317.381131012585,3.601599019020796e-10,-4317.381131012585,3.601599019020796e-10,-4317.381131012585,3.601599019020796e-10,-4317.381131012585,3.601599019020796e-10
pb2,run09.json,gamma_5.0,AS-SQD,ABC,600,5.0,0.001,0.3413398265838623,-4317.3804132543355,0.0007177578891059966,-4317.381131012585,3.601599019020796e-10,-4317.381131012585,3.601599019020796e-10,-4317.381131012585,3.601599019020796e-10,-4317.381131012585,3.601599019020796e-10,-4317.381131012585,3.601599019020796e-10,-4317.381131012585,3.601599019020796e-10,-4317.381131012585,3.601599019020796e-10,-4317.381131012585,3.601599019020796e-10,-4317.381131012585,3.601599019020796e-10,-4317.381131012585,3.601599019020796e-10,-4317.381131012585,3.601599019020796e-10,-4317.381131012585,3.601599019020796e-10,-4317.381131012585,3.601599019020796e-10,-4317.381131012585,3.601599019020796e-10,-4317.381131012585,3.601599019020796e-10,-4317.381131012585,3.601599019020796e-10,-4317.381131012585,3.601599019020796e-10,-4317.381131012585,3.601599019020796e-10,-4317.381131012585,3.601599019020796e-10
pb2,run09.json,tau_dom_0.0001,AS-SQD,ABC,600,1.0,0.0001,0.37105798721313477,-4317.3804132543355,0.0007177578891059966,-4317.381131012585,3.601599019020796e-10,-4317.381131012585,3.601599019020796e-10,-4317.381131012585,3.601599019020796e-10,-4317.381131012585,3.601599019020796e-10,-4317.381131012585,3.601599019020796e-10,-4317.381131012585,3.601599019020796e-10,-4317.381131012585,3.601599019020796e-10,-4317.381131012585,3.601599019020796e-10,-4317.381131012585,3.601599019020796e-10,-4317.381131012585,3.601599019020796e-10,-4317.381131012585,3.601599019020796e-10,-4317.381131012585,3.601599019020796e-10,-4317.381131012585,3.601599019020796e-10,-4317.381131012585,3.601599019020796e-10,-4317.381131012585,3.601599019020796e-10,-4317.381131012585,3.601599019020796e-10,-4317.381131012585,3.601599019020796e-10,-4317.381131012585,3.601599019020796e-10,-4317.381131012585,3.601599019020796e-10
pb2,run09.json,tau_dom_0.01,AS-SQD,ABC,600,1.0,0.01,0.3334038257598877,-4317.3804132543355,0.0007177578891059966,-4317.381131012585,3.601599019020796e-10,-4317.381131012585,3.601599019020796e-10,-4317.381131012585,3.601599019020796e-10,-4317.381131012585,3.601599019020796e-10,-4317.381131012585,3.601599019020796e-10,-4317.381131012585,3.601599019020796e-10,-4317.381131012585,3.601599019020796e-10,-4317.381131012585,3.601599019020796e-10,-4317.381131012585,3.601599019020796e-10,-4317.381131012585,3.601599019020796e-10,-4317.381131012585,3.601599019020796e-10,-4317.381131012585,3.601599019020796e-10,-4317.381131012585,3.601599019020796e-10,-4317.381131012585,3.601599019020796e-10,-4317.381131012585,3.601599019020796e-10,-4317.381131012585,3.601599019020796e-10,-4317.381131012585,3.601599019020796e-10,-4317.381131012585,3.601599019020796e-10,-4317.381131012585,3.601599019020796e-10
pb2,run10.json,B_add_1200,AS-SQD,ABC,1200,1.0,0.001,0.3350799083709717,-4317.381131012585,3.601599019020796e-10,-4317.381131012585,3.601599019020796e-10,-4317.381131012585,3.601599019020796e-10,-4317.381131012585,3.601599019020796e-10,-4317.381131012585,3.601599019020796e-10,-4317.381131012585,3.601599019020796e-10,-4317.381131012585,3.601599019020796e-10,-4317.381131012585,3.601599019020796e-10,-4317.381131012585,3.601599019020796e-10,-4317.381131012585,3.601599019020796e-10,-4317.381131012585,3.601599019020796e-10,-4317.381131012585,3.601599019020796e-10,-4317.381131012585,3.601599019020796e-10,-4317.381131012585,3.601599019020796e-10,-4317.381131012585,3.601599019020796e-10,-4317.381131012585,3.601599019020796e-10,-4317.381131012585,3.601599019020796e-10,-4317.381131012585,3.601599019020796e-10,-4317.381131012585,3.601599019020796e-10,-4317.381131012585,3.601599019020796e-10
pb2,run10.json,B_add_200,AS-SQD,ABC,200,1.0,0.001,0.34159326553344727,-4317.381131012585,3.601599019020796e-10,-4317.381131012585,3.601599019020796e-10,-4317.381131012585,3.601599019020796e-10,-4317.381131012585,3.601599019020796e-10,-4317.381131012585,3.601599019020796e-10,-4317.381131012585,3.601599019020796e-10,-4317.381131012585,3.601599019020796e-10,-4317.381131012585,3.601599019020796e-10,-4317.381131012585,3.601599019020796e-10,-4317.381131012585,3.601599019020796e-10,-4317.381131012585,3.601599019020796e-10,-4317.381131012585,3.601599019020796e-10,-4317.381131012585,3.601599019020796e-10,-4317.381131012585,3.601599019020796e-10,-4317.381131012585,3.601599019020796e-10,-4317.381131012585,3.601599019020796e-10,-4317.381131012585,3.601599019020796e-10,-4317.381131012585,3.601599019020796e-10,-4317.381131012585,3.601599019020796e-10,-4317.381131012585,3.601599019020796e-10
pb2,run10.json,Proposed_Baseline(ABC),AS-SQD,ABC,600,1.0,0.001,0.3467259407043457,-4317.381131012585,3.601599019020796e-10,-4317.381131012585,3.601599019020796e-10,-4317.381131012585,3.601599019020796e-10,-4317.381131012585,3.601599019020796e-10,-4317.381131012585,3.601599019020796e-10,-4317.381131012585,3.601599019020796e-10,-4317.381131012585,3.601599019020796e-10,-4317.381131012585,3.601599019020796e-10,-4317.381131012585,3.601599019020796e-10,-4317.381131012585,3.601599019020796e-10,-4317.381131012585,3.601599019020796e-10,-4317.381131012585,3.601599019020796e-10,-4317.381131012585,3.601599019020796e-10,-4317.381131012585,3.601599019020796e-10,-4317.381131012585,3.601599019020796e-10,-4317.381131012585,3.601599019020796e-10,-4317.381131012585,3.601599019020796e-10,-4317.381131012585,3.601599019020796e-10,-4317.381131012585,3.601599019020796e-10,-4317.381131012585,3.601599019020796e-10
pb2,run10.json,Score_A,AS-SQD,A,600,1.0,0.001,0.3278360366821289,-4317.381131012585,3.601599019020796e-10,-4317.381131012585,3.601599019020796e-10,-4317.381131012585,3.601599019020796e-10,-4317.381131012585,3.601599019020796e-10,-4317.381131012585,3.601599019020796e-10,-4317.381131012585,3.601599019020796e-10,-4317.381131012585,3.601599019020796e-10,-4317.381131012585,3.601599019020796e-10,-4317.381131012585,3.601599019020796e-10,-4317.381131012585,3.601599019020796e-10,-4317.381131012585,3.601599019020796e-10,-4317.381131012585,3.601599019020796e-10,-4317.381131012585,3.601599019020796e-10,-4317.381131012585,3.601599019020796e-10,-4317.381131012585,3.601599019020796e-10,-4317.381131012585,3.601599019020796e-10,-4317.381131012585,3.601599019020796e-10,-4317.381131012585,3.601599019020796e-10,-4317.381131012585,3.601599019020796e-10,-4317.381131012585,3.601599019020796e-10
pb2,run10.json,Score_AB,AS-SQD,AB,600,1.0,0.001,0.3777000904083252,-4317.381131012585,3.601599019020796e-10,-4317.381131012585,3.601599019020796e-10,-4317.381131012585,3.601599019020796e-10,-4317.381131012585,3.601599019020796e-10,-4317.381131012585,3.601599019020796e-10,-4317.381131012585,3.601599019020796e-10,-4317.381131012585,3.601599019020796e-10,-4317.381131012585,3.601599019020796e-10,-4317.381131012585,3.601599019020796e-10,-4317.381131012585,3.601599019020796e-10,-4317.381131012585,3.601599019020796e-10,-4317.381131012585,3.601599019020796e-10,-4317.381131012585,3.601599019020796e-10,-4317.381131012585,3.601599019020796e-10,-4317.381131012585,3.601599019020796e-10,-4317.381131012585,3.601599019020796e-10,-4317.381131012585,3.601599019020796e-10,-4317.381131012585,3.601599019020796e-10,-4317.381131012585,3.601599019020796e-10,-4317.381131012585,3.601599019020796e-10
pb2,run10.json,Score_AC,AS-SQD,AC,600,1.0,0.001,0.3358650207519531,-4317.381131012585,3.601599019020796e-10,-4317.381131012585,3.601599019020796e-10,-4317.381131012585,3.601599019020796e-10,-4317.381131012585,3.601599019020796e-10,-4317.381131012585,3.601599019020796e-10,-4317.381131012585,3.601599019020796e-10,-4317.381131012585,3.601599019020796e-10,-4317.381131012585,3.601599019020796e-10,-4317.381131012585,3.601599019020796e-10,-4317.381131012585,3.601599019020796e-10,-4317.381131012585,3.601599019020796e-10,-4317.381131012585,3.601599019020796e-10,-4317.381131012585,3.601599019020796e-10,-4317.381131012585,3.601599019020796e-10,-4317.381131012585,3.601599019020796e-10,-4317.381131012585,3.601599019020796e-10,-4317.381131012585,3.601599019020796e-10,-4317.381131012585,3.601599019020796e-10,-4317.381131012585,3.601599019020796e-10,-4317.381131012585,3.601599019020796e-10
pb2,run10.json,Score_B,AS-SQD,B,600,1.0,0.001,0.3244740962982178,-4317.381131012585,3.601599019020796e-10,-4317.381131012585,3.601599019020796e-10,-4317.381131012585,3.601599019020796e-10,-4317.381131012585,3.601599019020796e-10,-4317.381131012585,3.601599019020796e-10,-4317.381131012585,3.601599019020796e-10,-4317.381131012585,3.601599019020796e-10,-4317.381131012585,3.601599019020796e-10,-4317.381131012585,3.601599019020796e-10,-4317.381131012585,3.601599019020796e-10,-4317.381131012585,3.601599019020796e-10,-4317.381131012585,3.601599019020796e-10,-4317.381131012585,3.601599019020796e-10,-4317.381131012585,3.601599019020796e-10,-4317.381131012585,3.601599019020796e-10,-4317.381131012585,3.601599019020796e-10,-4317.381131012585,3.601599019020796e-10,-4317.381131012585,3.601599019020796e-10,-4317.381131012585,3.601599019020796e-10,-4317.381131012585,3.601599019020796e-10
pb2,run10.json,Score_BC,AS-SQD,BC,600,1.0,0.001,0.3312950134277344,-4317.381131012585,3.601599019020796e-10,-4317.381131012585,3.601599019020796e-10,-4317.381131012585,3.601599019020796e-10,-4317.381131012585,3.601599019020796e-10,-4317.381131012585,3.601599019020796e-10,-4317.381131012585,3.601599019020796e-10,-4317.381131012585,3.601599019020796e-10,-4317.381131012585,3.601599019020796e-10,-4317.381131012585,3.601599019020796e-10,-4317.381131012585,3.601599019020796e-10,-4317.381131012585,3.601599019020796e-10,-4317.381131012585,3.601599019020796e-10,-4317.381131012585,3.601599019020796e-10,-4317.381131012585,3.601599019020796e-10,-4317.381131012585,3.601599019020796e-10,-4317.381131012585,3.601599019020796e-10,-4317.381131012585,3.601599019020796e-10,-4317.381131012585,3.601599019020796e-10,-4317.381131012585,3.601599019020796e-10,-4317.381131012585,3.601599019020796e-10
pb2,run10.json,Score_C,AS-SQD,C,600,1.0,0.001,0.33329200744628906,-4317.381131012585,3.601599019020796e-10,-4317.381131012585,3.601599019020796e-10,-4317.381131012585,3.601599019020796e-10,-4317.381131012585,3.601599019020796e-10,-4317.381131012585,3.601599019020796e-10,-4317.381131012585,3.601599019020796e-10,-4317.381131012585,3.601599019020796e-10,-4317.381131012585,3.601599019020796e-10,-4317.381131012585,3.601599019020796e-10,-4317.381131012585,3.601599019020796e-10,-4317.381131012585,3.601599019020796e-10,-4317.381131012585,3.601599019020796e-10,-4317.381131012585,3.601599019020796e-10,-4317.381131012585,3.601599019020796e-10,-4317.381131012585,3.601599019020796e-10,-4317.381131012585,3.601599019020796e-10,-4317.381131012585,3.601599019020796e-10,-4317.381131012585,3.601599019020796e-10,-4317.381131012585,3.601599019020796e-10,-4317.381131012585,3.601599019020796e-10
pb2,run10.json,Standard_SQD,Standard_SQD,N/A,N/A,N/A,N/A,0.2578709125518799,-4317.381120073204,1.0939020285150036e-05,-4317.381131012638,4.1382008930668235e-10,-4317.381131012638,4.1382008930668235e-10,-4317.381131012638,4.1382008930668235e-10,-4317.381131012638,4.1382008930668235e-10,-4317.381131012638,4.1382008930668235e-10,-4317.381131012638,4.1382008930668235e-10,-4317.381131012638,4.1382008930668235e-10,-4317.381131012638,4.1382008930668235e-10,-4317.381131012638,4.1382008930668235e-10,-4317.381131012638,4.1382008930668235e-10,-4317.381131012638,4.1382008930668235e-10,-4317.381131012638,4.1382008930668235e-10,-4317.381131012638,4.1382008930668235e-10,-4317.381131012638,4.1382008930668235e-10,-4317.381131012638,4.1382008930668235e-10,-4317.381131012638,4.1382008930668235e-10,-4317.381131012638,4.1382008930668235e-10,-4317.381131012638,4.1382008930668235e-10,-4317.381131012638,4.1382008930668235e-10
pb2,run10.json,gamma_0.1,AS-SQD,ABC,600,0.1,0.001,0.3306739330291748,-4317.381131012585,3.601599019020796e-10,-4317.381131012585,3.601599019020796e-10,-4317.381131012585,3.601599019020796e-10,-4317.381131012585,3.601599019020796e-10,-4317.381131012585,3.601599019020796e-10,-4317.381131012585,3.601599019020796e-10,-4317.381131012585,3.601599019020796e-10,-4317.381131012585,3.601599019020796e-10,-4317.381131012585,3.601599019020796e-10,-4317.381131012585,3.601599019020796e-10,-4317.381131012585,3.601599019020796e-10,-4317.381131012585,3.601599019020796e-10,-4317.381131012585,3.601599019020796e-10,-4317.381131012585,3.601599019020796e-10,-4317.381131012585,3.601599019020796e-10,-4317.381131012585,3.601599019020796e-10,-4317.381131012585,3.601599019020796e-10,-4317.381131012585,3.601599019020796e-10,-4317.381131012585,3.601599019020796e-10,-4317.381131012585,3.601599019020796e-10
pb2,run10.json,gamma_5.0,AS-SQD,ABC,600,5.0,0.001,0.33109402656555176,-4317.381131012585,3.601599019020796e-10,-4317.381131012585,3.601599019020796e-10,-4317.381131012585,3.601599019020796e-10,-4317.381131012585,3.601599019020796e-10,-4317.381131012585,3.601599019020796e-10,-4317.381131012585,3.601599019020796e-10,-4317.381131012585,3.601599019020796e-10,-4317.381131012585,3.601599019020796e-10,-4317.381131012585,3.601599019020796e-10,-4317.381131012585,3.601599019020796e-10,-4317.381131012585,3.601599019020796e-10,-4317.381131012585,3.601599019020796e-10,-4317.381131012585,3.601599019020796e-10,-4317.381131012585,3.601599019020796e-10,-4317.381131012585,3.601599019020796e-10,-4317.381131012585,3.601599019020796e-10,-4317.381131012585,3.601599019020796e-10,-4317.381131012585,3.601599019020796e-10,-4317.381131012585,3.601599019020796e-10,-4317.381131012585,3.601599019020796e-10
pb2,run10.json,tau_dom_0.0001,AS-SQD,ABC,600,1.0,0.0001,0.3894510269165039,-4317.381131012585,3.601599019020796e-10,-4317.381131012585,3.601599019020796e-10,-4317.381131012585,3.601599019020796e-10,-4317.381131012585,3.601599019020796e-10,-4317.381131012585,3.601599019020796e-10,-4317.381131012585,3.601599019020796e-10,-4317.381131012585,3.601599019020796e-10,-4317.381131012585,3.601599019020796e-10,-4317.381131012585,3.601599019020796e-10,-4317.381131012585,3.601599019020796e-10,-4317.381131012585,3.601599019020796e-10,-4317.381131012585,3.601599019020796e-10,-4317.381131012585,3.601599019020796e-10,-4317.381131012585,3.601599019020796e-10,-4317.381131012585,3.601599019020796e-10,-4317.381131012585,3.601599019020796e-10,-4317.381131012585,3.601599019020796e-10,-4317.381131012585,3.601599019020796e-10,-4317.381131012585,3.601599019020796e-10,-4317.381131012585,3.601599019020796e-10
pb2,run10.json,tau_dom_0.01,AS-SQD,ABC,600,1.0,0.01,0.33724212646484375,-4317.381131012585,3.601599019020796e-10,-4317.381131012585,3.601599019020796e-10,-4317.381131012585,3.601599019020796e-10,-4317.381131012585,3.601599019020796e-10,-4317.381131012585,3.601599019020796e-10,-4317.381131012585,3.601599019020796e-10,-4317.381131012585,3.601599019020796e-10,-4317.381131012585,3.601599019020796e-10,-4317.381131012585,3.601599019020796e-10,-4317.381131012585,3.601599019020796e-10,-4317.381131012585,3.601599019020796e-10,-4317.381131012585,3.601599019020796e-10,-4317.381131012585,3.601599019020796e-10,-4317.381131012585,3.601599019020796e-10,-4317.381131012585,3.601599019020796e-10,-4317.381131012585,3.601599019020796e-10,-4317.381131012585,3.601599019020796e-10,-4317.381131012585,3.601599019020796e-10,-4317.381131012585,3.601599019020796e-10,-4317.381131012585,3.601599019020796e-10
