System,Run,Experiment_Name,Method,Score_Type,B_add,gamma,tau_dom,Time_sec,Iter_1_Energy,Iter_1_Error,Iter_2_Energy,Iter_2_Error,Iter_3_Energy,Iter_3_Error,Iter_4_Energy,Iter_4_Error,Iter_5_Energy,Iter_5_Error,Iter_6_Energy,Iter_6_Error,Iter_7_Energy,Iter_7_Error,Iter_8_Energy,Iter_8_Error,Iter_9_Energy,Iter_9_Error,Iter_10_Energy,Iter_10_Error,Iter_11_Energy,Iter_11_Error,Iter_12_Energy,Iter_12_Error,Iter_13_Energy,Iter_13_Error,Iter_14_Energy,Iter_14_Error,Iter_15_Energy,Iter_15_Error,Iter_16_Energy,Iter_16_Error,Iter_17_Energy,Iter_17_Error,Iter_18_Energy,Iter_18_Error,Iter_19_Energy,Iter_19_Error,Iter_20_Energy,Iter_20_Error
pb4,run01.json,B_add_1200,AS-SQD,ABC,1200,1.0,0.001,61.752280950546265,-7848.523793160202,1.5077400350746757,-7849.299023731427,0.732509463849965,-7849.408653213769,0.6228799815080492,-7849.503964479559,0.5275687157181892,-7850.028095206801,0.003437988476434839,-7850.031382599496,0.00015059578072396107,-7850.031455764211,7.743106561974855e-05,-7850.03152848559,4.709687345894054e-06,-7850.03152848559,4.709687345894054e-06,-7850.03152848559,4.709687345894054e-06,-7850.03152848559,4.709687345894054e-06,-7850.03152848559,4.709687345894054e-06,-7850.03152848559,4.709687345894054e-06,-7850.03152848559,4.709687345894054e-06,-7850.03152848559,4.709687345894054e-06,-7850.03152848559,4.709687345894054e-06,-7850.03152848559,4.709687345894054e-06,-7850.03152848559,4.709687345894054e-06,-7850.03152848559,4.709687345894054e-06,-7850.03152848559,4.709687345894054e-06
pb4,run01.json,B_add_200,AS-SQD,ABC,200,1.0,0.001,24.451600790023804,-7848.523793160202,1.5077400350746757,-7848.690473727446,1.3410594678307461,-7849.423462559473,0.6080706358043244,-7850.023320580286,0.008212614990952716,-7850.0282698036135,0.0032633916634949856,-7850.030049010017,0.001484185259869264,-7850.031198798148,0.0003343971293361392,-7850.031210702858,0.0003224924194000778,-7850.031230687937,0.00030250734016590286,-7850.031240606015,0.0002925892622442916,-7850.031254062829,0.0002791324477584567,-7850.031271685564,0.0002615097128000343,-7850.031303522008,0.00022967326913203578,-7850.031319858907,0.00021333636959752766,-7850.031356324706,0.00017687057061266387,-7850.031390702845,0.00014249243213271257,-7850.031423626716,0.00010956856112898095,-7850.031455153572,7.80417049099924e-05,-7850.031487142511,4.60527662653476e-05,-7850.031528312792,4.8824849727679975e-06
pb4,run01.json,Proposed_Baseline(ABC),AS-SQD,ABC,600,1.0,0.001,38.04381489753723,-7848.523793160202,1.5077400350746757,-7849.229553146999,0.8019800482779829,-7849.413365948802,0.6181672464754229,-7850.02528162922,0.006251566056562297,-7850.031209964417,0.00032323085997632006,-7850.031239842619,0.00029335265844565583,-7850.031280068975,0.0002531263016862795,-7850.031376344385,0.0001568508923810441,-7850.031510999613,2.2195664314494934e-05,-7850.031528117895,5.077382411400322e-06,-7850.031528117895,5.077382411400322e-06,-7850.031528117895,5.077382411400322e-06,-7850.031528117895,5.077382411400322e-06,-7850.031528117895,5.077382411400322e-06,-7850.031528117895,5.077382411400322e-06,-7850.031528117895,5.077382411400322e-06,-7850.031528117895,5.077382411400322e-06,-7850.031528117895,5.077382411400322e-06,-7850.031528117895,5.077382411400322e-06,-7850.031528117895,5.077382411400322e-06
pb4,run01.json,Score_A,AS-SQD,A,600,1.0,0.001,38.98621106147766,-7848.523793160202,1.5077400350746757,-7849.230047354202,0.8014858410751913,-7849.414738857215,0.616794338062391,-7850.025959147904,0.005574047372647328,-7850.031222963649,0.00031023162773635704,-7850.031256586568,0.00027660870910040103,-7850.031305433238,0.00022776203877583612,-7850.031382362478,0.0001508327986812219,-7850.031522219153,1.0976124031003565e-05,-7850.031528118923,5.076353772892617e-06,-7850.031528118923,5.076353772892617e-06,-7850.031528118923,5.076353772892617e-06,-7850.031528118923,5.076353772892617e-06,-7850.031528118923,5.076353772892617e-06,-7850.031528118923,5.076353772892617e-06,-7850.031528118923,5.076353772892617e-06,-7850.031528118923,5.076353772892617e-06,-7850.031528118923,5.076353772892617e-06,-7850.031528118923,5.076353772892617e-06,-7850.031528118923,5.076353772892617e-06
pb4,run01.json,Score_AB,AS-SQD,AB,600,1.0,0.001,37.363109827041626,-7848.523793160202,1.5077400350746757,-7849.229554178769,0.8019790165080849,-7849.413356309085,0.6181768861915771,-7850.025281565513,0.006251629763937672,-7850.031209865561,0.00032332971568393987,-7850.031239756924,0.0002934383528554463,-7850.031280018889,0.0002531763875595061,-7850.031375848429,0.0001573468480273732,-7850.0315110736965,2.2121580514067318e-05,-7850.031528192005,5.003272235626355e-06,-7850.031528192005,5.003272235626355e-06,-7850.031528192005,5.003272235626355e-06,-7850.031528192005,5.003272235626355e-06,-7850.031528192005,5.003272235626355e-06,-7850.031528192005,5.003272235626355e-06,-7850.031528192005,5.003272235626355e-06,-7850.031528192005,5.003272235626355e-06,-7850.031528192005,5.003272235626355e-06,-7850.031528192005,5.003272235626355e-06,-7850.031528192005,5.003272235626355e-06
pb4,run01.json,Score_AC,AS-SQD,AC,600,1.0,0.001,50.153728008270264,-7848.523793160202,1.5077400350746757,-7849.230047354202,0.8014858410751913,-7849.407039798192,0.6244933970847342,-7850.026025176191,0.005508019085937121,-7850.0312281537545,0.000305041522551619,-7850.031259473061,0.00027372221575205913,-7850.031307703411,0.00022549186633114005,-7850.031383372691,0.00014982258562667994,-7850.031528109748,5.085528755444102e-06,-7850.031528109748,5.085528755444102e-06,-7850.031528109748,5.085528755444102e-06,-7850.031528109748,5.085528755444102e-06,-7850.031528109748,5.085528755444102e-06,-7850.031528109748,5.085528755444102e-06,-7850.031528109748,5.085528755444102e-06,-7850.031528109748,5.085528755444102e-06,-7850.031528109748,5.085528755444102e-06,-7850.031528109748,5.085528755444102e-06,-7850.031528109748,5.085528755444102e-06,-7850.031528109748,5.085528755444102e-06
pb4,run01.json,Score_B,AS-SQD,B,600,1.0,0.001,141.19395399093628,-7848.523793160202,1.5077400350746757,-7849.298678924644,0.7328542706327426,-7849.299193261775,0.7323399335018621,-7849.301542622915,0.7299905723621123,-7849.333703866974,0.6978293283027597,-7849.333594876242,0.6979383190346198,-7849.366280097169,0.6652530981082236,-7849.367857593719,0.6636756015577703,-7849.386659440631,0.6448737546461416,-7849.387424473276,0.6441087220009649,-7849.388537333225,0.6429958620519756,-7849.400267719819,0.6312654754583491,-7849.400512536005,0.6310206592715986,-7849.4008641852115,0.6306690100655032,-7849.400973874684,0.6305593205934201,-7849.401352002789,0.6301811924877256,-7849.401384468634,0.6301487266428012,-7849.410925945662,0.6206072496152046,-7849.411506838197,0.6200263570799507,-7849.411779538055,0.6197536572217359
pb4,run01.json,Score_BC,AS-SQD,BC,600,1.0,0.001,137.40995001792908,-7848.523793160202,1.5077400350746757,-7849.298646627879,0.7328865673980545,-7849.299260821999,0.7322723732777376,-7849.301469306956,0.7300638883207284,-7849.333647084913,0.6978861103643794,-7849.333347886072,0.6981853092047459,-7849.366257946087,0.6652752491900173,-7849.367834122242,0.6636990730348771,-7849.386659440463,0.6448737548143981,-7849.387424473101,0.6441087221755879,-7849.388537333054,0.6429958622229606,-7849.4002679896785,0.6312652055985382,-7849.400512535636,0.6310206596408534,-7849.400864226894,0.6306689683833611,-7849.40097387449,0.6305593207871425,-7849.401351949295,0.630181245982385,-7849.401384510791,0.6301486844859028,-7849.410926322803,0.6206068724741272,-7849.41150783871,0.6200253565666571,-7849.41178016766,0.6197530276167527
pb4,run01.json,Score_C,AS-SQD,C,600,1.0,0.001,33.459121227264404,-7848.523793160202,1.5077400350746757,-7850.024366735949,0.0071664593278910615,-7850.031276599049,0.0002565962277003564,-7850.031353084856,0.0001801104208425386,-7850.03144950417,8.36911067381152e-05,-7850.031517221336,1.5973941117408685e-05,-7850.031526524775,6.670502443739679e-06,-7850.031528169639,5.025637619837653e-06,-7850.031528169639,5.025637619837653e-06,-7850.031528169639,5.025637619837653e-06,-7850.031528169639,5.025637619837653e-06,-7850.031528169639,5.025637619837653e-06,-7850.031528169639,5.025637619837653e-06,-7850.031528169639,5.025637619837653e-06,-7850.031528169639,5.025637619837653e-06,-7850.031528169639,5.025637619837653e-06,-7850.031528169639,5.025637619837653e-06,-7850.031528169639,5.025637619837653e-06,-7850.031528169639,5.025637619837653e-06,-7850.031528169639,5.025637619837653e-06
pb4,run01.json,Standard_SQD,Standard_SQD,N/A,N/A,N/A,N/A,17.631996154785156,-7850.024775872502,0.006757322775229113,-7850.028769131787,0.0027640634898489225,-7850.029757674116,0.0017755211611074628,-7850.030695585443,0.0008376098339795135,-7850.031092027844,0.00044116743265476543,-7850.031210300446,0.0003228948307878454,-7850.031216326879,0.00031686839793110266,-7850.031235518701,0.0002976765763378353,-7850.031246887703,0.00028630757424252806,-7850.031263561886,0.00026963339132635156,-7850.031273327143,0.0002598681339804898,-7850.03129691391,0.00023628136659681331,-7850.031309325279,0.00022386999808077235,-7850.031309325279,0.00022386999808077235,-7850.031309325279,0.00022386999808077235,-7850.031309325279,0.00022386999808077235,-7850.031309325279,0.00022386999808077235,-7850.031309325279,0.00022386999808077235,-7850.031309325279,0.00022386999808077235,-7850.031309325279,0.00022386999808077235
pb4,run01.json,gamma_0.1,AS-SQD,ABC,600,0.1,0.001,38.62460708618164,-7848.523793160202,1.5077400350746757,-7849.2299271842585,0.8016060110185208,-7849.407039798192,0.6244933970847342,-7850.026024943235,0.005508252042091044,-7850.0312281537545,0.000305041522551619,-7850.031259473061,0.00027372221575205913,-7850.031307703411,0.00022549186633114005,-7850.031382921899,0.0001502733775851084,-7850.031528109748,5.085528755444102e-06,-7850.031528109748,5.085528755444102e-06,-7850.031528109748,5.085528755444102e-06,-7850.031528109748,5.085528755444102e-06,-7850.031528109748,5.085528755444102e-06,-7850.031528109748,5.085528755444102e-06,-7850.031528109748,5.085528755444102e-06,-7850.031528109748,5.085528755444102e-06,-7850.031528109748,5.085528755444102e-06,-7850.031528109748,5.085528755444102e-06,-7850.031528109748,5.085528755444102e-06,-7850.031528109748,5.085528755444102e-06
pb4,run01.json,gamma_5.0,AS-SQD,ABC,600,5.0,0.001,66.51451325416565,-7848.523793160202,1.5077400350746757,-7849.2295198534,0.8020133418767728,-7849.372943377526,0.658589817750908,-7849.407176708555,0.6243564867218083,-7849.409491960819,0.6220412344582655,-7849.409957888511,0.6215753067663172,-7849.410265298699,0.6212678965775922,-7850.023989908343,0.007543286934378557,-7850.030483773754,0.0010494215230210102,-7850.031325072034,0.00020812324328289833,-7850.0313440399295,0.00018915534747065976,-7850.0314026238275,0.00013057144951744704,-7850.031510081854,2.311342268512817e-05,-7850.031528352334,4.842942871619016e-06,-7850.031528352334,4.842942871619016e-06,-7850.031528352334,4.842942871619016e-06,-7850.031528352334,4.842942871619016e-06,-7850.031528352334,4.842942871619016e-06,-7850.031528352334,4.842942871619016e-06,-7850.031528352334,4.842942871619016e-06
pb4,run01.json,tau_dom_0.0001,AS-SQD,ABC,600,1.0,0.0001,46.846354246139526,-7848.523793160202,1.5077400350746757,-7849.229553146999,0.8019800482779829,-7849.413365948802,0.6181672464754229,-7850.025392136472,0.006141058805042121,-7850.031210944462,0.0003222508148610359,-7850.031240237283,0.0002929579941337579,-7850.031269214032,0.0002639812446432188,-7850.031306638822,0.0002265564553454169,-7850.031344903348,0.00018829192867997335,-7850.031397256667,0.00013593860967375804,-7850.031448856014,8.433926268480718e-05,-7850.031462221231,7.097404613887193e-05,-7850.03149526232,3.793295672949171e-05,-7850.031497646218,3.5549059248296544e-05,-7850.03149978232,3.341295723657822e-05,-7850.031500455201,3.274007576692384e-05,-7850.031515589837,1.7605440007173456e-05,-7850.031517839884,1.5355392861238215e-05,-7850.0315188881195,1.4307157471193932e-05,-7850.031520414096,1.2781180885212962e-05
pb4,run01.json,tau_dom_0.01,AS-SQD,ABC,600,1.0,0.01,37.3847451210022,-7848.523793160202,1.5077400350746757,-7849.229554178769,0.8019790165080849,-7849.413368812892,0.618164382384748,-7850.025278924622,0.006254270654608263,-7850.0312065735025,0.00032662177454767516,-7850.0312390717745,0.0002941235024991329,-7850.031280093501,0.00025310177625215147,-7850.031376034613,0.00015716066445747856,-7850.031511078305,2.2116972104413435e-05,-7850.031528196616,4.998661097488366e-06,-7850.031528196616,4.998661097488366e-06,-7850.031528196616,4.998661097488366e-06,-7850.031528196616,4.998661097488366e-06,-7850.031528196616,4.998661097488366e-06,-7850.031528196616,4.998661097488366e-06,-7850.031528196616,4.998661097488366e-06,-7850.031528196616,4.998661097488366e-06,-7850.031528196616,4.998661097488366e-06,-7850.031528196616,4.998661097488366e-06,-7850.031528196616,4.998661097488366e-06
pb4,run02.json,B_add_1200,AS-SQD,ABC,1200,1.0,0.001,49.03313112258911,-7848.528024601142,1.5035085941353827,-7849.3138065524145,0.7177266428625444,-7850.024805244406,0.006727950871209032,-7850.031300893031,0.0002323022463315283,-7850.0313868093945,0.00014638588254456408,-7850.0315285025845,4.692692527896725e-06,-7850.0315285025845,4.692692527896725e-06,-7850.0315285025845,4.692692527896725e-06,-7850.0315285025845,4.692692527896725e-06,-7850.0315285025845,4.692692527896725e-06,-7850.0315285025845,4.692692527896725e-06,-7850.0315285025845,4.692692527896725e-06,-7850.0315285025845,4.692692527896725e-06,-7850.0315285025845,4.692692527896725e-06,-7850.0315285025845,4.692692527896725e-06,-7850.0315285025845,4.692692527896725e-06,-7850.0315285025845,4.692692527896725e-06,-7850.0315285025845,4.692692527896725e-06,-7850.0315285025845,4.692692527896725e-06,-7850.0315285025845,4.692692527896725e-06
pb4,run02.json,B_add_200,AS-SQD,ABC,200,1.0,0.001,52.00930190086365,-7848.528024601142,1.5035085941353827,-7848.527277280437,1.5042559148396322,-7849.1978723816665,0.8336608136105497,-7849.311690327175,0.7198428681022051,-7849.4019023969695,0.6296307983075167,-7849.398692126716,0.6328410685609924,-7849.405738698754,0.625794496522758,-7849.406694215577,0.6248389797001437,-7849.428567698774,0.6029654965032023,-7849.484083032773,0.547450162503992,-7850.025200103678,0.006333091599117324,-7850.028494173474,0.0030390218025786453,-7850.03077275873,0.0007604365473525831,-7850.031208271205,0.00032492407171957893,-7850.031212962461,0.000320232816193311,-7850.031218006296,0.0003151889814034803,-7850.031233207521,0.0002999877560796449,-7850.031246851877,0.0002863434001483256,-7850.031266692802,0.000266502474914887,-7850.031289862014,0.00024333326291525736
pb4,run02.json,Proposed_Baseline(ABC),AS-SQD,ABC,600,1.0,0.001,36.95308804512024,-7848.528024601142,1.5035085941353827,-7849.305803157011,0.7257300382661924,-7849.447311644433,0.5842215508437221,-7850.026279045562,0.005254149715256062,-7850.031207015369,0.0003261799083702499,-7850.03123201054,0.00030118473659968004,-7850.031287435955,0.0002457593218423426,-7850.0313901529435,0.00014304233354778262,-7850.031528210006,4.985270606994163e-06,-7850.031528210006,4.985270606994163e-06,-7850.031528210006,4.985270606994163e-06,-7850.031528210006,4.985270606994163e-06,-7850.031528210006,4.985270606994163e-06,-7850.031528210006,4.985270606994163e-06,-7850.031528210006,4.985270606994163e-06,-7850.031528210006,4.985270606994163e-06,-7850.031528210006,4.985270606994163e-06,-7850.031528210006,4.985270606994163e-06,-7850.031528210006,4.985270606994163e-06,-7850.031528210006,4.985270606994163e-06
pb4,run02.json,Score_A,AS-SQD,A,600,1.0,0.001,33.61974215507507,-7848.528024601142,1.5035085941353827,-7849.30591867703,0.7256145182473119,-7850.023599272038,0.007933923238852003,-7850.031184992164,0.00034820311338989995,-7850.031222635371,0.00031055990621098317,-7850.031274881528,0.00025831374932749895,-7850.03135726872,0.00017592655694897985,-7850.0314897681965,4.3427080527180806e-05,-7850.031528150128,5.0451490096747875e-06,-7850.031528150128,5.0451490096747875e-06,-7850.031528150128,5.0451490096747875e-06,-7850.031528150128,5.0451490096747875e-06,-7850.031528150128,5.0451490096747875e-06,-7850.031528150128,5.0451490096747875e-06,-7850.031528150128,5.0451490096747875e-06,-7850.031528150128,5.0451490096747875e-06,-7850.031528150128,5.0451490096747875e-06,-7850.031528150128,5.0451490096747875e-06,-7850.031528150128,5.0451490096747875e-06,-7850.031528150128,5.0451490096747875e-06
pb4,run02.json,Score_AB,AS-SQD,AB,600,1.0,0.001,36.655056953430176,-7848.528024601142,1.5035085941353827,-7849.305803157011,0.7257300382661924,-7849.447311644433,0.5842215508437221,-7850.026279045562,0.005254149715256062,-7850.031207015369,0.0003261799083702499,-7850.03123201054,0.00030118473659968004,-7850.031287435955,0.0002457593218423426,-7850.0313901529435,0.00014304233354778262,-7850.031528210006,4.985270606994163e-06,-7850.031528210006,4.985270606994163e-06,-7850.031528210006,4.985270606994163e-06,-7850.031528210006,4.985270606994163e-06,-7850.031528210006,4.985270606994163e-06,-7850.031528210006,4.985270606994163e-06,-7850.031528210006,4.985270606994163e-06,-7850.031528210006,4.985270606994163e-06,-7850.031528210006,4.985270606994163e-06,-7850.031528210006,4.985270606994163e-06,-7850.031528210006,4.985270606994163e-06,-7850.031528210006,4.985270606994163e-06
pb4,run02.json,Score_AC,AS-SQD,AC,600,1.0,0.001,33.606070041656494,-7848.528024601142,1.5035085941353827,-7849.30591867703,0.7256145182473119,-7850.023599272038,0.007933923238852003,-7850.031184992164,0.00034820311338989995,-7850.031222635371,0.00031055990621098317,-7850.031274881528,0.00025831374932749895,-7850.03135726872,0.00017592655694897985,-7850.0314897681965,4.3427080527180806e-05,-7850.031528150128,5.0451490096747875e-06,-7850.031528150128,5.0451490096747875e-06,-7850.031528150128,5.0451490096747875e-06,-7850.031528150128,5.0451490096747875e-06,-7850.031528150128,5.0451490096747875e-06,-7850.031528150128,5.0451490096747875e-06,-7850.031528150128,5.0451490096747875e-06,-7850.031528150128,5.0451490096747875e-06,-7850.031528150128,5.0451490096747875e-06,-7850.031528150128,5.0451490096747875e-06,-7850.031528150128,5.0451490096747875e-06,-7850.031528150128,5.0451490096747875e-06
pb4,run02.json,Score_B,AS-SQD,B,600,1.0,0.001,160.72294783592224,-7848.528024601142,1.5035085941353827,-7849.305905918478,0.7256272767990595,-7849.3066359640725,0.7248972312045225,-7849.308416522888,0.7231166723886417,-7849.336087574645,0.6954456206321993,-7849.336888057546,0.6946451377307312,-7849.367095127444,0.6644380678326343,-7849.269733128424,0.7618000668526292,-7849.322237427086,0.7092957681907137,-7849.388645078186,0.6428881170913883,-7849.390806773938,0.6407264213394228,-7849.391825525334,0.6397076699431636,-7849.396603419539,0.6349297757378736,-7849.397129312466,0.634403882811057,-7849.4100414001305,0.6214917951465395,-7849.410411737506,0.6211214577706414,-7849.4105874554625,0.6209457398144878,-7849.41060688632,0.6209263089567685,-7849.410617655316,0.6209155399610609,-7849.412151439253,0.6193817560242678
pb4,run02.json,Score_BC,AS-SQD,BC,600,1.0,0.001,160.14317512512207,-7848.528024601142,1.5035085941353827,-7849.305905918478,0.7256272767990595,-7849.3066359640725,0.7248972312045225,-7849.308416522888,0.7231166723886417,-7849.336087574645,0.6954456206321993,-7849.336888057546,0.6946451377307312,-7849.367095127444,0.6644380678326343,-7849.269733128424,0.7618000668526292,-7849.322237427086,0.7092957681907137,-7849.388645078186,0.6428881170913883,-7849.390806773938,0.6407264213394228,-7849.391825525334,0.6397076699431636,-7849.396603419539,0.6349297757378736,-7849.397129312466,0.634403882811057,-7849.4100414001305,0.6214917951465395,-7849.410411737506,0.6211214577706414,-7849.4105874554625,0.6209457398144878,-7849.41060688632,0.6209263089567685,-7849.410617655316,0.6209155399610609,-7849.412151439253,0.6193817560242678
pb4,run02.json,Score_C,AS-SQD,C,600,1.0,0.001,41.46406412124634,-7848.528024601142,1.5035085941353827,-7849.378624779927,0.6529084153498843,-7850.026685228163,0.004847967114073981,-7850.031367459172,0.00016573610537307104,-7850.031427436136,0.00010575914075161563,-7850.031491668427,4.152684959990438e-05,-7850.031519085913,1.4109364201431163e-05,-7850.031528478098,4.717178853752557e-06,-7850.031528478098,4.717178853752557e-06,-7850.031528478098,4.717178853752557e-06,-7850.031528478098,4.717178853752557e-06,-7850.031528478098,4.717178853752557e-06,-7850.031528478098,4.717178853752557e-06,-7850.031528478098,4.717178853752557e-06,-7850.031528478098,4.717178853752557e-06,-7850.031528478098,4.717178853752557e-06,-7850.031528478098,4.717178853752557e-06,-7850.031528478098,4.717178853752557e-06,-7850.031528478098,4.717178853752557e-06,-7850.031528478098,4.717178853752557e-06
pb4,run02.json,Standard_SQD,Standard_SQD,N/A,N/A,N/A,N/A,17.956994771957397,-7850.024517755228,0.007015440049144672,-7850.026839733753,0.004693461523856968,-7850.029370140457,0.0021630548199027544,-7850.0305925394005,0.0009406558765476802,-7850.030818240799,0.0007149544780986616,-7850.030977204885,0.0005559903920584475,-7850.031106218423,0.00042697685421444476,-7850.031114470782,0.0004187244949207525,-7850.0312587792805,0.00027441599650046555,-7850.031268376915,0.00026481836175662465,-7850.031277873759,0.00025532151812512893,-7850.031309875496,0.00022331978107104078,-7850.031314184274,0.00021901100262766704,-7850.031314184274,0.00021901100262766704,-7850.031314184274,0.00021901100262766704,-7850.031314184274,0.00021901100262766704,-7850.031314184274,0.00021901100262766704,-7850.031314184274,0.00021901100262766704,-7850.031314184274,0.00021901100262766704,-7850.031314184274,0.00021901100262766704
pb4,run02.json,gamma_0.1,AS-SQD,ABC,600,0.1,0.001,39.52839398384094,-7848.528024601142,1.5035085941353827,-7849.30591867703,0.7256145182473119,-7849.450830925429,0.5807022698481887,-7850.027042494175,0.004490701102440653,-7850.03120697775,0.00032621752689010464,-7850.031240114727,0.0002930805503638112,-7850.031294127581,0.00023906769638415426,-7850.031389304928,0.0001438903491361998,-7850.0315273799715,5.815305485157296e-06,-7850.031528183342,5.011935172660742e-06,-7850.031528183342,5.011935172660742e-06,-7850.031528183342,5.011935172660742e-06,-7850.031528183342,5.011935172660742e-06,-7850.031528183342,5.011935172660742e-06,-7850.031528183342,5.011935172660742e-06,-7850.031528183342,5.011935172660742e-06,-7850.031528183342,5.011935172660742e-06,-7850.031528183342,5.011935172660742e-06,-7850.031528183342,5.011935172660742e-06,-7850.031528183342,5.011935172660742e-06
pb4,run02.json,gamma_5.0,AS-SQD,ABC,600,5.0,0.001,38.901968002319336,-7848.528024601142,1.5035085941353827,-7849.3057326744565,0.725800520820485,-7849.391497217883,0.640035977394291,-7850.023686750193,0.007846445084396692,-7850.0303940857775,0.001139109499490587,-7850.031234522341,0.00029867293596907984,-7850.031268478781,0.000264716495621542,-7850.031371466403,0.00016172887444554362,-7850.0314913246375,4.187063950666925e-05,-7850.031528197443,4.9978343668044545e-06,-7850.031528197443,4.9978343668044545e-06,-7850.031528197443,4.9978343668044545e-06,-7850.031528197443,4.9978343668044545e-06,-7850.031528197443,4.9978343668044545e-06,-7850.031528197443,4.9978343668044545e-06,-7850.031528197443,4.9978343668044545e-06,-7850.031528197443,4.9978343668044545e-06,-7850.031528197443,4.9978343668044545e-06,-7850.031528197443,4.9978343668044545e-06,-7850.031528197443,4.9978343668044545e-06
pb4,run02.json,tau_dom_0.0001,AS-SQD,ABC,600,1.0,0.0001,45.54295587539673,-7848.528024601142,1.5035085941353827,-7849.305803157011,0.7257300382661924,-7849.447311642449,0.5842215528282395,-7850.026278903408,0.0052542918692779494,-7850.031207585009,0.0003256102681916673,-7850.031234756942,0.0002984383354487363,-7850.0312791140905,0.0002540811865401338,-7850.0313152007675,0.00021799450951220933,-7850.031368444974,0.00016475030315632466,-7850.031425936105,0.00010725917218223913,-7850.031449212782,8.398249519814271e-05,-7850.031475224303,5.797097401227802e-05,-7850.0315025920745,3.060320250369841e-05,-7850.031502946736,3.0248541406763252e-05,-7850.031505663208,2.7532068997970782e-05,-7850.031505802018,2.7393259188102093e-05,-7850.031522271659,1.0923617992375512e-05,-7850.031523451985,9.743292139319237e-06,-7850.031524532997,8.662280379212461e-06,-7850.031525878869,7.316408300539479e-06
pb4,run02.json,tau_dom_0.01,AS-SQD,ABC,600,1.0,0.01,36.47692108154297,-7848.528024601142,1.5035085941353827,-7849.305803157011,0.7257300382661924,-7849.44728389995,0.5842492953270266,-7850.02648515422,0.005048041057307273,-7850.031200221765,0.00033297351183136925,-7850.031232022756,0.0003011725211763405,-7850.031288083223,0.00024511205356247956,-7850.031392839431,0.0001403558462698129,-7850.031528210696,4.984581210010219e-06,-7850.031528210696,4.984581210010219e-06,-7850.031528210696,4.984581210010219e-06,-7850.031528210696,4.984581210010219e-06,-7850.031528210696,4.984581210010219e-06,-7850.031528210696,4.984581210010219e-06,-7850.031528210696,4.984581210010219e-06,-7850.031528210696,4.984581210010219e-06,-7850.031528210696,4.984581210010219e-06,-7850.031528210696,4.984581210010219e-06,-7850.031528210696,4.984581210010219e-06,-7850.031528210696,4.984581210010219e-06
pb4,run03.json,B_add_1200,AS-SQD,ABC,1200,1.0,0.001,44.30445981025696,-7848.537500637451,1.4940325578263582,-7849.363732884157,0.6678003111201178,-7850.024575187557,0.00695800771973154,-7850.03130558986,0.0002276054174217279,-7850.031401545456,0.00013164982101443456,-7850.031528575041,4.620235813490581e-06,-7850.031528575041,4.620235813490581e-06,-7850.031528575041,4.620235813490581e-06,-7850.031528575041,4.620235813490581e-06,-7850.031528575041,4.620235813490581e-06,-7850.031528575041,4.620235813490581e-06,-7850.031528575041,4.620235813490581e-06,-7850.031528575041,4.620235813490581e-06,-7850.031528575041,4.620235813490581e-06,-7850.031528575041,4.620235813490581e-06,-7850.031528575041,4.620235813490581e-06,-7850.031528575041,4.620235813490581e-06,-7850.031528575041,4.620235813490581e-06,-7850.031528575041,4.620235813490581e-06,-7850.031528575041,4.620235813490581e-06
pb4,run03.json,B_add_200,AS-SQD,ABC,200,1.0,0.001,38.662312269210815,-7848.537500637451,1.4940325578263582,-7848.685398913988,1.3461342812888688,-7849.297513856258,0.7340193390191416,-7849.388318167351,0.6432150279260895,-7849.396463556871,0.6350696384060939,-7849.396907838305,0.6346253569718101,-7849.423423878515,0.6081093167622384,-7849.468219252528,0.5633139427491187,-7850.025598903418,0.005934291859375662,-7850.028587529966,0.0029456653110173647,-7850.030805248386,0.0007279468909473508,-7850.031241610336,0.0002915849408964277,-7850.031249486948,0.0002837083293343312,-7850.031253835723,0.0002793595540424576,-7850.031270360963,0.00026283431361662224,-7850.031287590564,0.00024560471320000943,-7850.03129562222,0.00023757305734761758,-7850.031312771725,0.0002204235515819164,-7850.03132413644,0.00020905883684463333,-7850.031343494706,0.0001897005713544786
pb4,run03.json,Proposed_Baseline(ABC),AS-SQD,ABC,600,1.0,0.001,34.823678970336914,-7848.537500637451,1.4940325578263582,-7849.211022463444,0.8205107318326554,-7850.023297066522,0.00823612875501567,-7850.03122327013,0.0003099251471212483,-7850.031258462242,0.0002747330354395672,-7850.031301335059,0.00023186021826404613,-7850.03136419521,0.00016900006721698446,-7850.031486756282,4.64389950138866e-05,-7850.031528402179,4.793098014488351e-06,-7850.031528402179,4.793098014488351e-06,-7850.031528402179,4.793098014488351e-06,-7850.031528402179,4.793098014488351e-06,-7850.031528402179,4.793098014488351e-06,-7850.031528402179,4.793098014488351e-06,-7850.031528402179,4.793098014488351e-06,-7850.031528402179,4.793098014488351e-06,-7850.031528402179,4.793098014488351e-06,-7850.031528402179,4.793098014488351e-06,-7850.031528402179,4.793098014488351e-06,-7850.031528402179,4.793098014488351e-06
pb4,run03.json,Score_A,AS-SQD,A,600,1.0,0.001,39.98025298118591,-7848.537500637451,1.4940325578263582,-7849.298984532868,0.7325486624085897,-7849.524911658224,0.5066215370534337,-7850.025968449026,0.005564746251366159,-7850.031261124035,0.0002720712418522453,-7850.031297790718,0.0002354045591346221,-7850.031332829309,0.00020036596833961084,-7850.031405230532,0.00012796474493370624,-7850.0315112054495,2.1989827473589685e-05,-7850.031528349504,4.845773219130933e-06,-7850.031528349504,4.845773219130933e-06,-7850.031528349504,4.845773219130933e-06,-7850.031528349504,4.845773219130933e-06,-7850.031528349504,4.845773219130933e-06,-7850.031528349504,4.845773219130933e-06,-7850.031528349504,4.845773219130933e-06,-7850.031528349504,4.845773219130933e-06,-7850.031528349504,4.845773219130933e-06,-7850.031528349504,4.845773219130933e-06,-7850.031528349504,4.845773219130933e-06
pb4,run03.json,Score_AB,AS-SQD,AB,600,1.0,0.001,34.76771402359009,-7848.537500637451,1.4940325578263582,-7849.210999330746,0.8205338645311713,-7850.023298375586,0.008234819691097073,-7850.031224368831,0.00030882644568919204,-7850.031259687116,0.00027350816071702866,-7850.031302684519,0.00023051075822877465,-7850.031365628098,0.00016756717923271935,-7850.031486747934,4.644734326575417e-05,-7850.031528393698,4.801579052582383e-06,-7850.031528393698,4.801579052582383e-06,-7850.031528393698,4.801579052582383e-06,-7850.031528393698,4.801579052582383e-06,-7850.031528393698,4.801579052582383e-06,-7850.031528393698,4.801579052582383e-06,-7850.031528393698,4.801579052582383e-06,-7850.031528393698,4.801579052582383e-06,-7850.031528393698,4.801579052582383e-06,-7850.031528393698,4.801579052582383e-06,-7850.031528393698,4.801579052582383e-06,-7850.031528393698,4.801579052582383e-06
pb4,run03.json,Score_AC,AS-SQD,AC,600,1.0,0.001,34.59860801696777,-7848.537500637451,1.4940325578263582,-7849.211023330475,0.8205098648022613,-7850.023527694465,0.008005500812032551,-7850.031231047473,0.0003021478041773662,-7850.031270048099,0.0002631471779750427,-7850.031304482553,0.00022871272358315764,-7850.031362387212,0.0001708080653770594,-7850.031486744493,4.645078388421098e-05,-7850.031528389919,4.80535800306825e-06,-7850.031528389919,4.80535800306825e-06,-7850.031528389919,4.80535800306825e-06,-7850.031528389919,4.80535800306825e-06,-7850.031528389919,4.80535800306825e-06,-7850.031528389919,4.80535800306825e-06,-7850.031528389919,4.80535800306825e-06,-7850.031528389919,4.80535800306825e-06,-7850.031528389919,4.80535800306825e-06,-7850.031528389919,4.80535800306825e-06,-7850.031528389919,4.80535800306825e-06,-7850.031528389919,4.80535800306825e-06
pb4,run03.json,Score_B,AS-SQD,B,600,1.0,0.001,163.94974493980408,-7848.537500637451,1.4940325578263582,-7849.303270531355,0.7282626639216687,-7849.305877428892,0.725655766384989,-7849.3533617295925,0.6781714656844997,-7849.353667117258,0.6778660780191785,-7849.355331923093,0.6762012721837891,-7849.3561394574945,0.6753937377825423,-7849.379577155421,0.6519560398555768,-7849.379603651085,0.6519295441921713,-7849.380116172307,0.6514170229702358,-7849.380549333134,0.6509838621432209,-7849.3810442771055,0.6504889181715043,-7849.400078906473,0.6314542888039796,-7849.400273082735,0.6312601125418951,-7849.400658049177,0.630875146100152,-7849.4010298220655,0.630503373211468,-7849.401348565598,0.6301846296792064,-7849.401350689577,0.6301825056998496,-7849.410908872225,0.620624323051743,-7849.411496392956,0.6200368023210103
pb4,run03.json,Score_BC,AS-SQD,BC,600,1.0,0.001,151.8376169204712,-7848.537500637451,1.4940325578263582,-7849.302853001414,0.7286801938626013,-7849.3058845984615,0.7256485968155175,-7849.353413872722,0.678119322555176,-7849.353571757425,0.6779614378519909,-7849.355332045291,0.6762011499859,-7849.3561395197785,0.6753936754985261,-7849.379577695141,0.6519555001359549,-7849.379604917605,0.6519282776716864,-7849.380116627271,0.6514165680064252,-7849.380379194841,0.6511540004357812,-7849.380875403088,0.6506577921891221,-7849.399999845656,0.6315333496213498,-7849.40019365369,0.6313395415872947,-7849.400616775358,0.630916419919231,-7849.400970370331,0.6305628249456277,-7849.401029140634,0.6305040546430973,-7849.401350184528,0.6301830107486239,-7849.41085601851,0.6206771767674581,-7849.411511108568,0.6200220867085591
pb4,run03.json,Score_C,AS-SQD,C,600,1.0,0.001,51.42215704917908,-7848.537500637451,1.4940325578263582,-7849.366110731882,0.6654224633948616,-7850.028698212945,0.002834982332387881,-7850.031413940362,0.00011925491526199039,-7850.031456512772,7.668250509595964e-05,-7850.031491585281,4.160999560554046e-05,-7850.031519475049,1.3720227798330598e-05,-7850.031528729917,4.465359779715072e-06,-7850.031528729917,4.465359779715072e-06,-7850.031528729917,4.465359779715072e-06,-7850.031528729917,4.465359779715072e-06,-7850.031528729917,4.465359779715072e-06,-7850.031528729917,4.465359779715072e-06,-7850.031528729917,4.465359779715072e-06,-7850.031528729917,4.465359779715072e-06,-7850.031528729917,4.465359779715072e-06,-7850.031528729917,4.465359779715072e-06,-7850.031528729917,4.465359779715072e-06,-7850.031528729917,4.465359779715072e-06,-7850.031528729917,4.465359779715072e-06
pb4,run03.json,Standard_SQD,Standard_SQD,N/A,N/A,N/A,N/A,19.49610185623169,-7850.024760042554,0.006773152723326348,-7850.02727916049,0.004254034786754346,-7850.029747226594,0.0017859686831798172,-7850.030648113234,0.0008850820431689499,-7850.031028704232,0.0005044910449214512,-7850.031173022425,0.0003601728521971381,-7850.031184206723,0.00034898855392384576,-7850.031207208403,0.0003259868735767668,-7850.031220239776,0.00031295550070353784,-7850.031280248549,0.0002529467283238773,-7850.031290797195,0.00024239808226411697,-7850.0313080958695,0.0002250994075438939,-7850.031331312506,0.00020188277085253503,-7850.031335160983,0.00019803429404419148,-7850.031335160983,0.00019803429404419148,-7850.031335160983,0.00019803429404419148,-7850.031335160983,0.00019803429404419148,-7850.031335160983,0.00019803429404419148,-7850.031335160983,0.00019803429404419148,-7850.031335160983,0.00019803429404419148
pb4,run03.json,gamma_0.1,AS-SQD,ABC,600,0.1,0.001,34.88781690597534,-7848.537500637451,1.4940325578263582,-7849.211023330475,0.8205098648022613,-7850.023527694465,0.008005500812032551,-7850.031231201512,0.0003019937648787163,-7850.031269697738,0.0002634975389810279,-7850.031304482553,0.00022871272358315764,-7850.031365444266,0.0001677510108493152,-7850.031486744493,4.645078388421098e-05,-7850.031528389919,4.80535800306825e-06,-7850.031528389919,4.80535800306825e-06,-7850.031528389919,4.80535800306825e-06,-7850.031528389919,4.80535800306825e-06,-7850.031528389919,4.80535800306825e-06,-7850.031528389919,4.80535800306825e-06,-7850.031528389919,4.80535800306825e-06,-7850.031528389919,4.80535800306825e-06,-7850.031528389919,4.80535800306825e-06,-7850.031528389919,4.80535800306825e-06,-7850.031528389919,4.80535800306825e-06,-7850.031528389919,4.80535800306825e-06
pb4,run03.json,gamma_5.0,AS-SQD,ABC,600,5.0,0.001,45.817123889923096,-7848.537500637451,1.4940325578263582,-7848.611680456727,1.4198527385497073,-7849.302395852557,0.7291373427196959,-7849.397692079152,0.6338411161250406,-7850.024723601741,0.00680959353576327,-7850.0304185495115,0.0011146457654831465,-7850.0312698879325,0.00026330734453949844,-7850.031296000938,0.00023719433920632582,-7850.031379400607,0.00015379467004095204,-7850.031489758157,4.343712043919368e-05,-7850.031528518891,4.676386197388638e-06,-7850.031528518891,4.676386197388638e-06,-7850.031528518891,4.676386197388638e-06,-7850.031528518891,4.676386197388638e-06,-7850.031528518891,4.676386197388638e-06,-7850.031528518891,4.676386197388638e-06,-7850.031528518891,4.676386197388638e-06,-7850.031528518891,4.676386197388638e-06,-7850.031528518891,4.676386197388638e-06,-7850.031528518891,4.676386197388638e-06
pb4,run03.json,tau_dom_0.0001,AS-SQD,ABC,600,1.0,0.0001,55.1988799571991,-7848.537500637451,1.4940325578263582,-7848.549391202232,1.4821419930449338,-7849.336394553387,0.6951386418895709,-7849.463725229912,0.5678079653653185,-7850.025433509158,0.006099686119341641,-7850.031218133513,0.0003150617640130804,-7850.031258835834,0.0002743594432104146,-7850.031298988537,0.00023420674006047193,-7850.031328804708,0.00020439056879695272,-7850.031372111891,0.00016108338604681194,-7850.03143282761,0.00010036766707344214,-7850.031444798035,8.839724159770412e-05,-7850.031471075019,6.212025800778065e-05,-7850.031498131369,3.506390839902451e-05,-7850.031498531188,3.466408907115692e-05,-7850.031501243512,3.195176486769924e-05,-7850.031501361466,3.1833810680836905e-05,-7850.031516263997,1.693127978796838e-05,-7850.031518680153,1.4515124348690733e-05,-7850.031519808726,1.3386550563154742e-05
pb4,run03.json,tau_dom_0.01,AS-SQD,ABC,600,1.0,0.01,34.54732918739319,-7848.537500637451,1.4940325578263582,-7849.210996367308,0.8205368279686809,-7850.0232968177215,0.008236377555476793,-7850.031222605268,0.00031059000866662245,-7850.031257748759,0.0002754465176622034,-7850.031300592939,0.00023260233774635708,-7850.031363398003,0.0001697972738838871,-7850.031486747413,4.6447864406218287e-05,-7850.031528393141,4.802135663339868e-06,-7850.031528393141,4.802135663339868e-06,-7850.031528393141,4.802135663339868e-06,-7850.031528393141,4.802135663339868e-06,-7850.031528393141,4.802135663339868e-06,-7850.031528393141,4.802135663339868e-06,-7850.031528393141,4.802135663339868e-06,-7850.031528393141,4.802135663339868e-06,-7850.031528393141,4.802135663339868e-06,-7850.031528393141,4.802135663339868e-06,-7850.031528393141,4.802135663339868e-06,-7850.031528393141,4.802135663339868e-06
pb4,run04.json,B_add_1200,AS-SQD,ABC,1200,1.0,0.001,42.83425521850586,-7848.544505954525,1.4870272407515586,-7849.254800716794,0.7767324784826997,-7850.023827628924,0.007705566353251925,-7850.03128785494,0.00024534033673262456,-7850.0313773711205,0.00015582415653625503,-7850.031528397989,4.7972880565794185e-06,-7850.031528397989,4.7972880565794185e-06,-7850.031528397989,4.7972880565794185e-06,-7850.031528397989,4.7972880565794185e-06,-7850.031528397989,4.7972880565794185e-06,-7850.031528397989,4.7972880565794185e-06,-7850.031528397989,4.7972880565794185e-06,-7850.031528397989,4.7972880565794185e-06,-7850.031528397989,4.7972880565794185e-06,-7850.031528397989,4.7972880565794185e-06,-7850.031528397989,4.7972880565794185e-06,-7850.031528397989,4.7972880565794185e-06,-7850.031528397989,4.7972880565794185e-06,-7850.031528397989,4.7972880565794185e-06,-7850.031528397989,4.7972880565794185e-06
pb4,run04.json,B_add_200,AS-SQD,ABC,200,1.0,0.001,34.26280069351196,-7848.544505954525,1.4870272407515586,-7849.209945511619,0.8215876836584357,-7849.364980438649,0.6665527566283345,-7849.39562181312,0.6359113821572464,-7849.396195726443,0.6353374688342228,-7849.422562125695,0.6089710695823669,-7849.467761556128,0.5637716391493086,-7850.025220431986,0.006312763291134615,-7850.0280142719175,0.0035189233594792313,-7850.030511324331,0.0010218709458058584,-7850.031213099092,0.00032009618462325307,-7850.031220873435,0.0003123218421023921,-7850.031225125602,0.00030806967515673023,-7850.031241392319,0.0002918029576903791,-7850.031256824616,0.0002763706606856431,-7850.031263592007,0.00026960326977132354,-7850.031280871106,0.00025232417101506144,-7850.031291776115,0.0002414191621937789,-7850.031334009418,0.0001991858589462936,-7850.031380097351,0.00015309792615880724
pb4,run04.json,Proposed_Baseline(ABC),AS-SQD,ABC,600,1.0,0.001,52.798640966415405,-7848.544505954525,1.4870272407515586,-7849.237307280635,0.7942259146420838,-7849.37294732657,0.658585868706723,-7849.407483424147,0.6240497711296484,-7849.395434056665,0.6360991386118258,-7850.0248137122135,0.006719483063534426,-7850.031321663166,0.00021153211127966642,-7850.031345073585,0.0001881216921901796,-7850.031370003035,0.00016319224232574925,-7850.031418698905,0.0001144963716797065,-7850.031522363598,1.083167899196269e-05,-7850.03152810103,5.094247171655297e-06,-7850.03152810103,5.094247171655297e-06,-7850.03152810103,5.094247171655297e-06,-7850.03152810103,5.094247171655297e-06,-7850.03152810103,5.094247171655297e-06,-7850.03152810103,5.094247171655297e-06,-7850.03152810103,5.094247171655297e-06,-7850.03152810103,5.094247171655297e-06,-7850.03152810103,5.094247171655297e-06
pb4,run04.json,Score_A,AS-SQD,A,600,1.0,0.001,37.35197710990906,-7848.544505954525,1.4870272407515586,-7849.237295868366,0.7942373269106611,-7849.413274980795,0.6182582144820117,-7850.02534344647,0.006189748806718853,-7850.0312115403985,0.0003216548784621409,-7850.031241532176,0.0002916631010521087,-7850.031289480386,0.0002437148914395948,-7850.031389284419,0.00014391085824172478,-7850.031521304918,1.1890359019162133e-05,-7850.0315280051545,5.190122465137392e-06,-7850.0315280051545,5.190122465137392e-06,-7850.0315280051545,5.190122465137392e-06,-7850.0315280051545,5.190122465137392e-06,-7850.0315280051545,5.190122465137392e-06,-7850.0315280051545,5.190122465137392e-06,-7850.0315280051545,5.190122465137392e-06,-7850.0315280051545,5.190122465137392e-06,-7850.0315280051545,5.190122465137392e-06,-7850.0315280051545,5.190122465137392e-06,-7850.0315280051545,5.190122465137392e-06
pb4,run04.json,Score_AB,AS-SQD,AB,600,1.0,0.001,45.10393691062927,-7848.544505954525,1.4870272407515586,-7849.237301634554,0.7942315607233468,-7849.372782286034,0.6587509092432811,-7849.408646402061,0.6228867932159119,-7849.485036342224,0.5464968530532133,-7850.027554142451,0.003979052826252882,-7850.031323695264,0.00020950001271557994,-7850.03134336515,0.00018983012705575675,-7850.031364921255,0.00016827402214403264,-7850.031424221935,0.00010897334232140565,-7850.031528091642,5.1036349759669974e-06,-7850.031528091642,5.1036349759669974e-06,-7850.031528091642,5.1036349759669974e-06,-7850.031528091642,5.1036349759669974e-06,-7850.031528091642,5.1036349759669974e-06,-7850.031528091642,5.1036349759669974e-06,-7850.031528091642,5.1036349759669974e-06,-7850.031528091642,5.1036349759669974e-06,-7850.031528091642,5.1036349759669974e-06,-7850.031528091642,5.1036349759669974e-06
pb4,run04.json,Score_AC,AS-SQD,AC,600,1.0,0.001,37.4193000793457,-7848.544505954525,1.4870272407515586,-7849.2373016119145,0.7942315833624889,-7849.413275646465,0.6182575488119255,-7850.02534344795,0.0061897473269709735,-7850.031211542562,0.0003216527147742454,-7850.031241534368,0.0002916609091698774,-7850.031289482662,0.00024371261497435626,-7850.031389286751,0.00014390852629730944,-7850.031521313793,1.1881484169862233e-05,-7850.031528014341,5.180935659154784e-06,-7850.031528014341,5.180935659154784e-06,-7850.031528014341,5.180935659154784e-06,-7850.031528014341,5.180935659154784e-06,-7850.031528014341,5.180935659154784e-06,-7850.031528014341,5.180935659154784e-06,-7850.031528014341,5.180935659154784e-06,-7850.031528014341,5.180935659154784e-06,-7850.031528014341,5.180935659154784e-06,-7850.031528014341,5.180935659154784e-06,-7850.031528014341,5.180935659154784e-06
pb4,run04.json,Score_B,AS-SQD,B,600,1.0,0.001,170.037348985672,-7848.544505954525,1.4870272407515586,-7849.291781191742,0.7397520035347043,-7849.292133005263,0.7394001900138392,-7849.295308693017,0.7362245022595744,-7849.299491775765,0.7320414195119156,-7849.299678769953,0.7318544253239452,-7849.371791627964,0.6597415673131763,-7849.372981442821,0.6585517524563329,-7849.373695310462,0.6578378848153079,-7849.392414944733,0.6391182505440156,-7849.393468270023,0.6380649252541843,-7849.393605088638,0.637928106639265,-7849.404718020153,0.6268151751237383,-7849.404911842014,0.6266213532626352,-7849.4080163938615,0.6235168014154624,-7849.408139351545,0.6233938437317192,-7849.408143798521,0.6233893967555559,-7849.408896747843,0.6226364474341608,-7849.409116154181,0.6224170410960141,-7849.4087514622515,0.6227817330254766
pb4,run04.json,Score_BC,AS-SQD,BC,600,1.0,0.001,173.83595299720764,-7848.544505954525,1.4870272407515586,-7849.291783555678,0.7397496395988128,-7849.292135300635,0.7393978946420248,-7849.29531195993,0.7362212353473296,-7849.299495473859,0.7320377214182372,-7849.299682197347,0.7318509979304508,-7849.3717942206185,0.6597389746584668,-7849.372984128873,0.6585490664037934,-7849.373700383008,0.6578328122686798,-7849.3923991834,0.6391340118771041,-7849.393469284343,0.6380639109338517,-7849.393606040786,0.6379271544910807,-7849.404792443919,0.6267407513578291,-7849.404913743605,0.6266194516720134,-7849.4080176904445,0.6235155048325396,-7849.408140115835,0.6233930794423941,-7849.408144757167,0.6233884381099415,-7849.408897675717,0.6226355195603901,-7849.409118446173,0.6224147491038821,-7849.412040681109,0.6194925141680869
pb4,run04.json,Score_C,AS-SQD,C,600,1.0,0.001,47.34553408622742,-7848.544505954525,1.4870272407515586,-7849.422150868282,0.6093823269948189,-7850.027194787142,0.0043384081345720915,-7850.031305966582,0.00022722869471181184,-7850.03138250664,0.00015068863740452798,-7850.031486823039,4.6372238102776464e-05,-7850.031522556587,1.0638689673214685e-05,-7850.031528493503,4.701773832493927e-06,-7850.031528493503,4.701773832493927e-06,-7850.031528493503,4.701773832493927e-06,-7850.031528493503,4.701773832493927e-06,-7850.031528493503,4.701773832493927e-06,-7850.031528493503,4.701773832493927e-06,-7850.031528493503,4.701773832493927e-06,-7850.031528493503,4.701773832493927e-06,-7850.031528493503,4.701773832493927e-06,-7850.031528493503,4.701773832493927e-06,-7850.031528493503,4.701773832493927e-06,-7850.031528493503,4.701773832493927e-06,-7850.031528493503,4.701773832493927e-06
pb4,run04.json,Standard_SQD,Standard_SQD,N/A,N/A,N/A,N/A,33.20592403411865,-7850.024665886355,0.006867308921755466,-7850.027060421252,0.004472774025089166,-7850.029280616024,0.002252579252854048,-7850.030429272256,0.0011039230212190887,-7850.030478417064,0.0010547782130743144,-7850.030961808018,0.0005713872587875812,-7850.031079933239,0.0004532620378085994,-7850.031215589878,0.00031760539877723204,-7850.0312380832065,0.00029511207048926735,-7850.031253364407,0.00027983086965832626,-7850.031262257637,0.0002709376403799979,-7850.031287302536,0.0002458927410771139,-7850.0312915484965,0.0002416467805232969,-7850.031309951176,0.00022324410110741155,-7850.0313153044735,0.00021789080346934497,-7850.031327881397,0.00020531387963274028,-7850.0313335343335,0.0001996609435082064,-7850.031345845328,0.0001873499486464425,-7850.031352378025,0.00018081725193042075,-7850.031359883514,0.0001733117633193615
pb4,run04.json,gamma_0.1,AS-SQD,ABC,600,0.1,0.001,37.64907383918762,-7848.544505954525,1.4870272407515586,-7849.2373016119145,0.7942315833624889,-7849.413275646465,0.6182575488119255,-7850.025283338334,0.006249856943213672,-7850.031211542562,0.0003216527147742454,-7850.031241534368,0.0002916609091698774,-7850.031289102486,0.00024409279103565495,-7850.031389286751,0.00014390852629730944,-7850.031521313793,1.1881484169862233e-05,-7850.031528014341,5.180935659154784e-06,-7850.031528014341,5.180935659154784e-06,-7850.031528014341,5.180935659154784e-06,-7850.031528014341,5.180935659154784e-06,-7850.031528014341,5.180935659154784e-06,-7850.031528014341,5.180935659154784e-06,-7850.031528014341,5.180935659154784e-06,-7850.031528014341,5.180935659154784e-06,-7850.031528014341,5.180935659154784e-06,-7850.031528014341,5.180935659154784e-06,-7850.031528014341,5.180935659154784e-06
pb4,run04.json,gamma_5.0,AS-SQD,ABC,600,5.0,0.001,57.19650673866272,-7848.544505954525,1.4870272407515586,-7849.237010278598,0.7945229166789431,-7849.372702774333,0.6588304209435591,-7849.407198590306,0.6243346049714091,-7849.40935880797,0.6221743873065861,-7849.409879710579,0.6216534846980721,-7850.023885252225,0.0076479430517792935,-7850.03045637064,0.001076824636584206,-7850.0312978355605,0.0002353597164983512,-7850.031317180415,0.0002160148624170688,-7850.031388837348,0.00014435792945732828,-7850.031504734541,2.8460735848057084e-05,-7850.031528204783,4.990493835066445e-06,-7850.031528204783,4.990493835066445e-06,-7850.031528204783,4.990493835066445e-06,-7850.031528204783,4.990493835066445e-06,-7850.031528204783,4.990493835066445e-06,-7850.031528204783,4.990493835066445e-06,-7850.031528204783,4.990493835066445e-06,-7850.031528204783,4.990493835066445e-06
pb4,run04.json,tau_dom_0.0001,AS-SQD,ABC,600,1.0,0.0001,66.02099990844727,-7848.544505954525,1.4870272407515586,-7849.237307288232,0.7942259070450746,-7849.372959658915,0.6585735363623826,-7849.40742186141,0.624111333867404,-7849.42630194698,0.6052312482970592,-7849.52652053563,0.5050126596470363,-7850.027700024695,0.0038331705818563933,-7850.03133203032,0.00020116495670663426,-7850.031346463165,0.00018673211161512882,-7850.031363240591,0.00016995468558889115,-7850.031375572177,0.0001576230997670791,-7850.031390763105,0.0001424321717422572,-7850.031458231586,7.496369107684586e-05,-7850.031473245861,5.994941602693871e-05,-7850.03150724931,2.5945966626750305e-05,-7850.031511401287,2.1793989617435727e-05,-7850.0315127307085,2.0464568478928413e-05,-7850.031514699363,1.8495914446248207e-05,-7850.03151555835,1.7636926713748835e-05,-7850.031517809374,1.538590277050389e-05
pb4,run04.json,tau_dom_0.01,AS-SQD,ABC,600,1.0,0.01,42.599268198013306,-7848.544505954525,1.4870272407515586,-7849.237307317582,0.794225877694771,-7849.372956514238,0.6585766810394489,-7849.410925902934,0.6206072923432657,-7850.025120701818,0.006412493458810786,-7850.031272599694,0.00026059558331326116,-7850.031298915222,0.00023428005533787655,-7850.03132570604,0.00020748923725477653,-7850.031399385654,0.00013380962263909169,-7850.031511107559,2.208771820733091e-05,-7850.031528065522,5.129754754307214e-06,-7850.031528065522,5.129754754307214e-06,-7850.031528065522,5.129754754307214e-06,-7850.031528065522,5.129754754307214e-06,-7850.031528065522,5.129754754307214e-06,-7850.031528065522,5.129754754307214e-06,-7850.031528065522,5.129754754307214e-06,-7850.031528065522,5.129754754307214e-06,-7850.031528065522,5.129754754307214e-06,-7850.031528065522,5.129754754307214e-06
pb4,run05.json,B_add_1200,AS-SQD,ABC,1200,1.0,0.001,39.43678617477417,-7848.647670074014,1.383863121262948,-7849.280657993509,0.7508752017683946,-7850.02509531071,0.006437884567276342,-7850.03129007897,0.00024311630659212824,-7850.031403834726,0.00012936055099999066,-7850.031528582288,4.612988959706854e-06,-7850.031528582288,4.612988959706854e-06,-7850.031528582288,4.612988959706854e-06,-7850.031528582288,4.612988959706854e-06,-7850.031528582288,4.612988959706854e-06,-7850.031528582288,4.612988959706854e-06,-7850.031528582288,4.612988959706854e-06,-7850.031528582288,4.612988959706854e-06,-7850.031528582288,4.612988959706854e-06,-7850.031528582288,4.612988959706854e-06,-7850.031528582288,4.612988959706854e-06,-7850.031528582288,4.612988959706854e-06,-7850.031528582288,4.612988959706854e-06,-7850.031528582288,4.612988959706854e-06,-7850.031528582288,4.612988959706854e-06
pb4,run05.json,B_add_200,AS-SQD,ABC,200,1.0,0.001,50.76405191421509,-7848.647670074014,1.383863121262948,-7848.678953795837,1.3525793994404012,-7848.630830219004,1.400702976273351,-7848.795569920888,1.235963274389178,-7849.372726729416,0.6588064658608346,-7849.3964710242635,0.6350621710134874,-7849.3969885215665,0.6345446737104794,-7849.400856443766,0.6306767515106912,-7849.42383564227,0.6076975530068012,-7850.024373744553,0.007159450724429917,-7850.028261610847,0.0032715844299673336,-7850.030533120021,0.001000075256342825,-7850.031232914398,0.0003002808789460687,-7850.031239038488,0.00029415678909572307,-7850.031243707654,0.0002894876233767718,-7850.031254120997,0.0002790742801153101,-7850.031262900571,0.0002702947058423888,-7850.03126784654,0.00026534873722994234,-7850.031293689981,0.0002395052961219335,-7850.031306662372,0.0002265329048896092
pb4,run05.json,Proposed_Baseline(ABC),AS-SQD,ABC,600,1.0,0.001,31.791164875030518,-7848.647670074014,1.383863121262948,-7849.280246088637,0.7512871066401203,-7850.023648114063,0.007885081214226375,-7850.0312257732985,0.00030742197850486264,-7850.031270725684,0.00026246959259879077,-7850.031307796335,0.0002253989423479652,-7850.0313740889305,0.00015910634647298139,-7850.031486857293,4.633798380382359e-05,-7850.031528197874,4.997403266315814e-06,-7850.031528197874,4.997403266315814e-06,-7850.031528197874,4.997403266315814e-06,-7850.031528197874,4.997403266315814e-06,-7850.031528197874,4.997403266315814e-06,-7850.031528197874,4.997403266315814e-06,-7850.031528197874,4.997403266315814e-06,-7850.031528197874,4.997403266315814e-06,-7850.031528197874,4.997403266315814e-06,-7850.031528197874,4.997403266315814e-06,-7850.031528197874,4.997403266315814e-06,-7850.031528197874,4.997403266315814e-06
pb4,run05.json,Score_A,AS-SQD,A,600,1.0,0.001,31.907915830612183,-7848.647670074014,1.383863121262948,-7849.280358819922,0.7511743753548217,-7850.023812056619,0.007721138657871052,-7850.03122548772,0.00030770755711273523,-7850.03127480531,0.00025838996680249693,-7850.03131505375,0.00021814152660226682,-7850.031374542536,0.00015865274144744035,-7850.031486857293,4.633798380382359e-05,-7850.031528197874,4.997403266315814e-06,-7850.031528197874,4.997403266315814e-06,-7850.031528197874,4.997403266315814e-06,-7850.031528197874,4.997403266315814e-06,-7850.031528197874,4.997403266315814e-06,-7850.031528197874,4.997403266315814e-06,-7850.031528197874,4.997403266315814e-06,-7850.031528197874,4.997403266315814e-06,-7850.031528197874,4.997403266315814e-06,-7850.031528197874,4.997403266315814e-06,-7850.031528197874,4.997403266315814e-06,-7850.031528197874,4.997403266315814e-06
pb4,run05.json,Score_AB,AS-SQD,AB,600,1.0,0.001,31.911906003952026,-7848.647670074014,1.383863121262948,-7849.280246112387,0.7512870828895757,-7850.023648114168,0.00788508110872499,-7850.03122577402,0.00030742125727556413,-7850.031270726387,0.0002624688895593863,-7850.0313077973,0.00022539797737408662,-7850.031374090003,0.000159105274178728,-7850.031486858302,4.6336975174199324e-05,-7850.031528198892,4.9963846322498284e-06,-7850.031528198892,4.9963846322498284e-06,-7850.031528198892,4.9963846322498284e-06,-7850.031528198892,4.9963846322498284e-06,-7850.031528198892,4.9963846322498284e-06,-7850.031528198892,4.9963846322498284e-06,-7850.031528198892,4.9963846322498284e-06,-7850.031528198892,4.9963846322498284e-06,-7850.031528198892,4.9963846322498284e-06,-7850.031528198892,4.9963846322498284e-06,-7850.031528198892,4.9963846322498284e-06,-7850.031528198892,4.9963846322498284e-06
pb4,run05.json,Score_AC,AS-SQD,AC,600,1.0,0.001,31.92892599105835,-7848.647670074014,1.383863121262948,-7849.280246088637,0.7512871066401203,-7850.023812056619,0.007721138657871052,-7850.03122548772,0.00030770755711273523,-7850.03127480531,0.00025838996680249693,-7850.03131505375,0.00021814152660226682,-7850.031374542536,0.00015865274144744035,-7850.031486857293,4.633798380382359e-05,-7850.031528197874,4.997403266315814e-06,-7850.031528197874,4.997403266315814e-06,-7850.031528197874,4.997403266315814e-06,-7850.031528197874,4.997403266315814e-06,-7850.031528197874,4.997403266315814e-06,-7850.031528197874,4.997403266315814e-06,-7850.031528197874,4.997403266315814e-06,-7850.031528197874,4.997403266315814e-06,-7850.031528197874,4.997403266315814e-06,-7850.031528197874,4.997403266315814e-06,-7850.031528197874,4.997403266315814e-06,-7850.031528197874,4.997403266315814e-06
pb4,run05.json,Score_B,AS-SQD,B,600,1.0,0.001,124.94394993782043,-7848.647670074014,1.383863121262948,-7848.741078186538,1.2904550087387179,-7848.748209851931,1.283323343345728,-7848.747145435676,1.2843877596005768,-7848.751416102386,1.2801170928905776,-7848.7471862384255,1.2843469568515502,-7848.75157588459,1.2799573106867683,-7848.75154282023,1.2799903750474186,-7848.751589404515,1.2799437907624451,-7848.751589404515,1.2799437907624451,-7848.751589404515,1.2799437907624451,-7848.751589404515,1.2799437907624451,-7848.751621629058,1.279911566219198,-7848.751823151028,1.2797100442494411,-7848.752235547944,1.2792976473328963,-7848.769204449438,1.2623287458391133,-7849.333654733478,0.6978784617986094,-7849.333747622181,0.6977855730956435,-7849.335952069235,0.6955811260422706,-7849.338915601454,0.6926175938233428
pb4,run05.json,Score_BC,AS-SQD,BC,600,1.0,0.001,132.58859491348267,-7848.647670074014,1.383863121262948,-7848.743048288506,1.288484906771373,-7848.7602690994945,1.2712640957824988,-7849.2985525342,0.7329806610769083,-7849.301278071841,0.730255123436109,-7849.31683201926,0.7147011760171154,-7849.317506918379,0.7140262768980392,-7849.364930509963,0.6666026853135918,-7849.365811106551,0.6657220887263975,-7849.368062188283,0.6634710069938592,-7849.376080370532,0.6554528247452254,-7849.376578051177,0.6549551441003132,-7849.3768715593715,0.6546616359055406,-7849.392141785702,0.6393914095751825,-7849.393404305715,0.6381288895618127,-7849.402748650773,0.6287845445040148,-7849.405122295136,0.626410900141309,-7849.4051790917065,0.6263541035705202,-7849.408096681039,0.6234365142381648,-7849.408186406973,0.6233467883039339
pb4,run05.json,Score_C,AS-SQD,C,600,1.0,0.001,36.95257616043091,-7848.647670074014,1.383863121262948,-7849.437359930937,0.5941732643395881,-7850.026331540195,0.00520165508169157,-7850.03138174918,0.00015144609733397374,-7850.03142441288,0.00010878239663725253,-7850.031490506203,4.268907377991127e-05,-7850.0315196789825,1.351629452983616e-05,-7850.031528536252,4.659024853026494e-06,-7850.031528536252,4.659024853026494e-06,-7850.031528536252,4.659024853026494e-06,-7850.031528536252,4.659024853026494e-06,-7850.031528536252,4.659024853026494e-06,-7850.031528536252,4.659024853026494e-06,-7850.031528536252,4.659024853026494e-06,-7850.031528536252,4.659024853026494e-06,-7850.031528536252,4.659024853026494e-06,-7850.031528536252,4.659024853026494e-06,-7850.031528536252,4.659024853026494e-06,-7850.031528536252,4.659024853026494e-06,-7850.031528536252,4.659024853026494e-06
pb4,run05.json,Standard_SQD,Standard_SQD,N/A,N/A,N/A,N/A,20.10243511199951,-7850.023890657494,0.0076425377828854835,-7850.027843700315,0.003689494961690798,-7850.0293716909255,0.0021615043515339494,-7850.030527766753,0.0010054285239675664,-7850.030805745355,0.0007274499221239239,-7850.030892930905,0.0006402643721230561,-7850.030941528995,0.0005916662821618957,-7850.031086419145,0.0004467761318664998,-7850.031253276125,0.00027991915158054326,-7850.031272292411,0.00026090286610269686,-7850.031283865663,0.000249329614234739,-7850.031298359722,0.000234835554692836,-7850.0313113004595,0.00022189481751411222,-7850.031334752924,0.00019844235339405714,-7850.031334752924,0.00019844235339405714,-7850.031334752924,0.00019844235339405714,-7850.031334752924,0.00019844235339405714,-7850.031334752924,0.00019844235339405714,-7850.031334752924,0.00019844235339405714,-7850.031334752924,0.00019844235339405714
pb4,run05.json,gamma_0.1,AS-SQD,ABC,600,0.1,0.001,31.895556211471558,-7848.647670074014,1.383863121262948,-7849.280246088637,0.7512871066401203,-7850.023811626013,0.007721569263594574,-7850.031225131828,0.0003080634487560019,-7850.031273890208,0.000259305069448601,-7850.031313879963,0.00021931531409791205,-7850.031374542536,0.00015865274144744035,-7850.031486857293,4.633798380382359e-05,-7850.031528197874,4.997403266315814e-06,-7850.031528197874,4.997403266315814e-06,-7850.031528197874,4.997403266315814e-06,-7850.031528197874,4.997403266315814e-06,-7850.031528197874,4.997403266315814e-06,-7850.031528197874,4.997403266315814e-06,-7850.031528197874,4.997403266315814e-06,-7850.031528197874,4.997403266315814e-06,-7850.031528197874,4.997403266315814e-06,-7850.031528197874,4.997403266315814e-06,-7850.031528197874,4.997403266315814e-06,-7850.031528197874,4.997403266315814e-06
pb4,run05.json,gamma_5.0,AS-SQD,ABC,600,5.0,0.001,33.861605167388916,-7848.647670074014,1.383863121262948,-7849.280206164648,0.7513270306289996,-7849.440303874732,0.5912293205446986,-7850.025752440607,0.005780754670013266,-7850.030402317282,0.0011308779949104064,-7850.031260518582,0.00027267669520369964,-7850.031290671926,0.00024252335060737096,-7850.031378060992,0.00015513428479607683,-7850.031489530063,4.366521443444071e-05,-7850.031528252851,4.942426130583044e-06,-7850.031528252851,4.942426130583044e-06,-7850.031528252851,4.942426130583044e-06,-7850.031528252851,4.942426130583044e-06,-7850.031528252851,4.942426130583044e-06,-7850.031528252851,4.942426130583044e-06,-7850.031528252851,4.942426130583044e-06,-7850.031528252851,4.942426130583044e-06,-7850.031528252851,4.942426130583044e-06,-7850.031528252851,4.942426130583044e-06,-7850.031528252851,4.942426130583044e-06
pb4,run05.json,tau_dom_0.0001,AS-SQD,ABC,600,1.0,0.0001,41.57064914703369,-7848.647670074014,1.383863121262948,-7849.280245956918,0.7512872383586,-7850.0236480859285,0.00788510934853548,-7850.031225584095,0.00030761118159716716,-7850.031271233698,0.00026196157887170557,-7850.031299100937,0.00023409434015775332,-7850.031341960584,0.00019123469337500865,-7850.031360774129,0.00017242114790860796,-7850.031405200114,0.00012799516298400704,-7850.031459663845,7.353143155341968e-05,-7850.031473314568,5.988070915918797e-05,-7850.031509311268,2.3884009351604618e-05,-7850.031511737782,2.145749476767378e-05,-7850.031513959416,1.9235861145716626e-05,-7850.031514554423,1.8640854250406846e-05,-7850.0315154850205,1.771025654306868e-05,-7850.031518263542,1.4931734767742455e-05,-7850.0315193183715,1.3876905541110318e-05,-7850.031521114446,1.208083085657563e-05,-7850.031526985247,6.210029823705554e-06
pb4,run05.json,tau_dom_0.01,AS-SQD,ABC,600,1.0,0.01,31.807442903518677,-7848.647670074014,1.383863121262948,-7849.280246088637,0.7512871066401203,-7850.023648114063,0.007885081214226375,-7850.0312257732985,0.00030742197850486264,-7850.031270725684,0.00026246959259879077,-7850.031307796335,0.0002253989423479652,-7850.0313740889305,0.00015910634647298139,-7850.031486857293,4.633798380382359e-05,-7850.031528197874,4.997403266315814e-06,-7850.031528197874,4.997403266315814e-06,-7850.031528197874,4.997403266315814e-06,-7850.031528197874,4.997403266315814e-06,-7850.031528197874,4.997403266315814e-06,-7850.031528197874,4.997403266315814e-06,-7850.031528197874,4.997403266315814e-06,-7850.031528197874,4.997403266315814e-06,-7850.031528197874,4.997403266315814e-06,-7850.031528197874,4.997403266315814e-06,-7850.031528197874,4.997403266315814e-06,-7850.031528197874,4.997403266315814e-06
pb4,run06.json,B_add_1200,AS-SQD,ABC,1200,1.0,0.001,43.41083478927612,-7848.539115874281,1.492417320995628,-7849.344967556104,0.6865656391728407,-7850.024800069211,0.006733126066137629,-7850.031288443535,0.0002447517417749623,-7850.031392878767,0.00014031650971446652,-7850.031528547937,4.647339665098116e-06,-7850.031528547937,4.647339665098116e-06,-7850.031528547937,4.647339665098116e-06,-7850.031528547937,4.647339665098116e-06,-7850.031528547937,4.647339665098116e-06,-7850.031528547937,4.647339665098116e-06,-7850.031528547937,4.647339665098116e-06,-7850.031528547937,4.647339665098116e-06,-7850.031528547937,4.647339665098116e-06,-7850.031528547937,4.647339665098116e-06,-7850.031528547937,4.647339665098116e-06,-7850.031528547937,4.647339665098116e-06,-7850.031528547937,4.647339665098116e-06,-7850.031528547937,4.647339665098116e-06,-7850.031528547937,4.647339665098116e-06
pb4,run06.json,B_add_200,AS-SQD,ABC,200,1.0,0.001,25.11455202102661,-7848.539115874281,1.492417320995628,-7848.589929225222,1.4416039700554393,-7849.331764663382,0.6997685318947333,-7849.413136034618,0.6183971606587875,-7850.024596920628,0.006936274648978724,-7850.027973922555,0.0035592727217590436,-7850.030267535463,0.001265659813725506,-7850.031169705359,0.00036348991761769867,-7850.0311787508845,0.0003544443925420637,-7850.031194304411,0.0003388908662600443,-7850.031205437291,0.00032775798626971664,-7850.031217525035,0.00031567024234391283,-7850.031232245609,0.0003009496676895651,-7850.031260062829,0.00027313244845572626,-7850.031275271377,0.0002579238998805522,-7850.031314846338,0.00021834893868799554,-7850.031347383748,0.00018581152926344657,-7850.031384453757,0.00014874152020638576,-7850.031421284376,0.000111910901068768,-7850.03148569491,4.750036714540329e-05
pb4,run06.json,Proposed_Baseline(ABC),AS-SQD,ABC,600,1.0,0.001,37.00807595252991,-7848.539115874281,1.492417320995628,-7849.325577002734,0.7059561925434537,-7849.441215843407,0.5903173518699987,-7850.026979158828,0.004554036449007981,-7850.031233804719,0.00029939055821159855,-7850.031267354816,0.0002658404609974241,-7850.031317409733,0.00021578554424195318,-7850.031389995375,0.00014319990168587537,-7850.031507989263,2.5206013560818974e-05,-7850.031528133672,5.061605406808667e-06,-7850.031528133672,5.061605406808667e-06,-7850.031528133672,5.061605406808667e-06,-7850.031528133672,5.061605406808667e-06,-7850.031528133672,5.061605406808667e-06,-7850.031528133672,5.061605406808667e-06,-7850.031528133672,5.061605406808667e-06,-7850.031528133672,5.061605406808667e-06,-7850.031528133672,5.061605406808667e-06,-7850.031528133672,5.061605406808667e-06,-7850.031528133672,5.061605406808667e-06
pb4,run06.json,Score_A,AS-SQD,A,600,1.0,0.001,37.590670108795166,-7848.539115874281,1.492417320995628,-7849.3258161833855,0.7057170118914655,-7849.485731639503,0.5458015557742328,-7850.026485113201,0.005048082076427818,-7850.031258380401,0.0002748148763203062,-7850.031294713402,0.0002384818753853324,-7850.031340711121,0.0001924841562868096,-7850.031404329193,0.00012886608419648837,-7850.031510558443,2.263683381897863e-05,-7850.031528105383,5.089894330012612e-06,-7850.031528105383,5.089894330012612e-06,-7850.031528105383,5.089894330012612e-06,-7850.031528105383,5.089894330012612e-06,-7850.031528105383,5.089894330012612e-06,-7850.031528105383,5.089894330012612e-06,-7850.031528105383,5.089894330012612e-06,-7850.031528105383,5.089894330012612e-06,-7850.031528105383,5.089894330012612e-06,-7850.031528105383,5.089894330012612e-06,-7850.031528105383,5.089894330012612e-06
pb4,run06.json,Score_AB,AS-SQD,AB,600,1.0,0.001,38.78219437599182,-7848.539115874281,1.492417320995628,-7849.325577002734,0.7059561925434537,-7849.441215843407,0.5903173518699987,-7850.026979158828,0.004554036449007981,-7850.031233804719,0.00029939055821159855,-7850.031267354816,0.0002658404609974241,-7850.031317409733,0.00021578554424195318,-7850.031389995375,0.00014319990168587537,-7850.031507989263,2.5206013560818974e-05,-7850.031528133672,5.061605406808667e-06,-7850.031528133672,5.061605406808667e-06,-7850.031528133672,5.061605406808667e-06,-7850.031528133672,5.061605406808667e-06,-7850.031528133672,5.061605406808667e-06,-7850.031528133672,5.061605406808667e-06,-7850.031528133672,5.061605406808667e-06,-7850.031528133672,5.061605406808667e-06,-7850.031528133672,5.061605406808667e-06,-7850.031528133672,5.061605406808667e-06,-7850.031528133672,5.061605406808667e-06
pb4,run06.json,Score_AC,AS-SQD,AC,600,1.0,0.001,37.82727813720703,-7848.539115874281,1.492417320995628,-7849.3258161833855,0.7057170118914655,-7849.485731639503,0.5458015557742328,-7850.026485113201,0.005048082076427818,-7850.031258380401,0.0002748148763203062,-7850.031294713402,0.0002384818753853324,-7850.031340711121,0.0001924841562868096,-7850.031404329193,0.00012886608419648837,-7850.031510558443,2.263683381897863e-05,-7850.031528105383,5.089894330012612e-06,-7850.031528105383,5.089894330012612e-06,-7850.031528105383,5.089894330012612e-06,-7850.031528105383,5.089894330012612e-06,-7850.031528105383,5.089894330012612e-06,-7850.031528105383,5.089894330012612e-06,-7850.031528105383,5.089894330012612e-06,-7850.031528105383,5.089894330012612e-06,-7850.031528105383,5.089894330012612e-06,-7850.031528105383,5.089894330012612e-06,-7850.031528105383,5.089894330012612e-06
pb4,run06.json,Score_B,AS-SQD,B,600,1.0,0.001,145.71694588661194,-7848.539115874281,1.492417320995628,-7849.334451449129,0.6970817461478873,-7849.334934130025,0.6965990652515757,-7849.336796187918,0.6947370073594357,-7849.348702395096,0.6828308001813639,-7849.348808618847,0.6827245764297913,-7849.349166808184,0.6823663870927703,-7849.372031311057,0.6595018842199352,-7849.3737980557635,0.6577351395135338,-7849.393754905663,0.637778289614289,-7849.394783955328,0.6367492399485855,-7849.399771635351,0.6317615599264172,-7849.399926586841,0.6316066084364138,-7849.401492705408,0.6300404898693159,-7849.401805740703,0.6297274545740947,-7849.401809869807,0.6297233254699677,-7849.40216282751,0.629370367766569,-7849.4021653724585,0.6293678228184945,-7849.411380954064,0.6201522412129634,-7849.41172849323,0.6198047020470767
pb4,run06.json,Score_BC,AS-SQD,BC,600,1.0,0.001,145.38241982460022,-7848.539115874281,1.492417320995628,-7849.334451433797,0.697081761480149,-7849.334934119465,0.6965990758117186,-7849.336796187918,0.6947370073594357,-7849.348702395096,0.6828308001813639,-7849.348808618847,0.6827245764297913,-7849.349166808184,0.6823663870927703,-7849.372031311057,0.6595018842199352,-7849.3737980557635,0.6577351395135338,-7849.393754905663,0.637778289614289,-7849.394783955328,0.6367492399485855,-7849.399771635351,0.6317615599264172,-7849.399926586841,0.6316066084364138,-7849.401492705408,0.6300404898693159,-7849.401805740703,0.6297274545740947,-7849.401809869807,0.6297233254699677,-7849.40216282751,0.629370367766569,-7849.4021653724585,0.6293678228184945,-7849.411380954064,0.6201522412129634,-7849.41172849323,0.6198047020470767
pb4,run06.json,Score_C,AS-SQD,C,600,1.0,0.001,38.30786371231079,-7848.539115874281,1.492417320995628,-7849.475913812144,0.55561938313258,-7850.027765305061,0.0037678902162952,-7850.031330827168,0.00020236810905771563,-7850.031388733723,0.00014446155364566948,-7850.031474004921,5.919035629631253e-05,-7850.031518873638,1.4321639355330262e-05,-7850.031527859688,5.335588866728358e-06,-7850.031528577863,4.617413651430979e-06,-7850.031528577863,4.617413651430979e-06,-7850.031528577863,4.617413651430979e-06,-7850.031528577863,4.617413651430979e-06,-7850.031528577863,4.617413651430979e-06,-7850.031528577863,4.617413651430979e-06,-7850.031528577863,4.617413651430979e-06,-7850.031528577863,4.617413651430979e-06,-7850.031528577863,4.617413651430979e-06,-7850.031528577863,4.617413651430979e-06,-7850.031528577863,4.617413651430979e-06,-7850.031528577863,4.617413651430979e-06
pb4,run06.json,Standard_SQD,Standard_SQD,N/A,N/A,N/A,N/A,17.846778869628906,-7850.024418549284,0.007114645993169688,-7850.027065203161,0.0044679921156784985,-7850.029116189624,0.0024170056531147566,-7850.029996221598,0.001536973679321818,-7850.0305659461765,0.0009672491005403572,-7850.0309211708,0.0006120244770499994,-7850.031214074186,0.00031912109079712536,-7850.031224550007,0.00030864526979712537,-7850.031230613665,0.00030258161223173374,-7850.031266249472,0.0002669458053787821,-7850.031269461179,0.00026373409764346434,-7850.031285328939,0.00024786633821349824,-7850.031302620812,0.00023057446469465503,-7850.031302620812,0.00023057446469465503,-7850.031302620812,0.00023057446469465503,-7850.031302620812,0.00023057446469465503,-7850.031302620812,0.00023057446469465503,-7850.031302620812,0.00023057446469465503,-7850.031302620812,0.00023057446469465503,-7850.031302620812,0.00023057446469465503
pb4,run06.json,gamma_0.1,AS-SQD,ABC,600,0.1,0.001,37.902178049087524,-7848.539115874281,1.492417320995628,-7849.325642713473,0.7058904818040901,-7849.485731639503,0.5458015557742328,-7850.026484969807,0.0050482254700909834,-7850.031257448077,0.00027574720024858834,-7850.031294390194,0.00023880508342699613,-7850.031340293355,0.00019290192176413257,-7850.031403874341,0.00012932093613926554,-7850.031510558443,2.263683381897863e-05,-7850.031528105383,5.089894330012612e-06,-7850.031528105383,5.089894330012612e-06,-7850.031528105383,5.089894330012612e-06,-7850.031528105383,5.089894330012612e-06,-7850.031528105383,5.089894330012612e-06,-7850.031528105383,5.089894330012612e-06,-7850.031528105383,5.089894330012612e-06,-7850.031528105383,5.089894330012612e-06,-7850.031528105383,5.089894330012612e-06,-7850.031528105383,5.089894330012612e-06,-7850.031528105383,5.089894330012612e-06
pb4,run06.json,gamma_5.0,AS-SQD,ABC,600,5.0,0.001,34.97702598571777,-7848.539115874281,1.492417320995628,-7849.325436747892,0.7060964473848799,-7849.4406707103035,0.5908624849735133,-7850.02635824282,0.0051749524573097005,-7850.030409363206,0.001123832071243669,-7850.031262003899,0.0002711913775783614,-7850.0312982663545,0.00023492892250942532,-7850.031379363613,0.00015383166373794666,-7850.031490414632,4.2780645344464574e-05,-7850.031528149409,5.04586841998389e-06,-7850.031528149409,5.04586841998389e-06,-7850.031528149409,5.04586841998389e-06,-7850.031528149409,5.04586841998389e-06,-7850.031528149409,5.04586841998389e-06,-7850.031528149409,5.04586841998389e-06,-7850.031528149409,5.04586841998389e-06,-7850.031528149409,5.04586841998389e-06,-7850.031528149409,5.04586841998389e-06,-7850.031528149409,5.04586841998389e-06,-7850.031528149409,5.04586841998389e-06
pb4,run06.json,tau_dom_0.0001,AS-SQD,ABC,600,1.0,0.0001,44.22629499435425,-7848.539115874281,1.492417320995628,-7849.325577002352,0.7059561929254414,-7849.441332803423,0.5902003918536138,-7850.027112329327,0.004420865950123698,-7850.031233655684,0.00029953959256090457,-7850.031268900113,0.00026429516401549336,-7850.031292598595,0.0002405966815786087,-7850.031346278484,0.00018691679269977612,-7850.0313619194685,0.0001712758084977395,-7850.031395097709,0.00013809756819682661,-7850.031446461412,8.673386491864221e-05,-7850.031471375313,6.181996377563337e-05,-7850.031497758678,3.543659931892762e-05,-7850.031498165748,3.5029528589802794e-05,-7850.031500879516,3.23157610182534e-05,-7850.0315009989845,3.219629252271261e-05,-7850.031515903251,1.72920263139531e-05,-7850.031518726405,1.4468871995632071e-05,-7850.0315198607295,1.333454747509677e-05,-7850.031521197866,1.1997411093034316e-05
pb4,run06.json,tau_dom_0.01,AS-SQD,ABC,600,1.0,0.01,36.80214595794678,-7848.539115874281,1.492417320995628,-7849.325577002734,0.7059561925434537,-7849.441215843407,0.5903173518699987,-7850.026979133914,0.004554061362796347,-7850.031233663063,0.0002995322138303891,-7850.031267175707,0.00026601956960803363,-7850.031317409733,0.00021578554424195318,-7850.031389995375,0.00014319990168587537,-7850.0315101432625,2.3052014512359165e-05,-7850.031528133672,5.061605406808667e-06,-7850.031528133672,5.061605406808667e-06,-7850.031528133672,5.061605406808667e-06,-7850.031528133672,5.061605406808667e-06,-7850.031528133672,5.061605406808667e-06,-7850.031528133672,5.061605406808667e-06,-7850.031528133672,5.061605406808667e-06,-7850.031528133672,5.061605406808667e-06,-7850.031528133672,5.061605406808667e-06,-7850.031528133672,5.061605406808667e-06,-7850.031528133672,5.061605406808667e-06
pb4,run07.json,B_add_1200,AS-SQD,ABC,1200,1.0,0.001,40.117201805114746,-7848.5704824948925,1.461050700384476,-7849.393346529317,0.6381866659603475,-7850.025875352813,0.005657842463733687,-7850.03128044084,0.0002527544365875656,-7850.031394960051,0.00013823522567690816,-7850.031528402296,4.792980689671822e-06,-7850.031528402296,4.792980689671822e-06,-7850.031528402296,4.792980689671822e-06,-7850.031528402296,4.792980689671822e-06,-7850.031528402296,4.792980689671822e-06,-7850.031528402296,4.792980689671822e-06,-7850.031528402296,4.792980689671822e-06,-7850.031528402296,4.792980689671822e-06,-7850.031528402296,4.792980689671822e-06,-7850.031528402296,4.792980689671822e-06,-7850.031528402296,4.792980689671822e-06,-7850.031528402296,4.792980689671822e-06,-7850.031528402296,4.792980689671822e-06,-7850.031528402296,4.792980689671822e-06,-7850.031528402296,4.792980689671822e-06
pb4,run07.json,B_add_200,AS-SQD,ABC,200,1.0,0.001,32.95236897468567,-7848.5704824948925,1.461050700384476,-7848.572093805008,1.4594393902689262,-7848.6838024952895,1.347730699987551,-7848.681254530767,1.3502786645103697,-7848.677147826506,1.354385368770636,-7849.263053456438,0.7684797388392326,-7849.385173605933,0.6463595893437741,-7850.023789878131,0.007743317146378104,-7850.027782616446,0.0037505788313865196,-7850.030022125775,0.0015110695021576248,-7850.0311706831235,0.00036251215351512656,-7850.031178825281,0.0003543699958754587,-7850.031186620718,0.0003465745594439795,-7850.031205084174,0.0003281111030446482,-7850.031216652964,0.0003165423131576972,-7850.031232257124,0.00030093815257714596,-7850.031266579476,0.000266615800683212,-7850.031283578037,0.00024961724011518527,-7850.031324532612,0.00020866266459051985,-7850.031355066705,0.00017812857186072506
pb4,run07.json,Proposed_Baseline(ABC),AS-SQD,ABC,600,1.0,0.001,36.02839779853821,-7848.5704824948925,1.461050700384476,-7849.3442945788,0.6872386164768614,-7849.48609796417,0.5454352311071489,-7850.026543254213,0.004989941064195591,-7850.03128170104,0.0002514942370908102,-7850.0313227202105,0.00021047506652394077,-7850.03135310338,0.00018009189716394758,-7850.031399160555,0.00013403472166828578,-7850.031508636639,2.455863796058111e-05,-7850.031528125747,5.069529834145214e-06,-7850.031528125747,5.069529834145214e-06,-7850.031528125747,5.069529834145214e-06,-7850.031528125747,5.069529834145214e-06,-7850.031528125747,5.069529834145214e-06,-7850.031528125747,5.069529834145214e-06,-7850.031528125747,5.069529834145214e-06,-7850.031528125747,5.069529834145214e-06,-7850.031528125747,5.069529834145214e-06,-7850.031528125747,5.069529834145214e-06,-7850.031528125747,5.069529834145214e-06
pb4,run07.json,Score_A,AS-SQD,A,600,1.0,0.001,37.885087966918945,-7848.5704824948925,1.461050700384476,-7849.361164721675,0.6703684736021387,-7849.483491800091,0.5480413951863738,-7850.027054675514,0.004478519763324584,-7850.031288806222,0.0002443890552967787,-7850.031327282368,0.000205912909223116,-7850.0313621653195,0.00017102995752793504,-7850.0314034822795,0.000129712997477327,-7850.031510474053,2.2721224013366736e-05,-7850.031528127936,5.067340680398047e-06,-7850.031528127936,5.067340680398047e-06,-7850.031528127936,5.067340680398047e-06,-7850.031528127936,5.067340680398047e-06,-7850.031528127936,5.067340680398047e-06,-7850.031528127936,5.067340680398047e-06,-7850.031528127936,5.067340680398047e-06,-7850.031528127936,5.067340680398047e-06,-7850.031528127936,5.067340680398047e-06,-7850.031528127936,5.067340680398047e-06,-7850.031528127936,5.067340680398047e-06
pb4,run07.json,Score_AB,AS-SQD,AB,600,1.0,0.001,35.80929207801819,-7848.5704824948925,1.461050700384476,-7849.3442956790595,0.6872375162174649,-7849.486098364983,0.5454348302937433,-7850.0265432624665,0.0049899328105311724,-7850.031281714867,0.00025148041004285915,-7850.031322735629,0.0002104596478602616,-7850.031353122475,0.00018007280232268386,-7850.031399179959,0.00013401531759882346,-7850.031508670479,2.4524798391212244e-05,-7850.031528159911,5.035365575167816e-06,-7850.031528159911,5.035365575167816e-06,-7850.031528159911,5.035365575167816e-06,-7850.031528159911,5.035365575167816e-06,-7850.031528159911,5.035365575167816e-06,-7850.031528159911,5.035365575167816e-06,-7850.031528159911,5.035365575167816e-06,-7850.031528159911,5.035365575167816e-06,-7850.031528159911,5.035365575167816e-06,-7850.031528159911,5.035365575167816e-06,-7850.031528159911,5.035365575167816e-06
pb4,run07.json,Score_AC,AS-SQD,AC,600,1.0,0.001,36.97505187988281,-7848.5704824948925,1.461050700384476,-7849.361164721675,0.6703684736021387,-7849.483491800091,0.5480413951863738,-7850.027054675514,0.004478519763324584,-7850.031288806222,0.0002443890552967787,-7850.031327282368,0.000205912909223116,-7850.0313621653195,0.00017102995752793504,-7850.0314034822795,0.000129712997477327,-7850.031510474053,2.2721224013366736e-05,-7850.031528127936,5.067340680398047e-06,-7850.031528127936,5.067340680398047e-06,-7850.031528127936,5.067340680398047e-06,-7850.031528127936,5.067340680398047e-06,-7850.031528127936,5.067340680398047e-06,-7850.031528127936,5.067340680398047e-06,-7850.031528127936,5.067340680398047e-06,-7850.031528127936,5.067340680398047e-06,-7850.031528127936,5.067340680398047e-06,-7850.031528127936,5.067340680398047e-06,-7850.031528127936,5.067340680398047e-06
pb4,run07.json,Score_B,AS-SQD,B,600,1.0,0.001,130.83041214942932,-7848.5704824948925,1.461050700384476,-7849.3612038726515,0.6703293226255482,-7849.361492694791,0.6700405004858112,-7849.362653960194,0.6688792350832955,-7849.366018043526,0.6655151517506965,-7849.367209884464,0.6643233108134154,-7849.368291573923,0.6632416213542456,-7849.376312808455,0.6552203868222932,-7849.376827733848,0.6547054614293302,-7849.3768316188425,0.6547015764344906,-7849.391987237873,0.6395459574041524,-7849.393360600854,0.6381725944229402,-7849.402697133607,0.628836061669972,-7849.4050951553,0.6264380399770744,-7849.40512391623,0.6264092790470386,-7849.408077784448,0.6234554108286829,-7849.408175728261,0.6233574670159214,-7849.408174673318,0.6233585219588349,-7849.411425724274,0.6201074710033936,-7849.411903328362,0.6196298669146927
pb4,run07.json,Score_BC,AS-SQD,BC,600,1.0,0.001,129.1120913028717,-7848.5704824948925,1.461050700384476,-7849.3612038726515,0.6703293226255482,-7849.361492694791,0.6700405004858112,-7849.362653960194,0.6688792350832955,-7849.366018043526,0.6655151517506965,-7849.367209884464,0.6643233108134154,-7849.368291573923,0.6632416213542456,-7849.376312808455,0.6552203868222932,-7849.376827733848,0.6547054614293302,-7849.3768316188425,0.6547015764344906,-7849.391987237873,0.6395459574041524,-7849.393360600854,0.6381725944229402,-7849.402697133607,0.628836061669972,-7849.4050951553,0.6264380399770744,-7849.40512391623,0.6264092790470386,-7849.408077784448,0.6234554108286829,-7849.408175728261,0.6233574670159214,-7849.408174673318,0.6233585219588349,-7849.411425724274,0.6201074710033936,-7849.411903328362,0.6196298669146927
pb4,run07.json,Score_C,AS-SQD,C,600,1.0,0.001,42.55250906944275,-7848.5704824948925,1.461050700384476,-7849.514403663072,0.5171295322052174,-7850.02832705896,0.0032061363172033452,-7850.03134333447,0.00018986080704053165,-7850.0314063254245,0.000126869852465461,-7850.031479070966,5.412431073636981e-05,-7850.031520808518,1.2386759408400394e-05,-7850.0315279234055,5.27187148691155e-06,-7850.031528641648,4.55362896900624e-06,-7850.031528641648,4.55362896900624e-06,-7850.031528641648,4.55362896900624e-06,-7850.031528641648,4.55362896900624e-06,-7850.031528641648,4.55362896900624e-06,-7850.031528641648,4.55362896900624e-06,-7850.031528641648,4.55362896900624e-06,-7850.031528641648,4.55362896900624e-06,-7850.031528641648,4.55362896900624e-06,-7850.031528641648,4.55362896900624e-06,-7850.031528641648,4.55362896900624e-06,-7850.031528641648,4.55362896900624e-06
pb4,run07.json,Standard_SQD,Standard_SQD,N/A,N/A,N/A,N/A,18.227312326431274,-7850.024762764517,0.006770430760298041,-7850.027755703371,0.0037774919055664213,-7850.030031154786,0.00150204049077729,-7850.030214151929,0.0013190433483032393,-7850.030997155728,0.0005360395489333314,-7850.031102883641,0.00043031163568230113,-7850.031111285206,0.0004219100710542989,-7850.031244425329,0.0002887699483835604,-7850.031258140905,0.0002750543717411347,-7850.031262120619,0.0002710746575758094,-7850.031283862085,0.00024933319218689576,-7850.0313087473905,0.00022444788646680536,-7850.031318250173,0.00021494510383490706,-7850.031318250173,0.00021494510383490706,-7850.031318250173,0.00021494510383490706,-7850.031318250173,0.00021494510383490706,-7850.031318250173,0.00021494510383490706,-7850.031318250173,0.00021494510383490706,-7850.031318250173,0.00021494510383490706,-7850.031318250173,0.00021494510383490706
pb4,run07.json,gamma_0.1,AS-SQD,ABC,600,0.1,0.001,37.57762813568115,-7848.5704824948925,1.461050700384476,-7849.361164721675,0.6703684736021387,-7849.483346246696,0.548186948581133,-7850.026705917923,0.004827277353797399,-7850.031287996888,0.00024519838916603476,-7850.031326947847,0.0002062474295598804,-7850.031361565465,0.00017162981203000527,-7850.0314034822795,0.000129712997477327,-7850.031510474053,2.2721224013366736e-05,-7850.031528127936,5.067340680398047e-06,-7850.031528127936,5.067340680398047e-06,-7850.031528127936,5.067340680398047e-06,-7850.031528127936,5.067340680398047e-06,-7850.031528127936,5.067340680398047e-06,-7850.031528127936,5.067340680398047e-06,-7850.031528127936,5.067340680398047e-06,-7850.031528127936,5.067340680398047e-06,-7850.031528127936,5.067340680398047e-06,-7850.031528127936,5.067340680398047e-06,-7850.031528127936,5.067340680398047e-06
pb4,run07.json,gamma_5.0,AS-SQD,ABC,600,5.0,0.001,41.238240003585815,-7848.5704824948925,1.461050700384476,-7849.297889861062,0.7336433342152304,-7849.3974503793725,0.6340828159045486,-7849.42931572208,0.6022174731970154,-7850.024869320946,0.006663874331024999,-7850.030433518492,0.001099676785088377,-7850.031272177271,0.0002610180063129519,-7850.0313018170045,0.00023137827247410314,-7850.031387846673,0.00014534860383719206,-7850.0314928648695,4.033040750073269e-05,-7850.0315283493255,4.845951480092481e-06,-7850.0315283493255,4.845951480092481e-06,-7850.0315283493255,4.845951480092481e-06,-7850.0315283493255,4.845951480092481e-06,-7850.0315283493255,4.845951480092481e-06,-7850.0315283493255,4.845951480092481e-06,-7850.0315283493255,4.845951480092481e-06,-7850.0315283493255,4.845951480092481e-06,-7850.0315283493255,4.845951480092481e-06,-7850.0315283493255,4.845951480092481e-06
pb4,run07.json,tau_dom_0.0001,AS-SQD,ABC,600,1.0,0.0001,45.72215294837952,-7848.5704824948925,1.461050700384476,-7849.344295607444,0.6872375878328967,-7849.486098364983,0.5454348302937433,-7850.0265430099025,0.004990185374481371,-7850.031281603762,0.00025159151482512243,-7850.031324055887,0.00020913938988087466,-7850.031352085289,0.0001811099882615963,-7850.031371069139,0.00016212613809329923,-7850.031387309456,0.0001458858214391512,-7850.031446647019,8.65482579683885e-05,-7850.031456815058,7.638021907041548e-05,-7850.031477636295,5.555898223974509e-05,-7850.0314980678895,3.5127387491229456e-05,-7850.031499341378,3.3853899367386475e-05,-7850.0315012718,3.1923476853989996e-05,-7850.031515849308,1.7345969354209956e-05,-7850.031518118099,1.5077178431965876e-05,-7850.031518737226,1.4458050827670377e-05,-7850.031520255213,1.2940064152644482e-05,-7850.031526463793,6.7314840634935535e-06
pb4,run07.json,tau_dom_0.01,AS-SQD,ABC,600,1.0,0.01,35.24310088157654,-7848.5704824948925,1.461050700384476,-7849.344267010645,0.6872661846318806,-7849.4859909244315,0.5455422708455444,-7850.02603669225,0.00549650302673399,-7850.031274316396,0.0002588788811408449,-7850.031316458739,0.0002167365382774733,-7850.031353597533,0.0001795977441361174,-7850.031399619278,0.00013357599891605787,-7850.031508628584,2.4566693355154712e-05,-7850.03152812098,5.074297405371908e-06,-7850.03152812098,5.074297405371908e-06,-7850.03152812098,5.074297405371908e-06,-7850.03152812098,5.074297405371908e-06,-7850.03152812098,5.074297405371908e-06,-7850.03152812098,5.074297405371908e-06,-7850.03152812098,5.074297405371908e-06,-7850.03152812098,5.074297405371908e-06,-7850.03152812098,5.074297405371908e-06,-7850.03152812098,5.074297405371908e-06,-7850.03152812098,5.074297405371908e-06
pb4,run08.json,B_add_1200,AS-SQD,ABC,1200,1.0,0.001,35.409839153289795,-7848.639345599831,1.3921875954456482,-7850.023614185375,0.007919009902252583,-7850.031210999529,0.00032219574768532766,-7850.031337274243,0.0001959210339919082,-7850.031527996194,5.199082806939259e-06,-7850.031527996194,5.199082806939259e-06,-7850.031527996194,5.199082806939259e-06,-7850.031527996194,5.199082806939259e-06,-7850.031527996194,5.199082806939259e-06,-7850.031527996194,5.199082806939259e-06,-7850.031527996194,5.199082806939259e-06,-7850.031527996194,5.199082806939259e-06,-7850.031527996194,5.199082806939259e-06,-7850.031527996194,5.199082806939259e-06,-7850.031527996194,5.199082806939259e-06,-7850.031527996194,5.199082806939259e-06,-7850.031527996194,5.199082806939259e-06,-7850.031527996194,5.199082806939259e-06,-7850.031527996194,5.199082806939259e-06,-7850.031527996194,5.199082806939259e-06
pb4,run08.json,B_add_200,AS-SQD,ABC,200,1.0,0.001,19.369065046310425,-7848.639345599831,1.3921875954456482,-7849.45202767408,0.5795055211965519,-7850.024260660256,0.007272535021002113,-7850.028395903503,0.0031372917737826356,-7850.0303865656215,0.0011466296555227018,-7850.031139910239,0.00039328503771685064,-7850.031151213781,0.0003819814955932088,-7850.031171043307,0.00036215196996636223,-7850.031187974855,0.00034522042187745683,-7850.031200444815,0.00033275046189373825,-7850.031217723866,0.00031547141134069534,-7850.031247457485,0.00028573779218277195,-7850.031263832843,0.00026936243375530466,-7850.031305933829,0.0002272614483445068,-7850.031338335407,0.0001948598701346782,-7850.0313748750805,0.0001583201965331682,-7850.0314167787765,0.00011641650053206831,-7850.031483899482,4.9295795179205015e-05,-7850.031527766621,5.428655640571378e-06,-7850.031527766621,5.428655640571378e-06
pb4,run08.json,Proposed_Baseline(ABC),AS-SQD,ABC,600,1.0,0.001,32.69485807418823,-7848.639345599831,1.3921875954456482,-7849.473013693719,0.558519501558294,-7850.024484707501,0.007048487776046386,-7850.0311910969385,0.0003420983384785359,-7850.031218512008,0.00031468326869799057,-7850.031260090049,0.0002731052281887969,-7850.031364163181,0.0001690320959824021,-7850.0314887077,4.448757681529969e-05,-7850.031527849354,5.345923455024604e-06,-7850.031527849354,5.345923455024604e-06,-7850.031527849354,5.345923455024604e-06,-7850.031527849354,5.345923455024604e-06,-7850.031527849354,5.345923455024604e-06,-7850.031527849354,5.345923455024604e-06,-7850.031527849354,5.345923455024604e-06,-7850.031527849354,5.345923455024604e-06,-7850.031527849354,5.345923455024604e-06,-7850.031527849354,5.345923455024604e-06,-7850.031527849354,5.345923455024604e-06,-7850.031527849354,5.345923455024604e-06
pb4,run08.json,Score_A,AS-SQD,A,600,1.0,0.001,29.204386234283447,-7848.639345599831,1.3921875954456482,-7850.023084546907,0.00844864837017667,-7850.031151212212,0.0003819830653810641,-7850.031198243505,0.0003349517719470896,-7850.031245433221,0.00028776205635949736,-7850.031329848828,0.00020334644887043396,-7850.031475539631,5.7655645832710434e-05,-7850.0315278278795,5.367397534428164e-06,-7850.0315278278795,5.367397534428164e-06,-7850.0315278278795,5.367397534428164e-06,-7850.0315278278795,5.367397534428164e-06,-7850.0315278278795,5.367397534428164e-06,-7850.0315278278795,5.367397534428164e-06,-7850.0315278278795,5.367397534428164e-06,-7850.0315278278795,5.367397534428164e-06,-7850.0315278278795,5.367397534428164e-06,-7850.0315278278795,5.367397534428164e-06,-7850.0315278278795,5.367397534428164e-06,-7850.0315278278795,5.367397534428164e-06,-7850.0315278278795,5.367397534428164e-06
pb4,run08.json,Score_AB,AS-SQD,AB,600,1.0,0.001,32.782058000564575,-7848.639345599831,1.3921875954456482,-7849.473013693719,0.558519501558294,-7850.024484707501,0.007048487776046386,-7850.0311910969385,0.0003420983384785359,-7850.031218512008,0.00031468326869799057,-7850.031260090049,0.0002731052281887969,-7850.031364163181,0.0001690320959824021,-7850.0314887077,4.448757681529969e-05,-7850.031527849354,5.345923455024604e-06,-7850.031527849354,5.345923455024604e-06,-7850.031527849354,5.345923455024604e-06,-7850.031527849354,5.345923455024604e-06,-7850.031527849354,5.345923455024604e-06,-7850.031527849354,5.345923455024604e-06,-7850.031527849354,5.345923455024604e-06,-7850.031527849354,5.345923455024604e-06,-7850.031527849354,5.345923455024604e-06,-7850.031527849354,5.345923455024604e-06,-7850.031527849354,5.345923455024604e-06,-7850.031527849354,5.345923455024604e-06
pb4,run08.json,Score_AC,AS-SQD,AC,600,1.0,0.001,29.685944080352783,-7848.639345599831,1.3921875954456482,-7850.023084546907,0.00844864837017667,-7850.031151212212,0.0003819830653810641,-7850.031198243505,0.0003349517719470896,-7850.031245433221,0.00028776205635949736,-7850.031329848828,0.00020334644887043396,-7850.031475539631,5.7655645832710434e-05,-7850.0315278278795,5.367397534428164e-06,-7850.0315278278795,5.367397534428164e-06,-7850.0315278278795,5.367397534428164e-06,-7850.0315278278795,5.367397534428164e-06,-7850.0315278278795,5.367397534428164e-06,-7850.0315278278795,5.367397534428164e-06,-7850.0315278278795,5.367397534428164e-06,-7850.0315278278795,5.367397534428164e-06,-7850.0315278278795,5.367397534428164e-06,-7850.0315278278795,5.367397534428164e-06,-7850.0315278278795,5.367397534428164e-06,-7850.0315278278795,5.367397534428164e-06,-7850.0315278278795,5.367397534428164e-06
pb4,run08.json,Score_B,AS-SQD,B,600,1.0,0.001,228.7525188922882,-7848.639345599831,1.3921875954456482,-7849.319346422688,0.7121867725891207,-7849.458492686371,0.5730405089061605,-7849.459094797517,0.5724383977603793,-7849.464668375953,0.5668648193241097,-7849.46497731279,0.5665558824866821,-7849.5016138491355,0.5299193461414688,-7849.50171541459,0.5298177806871536,-7849.501951814737,0.5295813805396392,-7849.503585480974,0.5279477143030817,-7849.503755493436,0.5277777018409324,-7849.503914658689,0.5276185365883066,-7849.504270142816,0.5272630524614215,-7849.409174255524,0.6223589397532123,-7849.409174255524,0.6223589397532123,-7849.409174255524,0.6223589397532123,-7849.397732898239,0.6338002970378511,-7849.427159015889,0.6043741793882873,-7849.427159015889,0.6043741793882873,-7849.506020002214,0.5255131930625794
pb4,run08.json,Score_BC,AS-SQD,BC,600,1.0,0.001,228.58492279052734,-7848.639345599831,1.3921875954456482,-7849.319346422688,0.7121867725891207,-7849.458492686371,0.5730405089061605,-7849.459094797517,0.5724383977603793,-7849.464668375953,0.5668648193241097,-7849.46497731279,0.5665558824866821,-7849.5016138491355,0.5299193461414688,-7849.50171541459,0.5298177806871536,-7849.501951814737,0.5295813805396392,-7849.503585480974,0.5279477143030817,-7849.503755493436,0.5277777018409324,-7849.503914658689,0.5276185365883066,-7849.504270142816,0.5272630524614215,-7849.409174255524,0.6223589397532123,-7849.409174255524,0.6223589397532123,-7849.409174255524,0.6223589397532123,-7849.397732898239,0.6338002970378511,-7849.427159015889,0.6043741793882873,-7849.427159015889,0.6043741793882873,-7849.506020002214,0.5255131930625794
pb4,run08.json,Score_C,AS-SQD,C,600,1.0,0.001,42.182551860809326,-7848.639345599831,1.3921875954456482,-7849.452940769686,0.5785924255906139,-7850.026389949023,0.005143246254192491,-7850.031259036057,0.0002741592197708087,-7850.031304908388,0.00022828688906884054,-7850.031475431723,5.7763553741096985e-05,-7850.031521863498,1.1331779205647763e-05,-7850.031526701834,6.493442924693227e-06,-7850.031528346356,4.848920980293769e-06,-7850.031528346356,4.848920980293769e-06,-7850.031528346356,4.848920980293769e-06,-7850.031528346356,4.848920980293769e-06,-7850.031528346356,4.848920980293769e-06,-7850.031528346356,4.848920980293769e-06,-7850.031528346356,4.848920980293769e-06,-7850.031528346356,4.848920980293769e-06,-7850.031528346356,4.848920980293769e-06,-7850.031528346356,4.848920980293769e-06,-7850.031528346356,4.848920980293769e-06,-7850.031528346356,4.848920980293769e-06
pb4,run08.json,Standard_SQD,Standard_SQD,N/A,N/A,N/A,N/A,18.509893894195557,-7850.024809905579,0.00672328969812952,-7850.027244066272,0.004289129004973802,-7850.029186603227,0.002346592050344043,-7850.030319264205,0.0012139310720158392,-7850.030524776615,0.0010084186624226277,-7850.030804992956,0.0007282023207153543,-7850.031080916362,0.00045227891496324446,-7850.031165081852,0.0003681134248836315,-7850.031213763123,0.00031943215435603634,-7850.03124114079,0.00029205448663560674,-7850.031258274601,0.00027492067601997405,-7850.031269275003,0.00026392027393740136,-7850.031286797262,0.00024639801540615736,-7850.031286797262,0.00024639801540615736,-7850.031286797262,0.00024639801540615736,-7850.031286797262,0.00024639801540615736,-7850.031286797262,0.00024639801540615736,-7850.031286797262,0.00024639801540615736,-7850.031286797262,0.00024639801540615736,-7850.031286797262,0.00024639801540615736
pb4,run08.json,gamma_0.1,AS-SQD,ABC,600,0.1,0.001,29.649916887283325,-7848.639345599831,1.3921875954456482,-7850.023084547134,0.008448648142802995,-7850.031151217882,0.0003819773946815985,-7850.031199253891,0.0003339413860885543,-7850.031245084983,0.0002881102936953539,-7850.031329732694,0.00020346258315839805,-7850.031475549779,5.764549769082805e-05,-7850.03152783809,5.35718663741136e-06,-7850.03152783809,5.35718663741136e-06,-7850.03152783809,5.35718663741136e-06,-7850.03152783809,5.35718663741136e-06,-7850.03152783809,5.35718663741136e-06,-7850.03152783809,5.35718663741136e-06,-7850.03152783809,5.35718663741136e-06,-7850.03152783809,5.35718663741136e-06,-7850.03152783809,5.35718663741136e-06,-7850.03152783809,5.35718663741136e-06,-7850.03152783809,5.35718663741136e-06,-7850.03152783809,5.35718663741136e-06,-7850.03152783809,5.35718663741136e-06
pb4,run08.json,gamma_5.0,AS-SQD,ABC,600,5.0,0.001,32.86535596847534,-7848.639345599831,1.3921875954456482,-7849.470730924918,0.5608022703590905,-7850.024692576047,0.006840619230388256,-7850.030372523537,0.0011606717398535693,-7850.0312168557375,0.00031633953949494753,-7850.0312516982385,0.0002814970384861226,-7850.031353399927,0.0001797953500499716,-7850.031485981279,4.7213998186634853e-05,-7850.031527893815,5.301461897033732e-06,-7850.031527893815,5.301461897033732e-06,-7850.031527893815,5.301461897033732e-06,-7850.031527893815,5.301461897033732e-06,-7850.031527893815,5.301461897033732e-06,-7850.031527893815,5.301461897033732e-06,-7850.031527893815,5.301461897033732e-06,-7850.031527893815,5.301461897033732e-06,-7850.031527893815,5.301461897033732e-06,-7850.031527893815,5.301461897033732e-06,-7850.031527893815,5.301461897033732e-06,-7850.031527893815,5.301461897033732e-06
pb4,run08.json,tau_dom_0.0001,AS-SQD,ABC,600,1.0,0.0001,40.25659680366516,-7848.639345599831,1.3921875954456482,-7849.473013693719,0.558519501558294,-7850.025079830069,0.006453365207562456,-7850.031191164401,0.00034203087579953717,-7850.0312237464805,0.0003094487965427106,-7850.031259841098,0.000273354178716545,-7850.031295474937,0.00023772034001012798,-7850.0313331784855,0.00020001679149572738,-7850.031386571266,0.00014662401099485578,-7850.031441019775,9.2175501777092e-05,-7850.03146790477,6.529050733661279e-05,-7850.031493383385,3.981189183832612e-05,-7850.03149575167,3.744360674318159e-05,-7850.031497875925,3.531935180944856e-05,-7850.031499429234,3.376604308868991e-05,-7850.031514518831,1.8676446416066028e-05,-7850.0315172713445,1.59239325512317e-05,-7850.031518454583,1.4740693586645648e-05,-7850.031520226171,1.2969106137461495e-05,-7850.0315266564785,6.538798515975941e-06
pb4,run08.json,tau_dom_0.01,AS-SQD,ABC,600,1.0,0.01,32.37794208526611,-7848.639345599831,1.3921875954456482,-7849.473013693719,0.558519501558294,-7850.025489420278,0.006043774998943263,-7850.031198973074,0.0003342222025821684,-7850.031226365315,0.0003068299620281323,-7850.031267051474,0.000266143802946317,-7850.031364163181,0.0001690320959824021,-7850.031491535131,4.166014605289092e-05,-7850.031527849354,5.345923455024604e-06,-7850.031527849354,5.345923455024604e-06,-7850.031527849354,5.345923455024604e-06,-7850.031527849354,5.345923455024604e-06,-7850.031527849354,5.345923455024604e-06,-7850.031527849354,5.345923455024604e-06,-7850.031527849354,5.345923455024604e-06,-7850.031527849354,5.345923455024604e-06,-7850.031527849354,5.345923455024604e-06,-7850.031527849354,5.345923455024604e-06,-7850.031527849354,5.345923455024604e-06,-7850.031527849354,5.345923455024604e-06
pb4,run09.json,B_add_1200,AS-SQD,ABC,1200,1.0,0.001,58.07219076156616,-7848.57932523036,1.4522079649168518,-7849.394755397285,0.6367777979921811,-7850.026224199336,0.005308995941049943,-7850.031322559192,0.00021063608528493205,-7850.031415498842,0.00011769643515435746,-7850.031528800526,4.394751158542931e-06,-7850.031528800526,4.394751158542931e-06,-7850.031528800526,4.394751158542931e-06,-7850.031528800526,4.394751158542931e-06,-7850.031528800526,4.394751158542931e-06,-7850.031528800526,4.394751158542931e-06,-7850.031528800526,4.394751158542931e-06,-7850.031528800526,4.394751158542931e-06,-7850.031528800526,4.394751158542931e-06,-7850.031528800526,4.394751158542931e-06,-7850.031528800526,4.394751158542931e-06,-7850.031528800526,4.394751158542931e-06,-7850.031528800526,4.394751158542931e-06,-7850.031528800526,4.394751158542931e-06,-7850.031528800526,4.394751158542931e-06
pb4,run09.json,B_add_200,AS-SQD,ABC,200,1.0,0.001,38.08110690116882,-7848.57932523036,1.4522079649168518,-7849.285208474558,0.7463247207188033,-7849.366586828439,0.6649463668381941,-7849.397972729809,0.6335604654677809,-7849.398848319292,0.6326848759854329,-7849.422620603325,0.6089125919515936,-7849.467721542147,0.5638116531299602,-7850.025314687681,0.0062185075958041125,-7850.027982162182,0.003551033095391176,-7850.030460837435,0.0010723578416218515,-7850.031217406746,0.0003157885312248254,-7850.031225231524,0.00030796375267527765,-7850.031229593711,0.0003036015659745317,-7850.031245916647,0.0002872786299121799,-7850.0312635207,0.00026967457688442664,-7850.031271382523,0.00026181275370618096,-7850.03128873905,0.0002444562269374728,-7850.03130252183,0.00023067344682203839,-7850.0313451935435,0.00018800173347699456,-7850.031385391567,0.00014780371020606253
pb4,run09.json,Proposed_Baseline(ABC),AS-SQD,ABC,600,1.0,0.001,55.668553829193115,-7848.57932523036,1.4522079649168518,-7849.328971673883,0.7025615213942729,-7849.399768488376,0.6317647069008672,-7849.448904218938,0.5826289763390378,-7850.026294060536,0.0052391347408047295,-7850.031284003307,0.00024919197039707797,-7850.031304495411,0.00022869986605655868,-7850.031332481496,0.00020071378094144166,-7850.031422982244,0.00011021303271263605,-7850.03152854518,4.650097253033891e-06,-7850.03152854518,4.650097253033891e-06,-7850.03152854518,4.650097253033891e-06,-7850.03152854518,4.650097253033891e-06,-7850.03152854518,4.650097253033891e-06,-7850.03152854518,4.650097253033891e-06,-7850.03152854518,4.650097253033891e-06,-7850.03152854518,4.650097253033891e-06,-7850.03152854518,4.650097253033891e-06,-7850.03152854518,4.650097253033891e-06,-7850.03152854518,4.650097253033891e-06
pb4,run09.json,Score_A,AS-SQD,A,600,1.0,0.001,47.91181802749634,-7848.57932523036,1.4522079649168518,-7849.36258472988,0.6689484653970794,-7849.482872575496,0.5486606197810033,-7850.026896006468,0.004637188809283543,-7850.031311939285,0.00022125599207356572,-7850.031341757674,0.0001914376025524689,-7850.031374452637,0.0001587426404512371,-7850.031415339133,0.00011785614424297819,-7850.031510917934,2.2277343305177055e-05,-7850.031528418199,4.777078174811322e-06,-7850.031528418199,4.777078174811322e-06,-7850.031528418199,4.777078174811322e-06,-7850.031528418199,4.777078174811322e-06,-7850.031528418199,4.777078174811322e-06,-7850.031528418199,4.777078174811322e-06,-7850.031528418199,4.777078174811322e-06,-7850.031528418199,4.777078174811322e-06,-7850.031528418199,4.777078174811322e-06,-7850.031528418199,4.777078174811322e-06,-7850.031528418199,4.777078174811322e-06
pb4,run09.json,Score_AB,AS-SQD,AB,600,1.0,0.001,55.76806378364563,-7848.57932523036,1.4522079649168518,-7849.328971673883,0.7025615213942729,-7849.399768488376,0.6317647069008672,-7849.448904218938,0.5826289763390378,-7850.026294060536,0.0052391347408047295,-7850.031284003307,0.00024919197039707797,-7850.031304495411,0.00022869986605655868,-7850.031332481496,0.00020071378094144166,-7850.031422982244,0.00011021303271263605,-7850.03152854518,4.650097253033891e-06,-7850.03152854518,4.650097253033891e-06,-7850.03152854518,4.650097253033891e-06,-7850.03152854518,4.650097253033891e-06,-7850.03152854518,4.650097253033891e-06,-7850.03152854518,4.650097253033891e-06,-7850.03152854518,4.650097253033891e-06,-7850.03152854518,4.650097253033891e-06,-7850.03152854518,4.650097253033891e-06,-7850.03152854518,4.650097253033891e-06,-7850.03152854518,4.650097253033891e-06
pb4,run09.json,Score_AC,AS-SQD,AC,600,1.0,0.001,47.645902156829834,-7848.57932523036,1.4522079649168518,-7849.36258472988,0.6689484653970794,-7849.482872575496,0.5486606197810033,-7850.026896006468,0.004637188809283543,-7850.031311939285,0.00022125599207356572,-7850.031341757674,0.0001914376025524689,-7850.031374452637,0.0001587426404512371,-7850.031415339133,0.00011785614424297819,-7850.031510917934,2.2277343305177055e-05,-7850.031528418199,4.777078174811322e-06,-7850.031528418199,4.777078174811322e-06,-7850.031528418199,4.777078174811322e-06,-7850.031528418199,4.777078174811322e-06,-7850.031528418199,4.777078174811322e-06,-7850.031528418199,4.777078174811322e-06,-7850.031528418199,4.777078174811322e-06,-7850.031528418199,4.777078174811322e-06,-7850.031528418199,4.777078174811322e-06,-7850.031528418199,4.777078174811322e-06,-7850.031528418199,4.777078174811322e-06
pb4,run09.json,Score_B,AS-SQD,B,600,1.0,0.001,129.84769892692566,-7848.57932523036,1.4522079649168518,-7849.363628178289,0.6679050169877883,-7849.363913442749,0.6676197525275711,-7849.364721876261,0.666811319016233,-7849.366052989619,0.6654802056582412,-7849.367616095398,0.6639170998787449,-7849.368752416292,0.6627807789845974,-7849.368885439675,0.6626477556019381,-7849.3880619570755,0.6434712382015277,-7849.388538381372,0.6429948139048065,-7849.3922928364345,0.6392403588424713,-7849.392366932287,0.6391662629903294,-7849.400678486067,0.6308547092103254,-7849.400906714787,0.6306264804898092,-7849.401030085944,0.6305031093334037,-7849.40134929429,0.6301839009865944,-7849.401381998486,0.6301511967913029,-7849.410917745538,0.6206154497385796,-7849.411494595373,0.6200385999036371,-7849.411691706498,0.619841488779457
pb4,run09.json,Score_BC,AS-SQD,BC,600,1.0,0.001,129.88865280151367,-7848.57932523036,1.4522079649168518,-7849.363628134603,0.6679050606744568,-7849.363913398927,0.6676197963497543,-7849.364721876261,0.666811319016233,-7849.366052989619,0.6654802056582412,-7849.367616095398,0.6639170998787449,-7849.368752416292,0.6627807789845974,-7849.368885439675,0.6626477556019381,-7849.3880619570755,0.6434712382015277,-7849.388538381372,0.6429948139048065,-7849.3922928364345,0.6392403588424713,-7849.392366932287,0.6391662629903294,-7849.400678486067,0.6308547092103254,-7849.400906714787,0.6306264804898092,-7849.401030085944,0.6305031093334037,-7849.40134929429,0.6301839009865944,-7849.401381998486,0.6301511967913029,-7849.410917745538,0.6206154497385796,-7849.411494595373,0.6200385999036371,-7849.411691706498,0.619841488779457
pb4,run09.json,Score_C,AS-SQD,C,600,1.0,0.001,46.44281315803528,-7848.57932523036,1.4522079649168518,-7849.482837012618,0.5486961826591141,-7850.027069574562,0.004463620714886929,-7850.031388142835,0.00014505244234896963,-7850.031420703796,0.00011249148064962355,-7850.031491622973,4.157230432610959e-05,-7850.0315209410055,1.2254271496203728e-05,-7850.031528287904,4.907373295282014e-06,-7850.031528786189,4.4090884330216795e-06,-7850.031528786189,4.4090884330216795e-06,-7850.031528786189,4.4090884330216795e-06,-7850.031528786189,4.4090884330216795e-06,-7850.031528786189,4.4090884330216795e-06,-7850.031528786189,4.4090884330216795e-06,-7850.031528786189,4.4090884330216795e-06,-7850.031528786189,4.4090884330216795e-06,-7850.031528786189,4.4090884330216795e-06,-7850.031528786189,4.4090884330216795e-06,-7850.031528786189,4.4090884330216795e-06,-7850.031528786189,4.4090884330216795e-06
pb4,run09.json,Standard_SQD,Standard_SQD,N/A,N/A,N/A,N/A,17.947760820388794,-7850.02396143021,0.0075717650670412695,-7850.027409861023,0.004123334253563371,-7850.029271271306,0.002261923970763746,-7850.030411931378,0.0011212638992219581,-7850.030955968832,0.000577226444875123,-7850.03106639336,0.00046680191735504195,-7850.031136122812,0.0003970724646933377,-7850.031266197394,0.0002669978830454056,-7850.031274035624,0.0002591596530692186,-7850.031295686527,0.00023750874970573932,-7850.03130161744,0.00023157783743954496,-7850.031318882017,0.00021431325967569137,-7850.031334394545,0.00019880073159583844,-7850.031334394545,0.00019880073159583844,-7850.031334394545,0.00019880073159583844,-7850.031334394545,0.00019880073159583844,-7850.031334394545,0.00019880073159583844,-7850.031334394545,0.00019880073159583844,-7850.031334394545,0.00019880073159583844,-7850.031334394545,0.00019880073159583844
pb4,run09.json,gamma_0.1,AS-SQD,ABC,600,0.1,0.001,48.545862913131714,-7848.57932523036,1.4522079649168518,-7849.3625847314715,0.6689484638054637,-7849.482872634894,0.5486605603828139,-7850.026896006573,0.004637188703782158,-7850.031311940101,0.00022125517625681823,-7850.031341758493,0.0001914367840072373,-7850.03137445345,0.0001587418273629737,-7850.031415339887,0.00011785539027187042,-7850.031510918796,2.2276481104199775e-05,-7850.031528419083,4.776194145961199e-06,-7850.031528419083,4.776194145961199e-06,-7850.031528419083,4.776194145961199e-06,-7850.031528419083,4.776194145961199e-06,-7850.031528419083,4.776194145961199e-06,-7850.031528419083,4.776194145961199e-06,-7850.031528419083,4.776194145961199e-06,-7850.031528419083,4.776194145961199e-06,-7850.031528419083,4.776194145961199e-06,-7850.031528419083,4.776194145961199e-06,-7850.031528419083,4.776194145961199e-06
pb4,run09.json,gamma_5.0,AS-SQD,ABC,600,5.0,0.001,51.837103843688965,-7848.57932523036,1.4522079649168518,-7849.328671384007,0.7028618112699405,-7849.3997349423935,0.6317982528835273,-7849.404039160099,0.6274940351777332,-7850.023903745147,0.007629450129570614,-7850.030439013058,0.001094182219276263,-7850.031280829398,0.00025236587862309534,-7850.03130501271,0.00022818256729806308,-7850.031387551834,0.0001456434429201181,-7850.031488362747,4.4832529965788126e-05,-7850.031528573535,4.621741936716717e-06,-7850.031528573535,4.621741936716717e-06,-7850.031528573535,4.621741936716717e-06,-7850.031528573535,4.621741936716717e-06,-7850.031528573535,4.621741936716717e-06,-7850.031528573535,4.621741936716717e-06,-7850.031528573535,4.621741936716717e-06,-7850.031528573535,4.621741936716717e-06,-7850.031528573535,4.621741936716717e-06,-7850.031528573535,4.621741936716717e-06
pb4,run09.json,tau_dom_0.0001,AS-SQD,ABC,600,1.0,0.0001,60.30137300491333,-7848.57932523036,1.4522079649168518,-7849.328958484782,0.7025747104953552,-7849.3997656025895,0.6317675926875381,-7849.445789999795,0.5857431954818821,-7850.026291207881,0.005241987396402692,-7850.0312836877165,0.00024950756051111966,-7850.031305555948,0.0002276393288411782,-7850.031325038556,0.0002081567208733759,-7850.031350054378,0.00018314089902560227,-7850.031395166724,0.00013802855301037198,-7850.031454721187,7.847408960515168e-05,-7850.031459212619,7.398265825031558e-05,-7850.031484232341,4.8962935579766054e-05,-7850.031511607167,2.1588110030279495e-05,-7850.031512025996,2.116928135365015e-05,-7850.031514842196,1.8353081031818874e-05,-7850.03151496663,1.8228646695206407e-05,-7850.031515854809,1.734046782075893e-05,-7850.0315186691905,1.4526086488331202e-05,-7850.031519798543,1.3396734175330494e-05
pb4,run09.json,tau_dom_0.01,AS-SQD,ABC,600,1.0,0.01,54.703208208084106,-7848.57932523036,1.4522079649168518,-7849.328971673883,0.7025615213942729,-7849.399768488376,0.6317647069008672,-7849.442140951847,0.5893922434297565,-7850.026083093011,0.005450102265967871,-7850.0312795994405,0.00025359583651152207,-7850.031300052617,0.00023314266036322806,-7850.031326875883,0.0002063193942376529,-7850.03141875021,0.00011444506708357949,-7850.031528546074,4.6492032197420485e-06,-7850.031528546074,4.6492032197420485e-06,-7850.031528546074,4.6492032197420485e-06,-7850.031528546074,4.6492032197420485e-06,-7850.031528546074,4.6492032197420485e-06,-7850.031528546074,4.6492032197420485e-06,-7850.031528546074,4.6492032197420485e-06,-7850.031528546074,4.6492032197420485e-06,-7850.031528546074,4.6492032197420485e-06,-7850.031528546074,4.6492032197420485e-06,-7850.031528546074,4.6492032197420485e-06
pb4,run10.json,B_add_1200,AS-SQD,ABC,1200,1.0,0.001,41.312036991119385,-7848.553117552849,1.4784156424284447,-7849.391329722463,0.6402034728143917,-7850.026065037146,0.005468158131407108,-7850.031289291715,0.00024390356156800408,-7850.031408414531,0.0001247807458639727,-7850.03152826372,4.931556759402156e-06,-7850.03152826372,4.931556759402156e-06,-7850.03152826372,4.931556759402156e-06,-7850.03152826372,4.931556759402156e-06,-7850.03152826372,4.931556759402156e-06,-7850.03152826372,4.931556759402156e-06,-7850.03152826372,4.931556759402156e-06,-7850.03152826372,4.931556759402156e-06,-7850.03152826372,4.931556759402156e-06,-7850.03152826372,4.931556759402156e-06,-7850.03152826372,4.931556759402156e-06,-7850.03152826372,4.931556759402156e-06,-7850.03152826372,4.931556759402156e-06,-7850.03152826372,4.931556759402156e-06,-7850.03152826372,4.931556759402156e-06
pb4,run10.json,B_add_200,AS-SQD,ABC,200,1.0,0.001,21.00812292098999,-7848.553117552849,1.4784156424284447,-7849.22286780247,0.808665392806688,-7849.293468961828,0.7380642334492222,-7849.304126692897,0.7274065023802905,-7850.022104945286,0.009428249991287885,-7850.027325846371,0.004207348905765684,-7850.030338567247,0.0011946280301344814,-7850.031173780972,0.00035941430542152375,-7850.031182199949,0.00035099532760796137,-7850.031197876396,0.0003353188812980079,-7850.031215990211,0.00031720506558485795,-7850.031230179949,0.0003030153284271364,-7850.031239689721,0.000293505556328455,-7850.031261399057,0.0002717962197493762,-7850.031279490211,0.0002537050659157103,-7850.03131622444,0.00021697083684557583,-7850.031346793627,0.00018640165035321843,-7850.031379966282,0.00015322899525926914,-7850.031418948861,0.00011424641616031295,-7850.031487739218,4.5456058614945505e-05
pb4,run10.json,Proposed_Baseline(ABC),AS-SQD,ABC,600,1.0,0.001,35.187299966812134,-7848.553117552849,1.4784156424284447,-7849.307774451268,0.7237587440085917,-7849.447806193543,0.5837270017336778,-7850.026177924432,0.005355270845029736,-7850.031243376798,0.00028981847935938276,-7850.03127979065,0.00025340462707390543,-7850.031324238821,0.00020895645593554946,-7850.031391754782,0.00014144049509923207,-7850.031511002484,2.2192793039721437e-05,-7850.031528115407,5.079869879409671e-06,-7850.031528115407,5.079869879409671e-06,-7850.031528115407,5.079869879409671e-06,-7850.031528115407,5.079869879409671e-06,-7850.031528115407,5.079869879409671e-06,-7850.031528115407,5.079869879409671e-06,-7850.031528115407,5.079869879409671e-06,-7850.031528115407,5.079869879409671e-06,-7850.031528115407,5.079869879409671e-06,-7850.031528115407,5.079869879409671e-06,-7850.031528115407,5.079869879409671e-06
pb4,run10.json,Score_A,AS-SQD,A,600,1.0,0.001,32.906150817871094,-7848.553117552849,1.4784156424284447,-7849.307760694404,0.7237725008726557,-7850.023388439862,0.008144755414832616,-7850.031215137599,0.0003180576777594979,-7850.0312644153655,0.0002687799114937661,-7850.031302134349,0.00023106092794478172,-7850.031359993108,0.00017320216920779785,-7850.03148697524,4.622003689291887e-05,-7850.031528087265,5.1080123739666305e-06,-7850.031528087265,5.1080123739666305e-06,-7850.031528087265,5.1080123739666305e-06,-7850.031528087265,5.1080123739666305e-06,-7850.031528087265,5.1080123739666305e-06,-7850.031528087265,5.1080123739666305e-06,-7850.031528087265,5.1080123739666305e-06,-7850.031528087265,5.1080123739666305e-06,-7850.031528087265,5.1080123739666305e-06,-7850.031528087265,5.1080123739666305e-06,-7850.031528087265,5.1080123739666305e-06,-7850.031528087265,5.1080123739666305e-06
pb4,run10.json,Score_AB,AS-SQD,AB,600,1.0,0.001,35.12208580970764,-7848.553117552849,1.4784156424284447,-7849.307774451212,0.7237587440649804,-7849.447805762424,0.5837274328532658,-7850.026177062176,0.005356133100576699,-7850.031242523739,0.0002906715380959213,-7850.031278808161,0.00025438711600145325,-7850.03132424098,0.00020895429679512745,-7850.031391757062,0.00014143821499601472,-7850.031511004866,2.2190411073097493e-05,-7850.031528117784,5.077493369753938e-06,-7850.031528117784,5.077493369753938e-06,-7850.031528117784,5.077493369753938e-06,-7850.031528117784,5.077493369753938e-06,-7850.031528117784,5.077493369753938e-06,-7850.031528117784,5.077493369753938e-06,-7850.031528117784,5.077493369753938e-06,-7850.031528117784,5.077493369753938e-06,-7850.031528117784,5.077493369753938e-06,-7850.031528117784,5.077493369753938e-06,-7850.031528117784,5.077493369753938e-06
pb4,run10.json,Score_AC,AS-SQD,AC,600,1.0,0.001,32.945478200912476,-7848.553117552849,1.4784156424284447,-7849.307760695895,0.7237724993819938,-7850.023388089962,0.008145105314724788,-7850.031215739985,0.00031745529213367263,-7850.031265138954,0.0002680563229660038,-7850.031302134351,0.00023106092612579232,-7850.03135999311,0.00017320216738880845,-7850.031486975243,4.6220034164434765e-05,-7850.031528087267,5.108009645482525e-06,-7850.031528087267,5.108009645482525e-06,-7850.031528087267,5.108009645482525e-06,-7850.031528087267,5.108009645482525e-06,-7850.031528087267,5.108009645482525e-06,-7850.031528087267,5.108009645482525e-06,-7850.031528087267,5.108009645482525e-06,-7850.031528087267,5.108009645482525e-06,-7850.031528087267,5.108009645482525e-06,-7850.031528087267,5.108009645482525e-06,-7850.031528087267,5.108009645482525e-06,-7850.031528087267,5.108009645482525e-06
pb4,run10.json,Score_B,AS-SQD,B,600,1.0,0.001,111.78308725357056,-7848.553117552849,1.4784156424284447,-7849.355025432956,0.6765077623213074,-7849.355779505338,0.6757536899385741,-7849.359908359685,0.6716248355924108,-7849.36273306153,0.6688001337470268,-7849.362893948919,0.6686392463579978,-7849.372556543251,0.658976652025558,-7849.372961740684,0.6585714545926749,-7849.384506689611,0.6470265056659628,-7849.386629618348,0.6449035769292095,-7849.387592432032,0.6439407632451548,-7849.397202061994,0.6343311332830126,-7849.397370317762,0.6341628775153367,-7849.400833925334,0.630699269942852,-7849.400963866798,0.6305693284793961,-7849.400968636617,0.6305645586598985,-7849.401347327097,0.6301858681799786,-7849.402075880079,0.629457315198124,-7849.4109166514,0.6206165438770768,-7849.411644243235,0.619888952041947
pb4,run10.json,Score_BC,AS-SQD,BC,600,1.0,0.001,112.4476957321167,-7848.553117552849,1.4784156424284447,-7849.355025432956,0.6765077623213074,-7849.355779505338,0.6757536899385741,-7849.359908359685,0.6716248355924108,-7849.36273306153,0.6688001337470268,-7849.362893948919,0.6686392463579978,-7849.372556543251,0.658976652025558,-7849.372961740684,0.6585714545926749,-7849.384506689611,0.6470265056659628,-7849.386629618348,0.6449035769292095,-7849.387592432032,0.6439407632451548,-7849.397202061994,0.6343311332830126,-7849.397370317762,0.6341628775153367,-7849.400833925334,0.630699269942852,-7849.400963866798,0.6305693284793961,-7849.400968636617,0.6305645586598985,-7849.401347327097,0.6301858681799786,-7849.402075880079,0.629457315198124,-7849.4109166514,0.6206165438770768,-7849.411644243235,0.619888952041947
pb4,run10.json,Score_C,AS-SQD,C,600,1.0,0.001,37.444576025009155,-7848.553117552849,1.4784156424284447,-7849.469720089991,0.5618131052860917,-7850.027083727012,0.004449468265192991,-7850.03131485482,0.0002183404567404068,-7850.031362836331,0.0001703589459793875,-7850.031487284508,4.5910768676549196e-05,-7850.031525577653,7.617623850819655e-06,-7850.031528314978,4.880299456999637e-06,-7850.031528314978,4.880299456999637e-06,-7850.031528314978,4.880299456999637e-06,-7850.031528314978,4.880299456999637e-06,-7850.031528314978,4.880299456999637e-06,-7850.031528314978,4.880299456999637e-06,-7850.031528314978,4.880299456999637e-06,-7850.031528314978,4.880299456999637e-06,-7850.031528314978,4.880299456999637e-06,-7850.031528314978,4.880299456999637e-06,-7850.031528314978,4.880299456999637e-06,-7850.031528314978,4.880299456999637e-06,-7850.031528314978,4.880299456999637e-06
pb4,run10.json,Standard_SQD,Standard_SQD,N/A,N/A,N/A,N/A,29.292995929718018,-7850.025610707401,0.005922487875977822,-7850.0284633637375,0.003069831539505685,-7850.0295514462105,0.0019817490665445803,-7850.030459647007,0.0010735482701420551,-7850.0308231065155,0.0007100887614797102,-7850.030880542328,0.0006526529487018706,-7850.031031097922,0.0005020973549108021,-7850.031211522702,0.000321672575410048,-7850.031230141005,0.0003030542720807716,-7850.03124572288,0.0002874723968488979,-7850.031272886901,0.0002603083758003777,-7850.031285602784,0.0002475924929967732,-7850.031296325711,0.00023686956592428032,-7850.031326475907,0.00020671936999860918,-7850.0313299455265,0.00020324975048424676,-7850.031350336613,0.0001828586637202534,-7850.031355400586,0.000177794690898736,-7850.031364375162,0.00016882011459529167,-7850.031364375162,0.00016882011459529167,-7850.031364375162,0.00016882011459529167
pb4,run10.json,gamma_0.1,AS-SQD,ABC,600,0.1,0.001,36.843344926834106,-7848.553117552849,1.4784156424284447,-7849.307760695895,0.7237724993819938,-7850.023388064281,0.008145130996126682,-7850.0312153529485,0.0003178423285135068,-7850.031264694416,0.00026850086123886285,-7850.031302689445,0.00023050583240546985,-7850.03135999311,0.00017320216738880845,-7850.031486975243,4.6220034164434765e-05,-7850.031528087267,5.108009645482525e-06,-7850.031528087267,5.108009645482525e-06,-7850.031528087267,5.108009645482525e-06,-7850.031528087267,5.108009645482525e-06,-7850.031528087267,5.108009645482525e-06,-7850.031528087267,5.108009645482525e-06,-7850.031528087267,5.108009645482525e-06,-7850.031528087267,5.108009645482525e-06,-7850.031528087267,5.108009645482525e-06,-7850.031528087267,5.108009645482525e-06,-7850.031528087267,5.108009645482525e-06,-7850.031528087267,5.108009645482525e-06
pb4,run10.json,gamma_5.0,AS-SQD,ABC,600,5.0,0.001,36.19531202316284,-7848.553117552849,1.4784156424284447,-7849.2518713410245,0.7796618542524811,-7849.294090700617,0.7374424946601721,-7850.022964855938,0.008568339339035447,-7850.0303942566115,0.0011389386654627742,-7850.03124551795,0.0002876773269235855,-7850.031281421874,0.0002517734028515406,-7850.031357262652,0.00017593262509763008,-7850.031487624732,4.557054489850998e-05,-7850.031528027224,5.16805266670417e-06,-7850.031528027224,5.16805266670417e-06,-7850.031528027224,5.16805266670417e-06,-7850.031528027224,5.16805266670417e-06,-7850.031528027224,5.16805266670417e-06,-7850.031528027224,5.16805266670417e-06,-7850.031528027224,5.16805266670417e-06,-7850.031528027224,5.16805266670417e-06,-7850.031528027224,5.16805266670417e-06,-7850.031528027224,5.16805266670417e-06,-7850.031528027224,5.16805266670417e-06
pb4,run10.json,tau_dom_0.0001,AS-SQD,ABC,600,1.0,0.0001,43.43093800544739,-7848.553117552849,1.4784156424284447,-7849.307774451268,0.7237587440085917,-7849.447809160034,0.5837240352429944,-7850.026177895519,0.005355299757866305,-7850.031242961287,0.00029023399019934004,-7850.031281242834,0.0002519524432500475,-7850.031310114718,0.00022308055940811755,-7850.031345556865,0.00018763841217150912,-7850.0313592385555,0.00017395672148268204,-7850.031419237564,0.00011395771343813976,-7850.031446366079,8.682919815328205e-05,-7850.031470071479,6.31237980996957e-05,-7850.0314972632095,3.593206747609656e-05,-7850.031497670942,3.552433463482885e-05,-7850.031500376437,3.2818839827086776e-05,-7850.031500645445,3.2549832212680485e-05,-7850.031517191263,1.6004013559722807e-05,-7850.031518345263,1.4850013940304052e-05,-7850.031519385315,1.3809962183586322e-05,-7850.03152071419,1.2481086741900072e-05
pb4,run10.json,tau_dom_0.01,AS-SQD,ABC,600,1.0,0.01,35.59731197357178,-7848.553117552849,1.4784156424284447,-7849.307760521901,0.7237726733756062,-7849.447814120948,0.5837190743286556,-7850.02652551867,0.005007676607419853,-7850.031238167453,0.0002950278239950421,-7850.031274713089,0.0002584821877462673,-7850.031319779612,0.00021341566480259644,-7850.031391761848,0.000141433429234894,-7850.031511009881,2.2185396119311918e-05,-7850.031528122834,5.072442945674993e-06,-7850.031528122834,5.072442945674993e-06,-7850.031528122834,5.072442945674993e-06,-7850.031528122834,5.072442945674993e-06,-7850.031528122834,5.072442945674993e-06,-7850.031528122834,5.072442945674993e-06,-7850.031528122834,5.072442945674993e-06,-7850.031528122834,5.072442945674993e-06,-7850.031528122834,5.072442945674993e-06,-7850.031528122834,5.072442945674993e-06,-7850.031528122834,5.072442945674993e-06
